match_id,season,date,team1,team2,winner,toss_winner,toss_decision,venue,city,win_by_runs,win_by_wickets,player_of_match,team1_runs,team1_wickets,team2_runs,team2_wickets,result_type,match_referee,umpire1,umpire2,tv_umpire,reserve_umpire,overs_limit,team1_players,team2_players,source_season
2008_0,2008.0,2008-04-18,Royal Challengers Bengaluru,Kolkata Knight Riders,Kolkata Knight Riders,Royal Challengers Bengaluru,field,M Chinnaswamy Stadium,Bangalore,140,0,BB McCullum,82,10,222,3,complete,J Srinath,Asad Rauf,RE Koertzen,AM Saheba,VN Kulkarni,20,"R Dravid, W Jaffer, V Kohli, JH Kallis, CL White, MV Boucher, B Akhil, AA Noffke, P Kumar, Z Khan, SB Joshi","SC Ganguly, BB McCullum, RT Ponting, DJ Hussey, Mohammad Hafeez, LR Shukla, WP Saha, AB Agarkar, AB Dinda, M Kartik, I Sharma",2008
2008_1,2008.0,2008-04-19,Punjab Kings,Chennai Super Kings,Chennai Super Kings,Chennai Super Kings,bat,"Punjab Cricket Association Stadium, Mohali",Chandigarh,33,0,MEK Hussey,207,4,240,5,complete,S Venkataraghavan,MR Benson,SL Shastri,RB Tiffin,MSS Ranawat,20,"K Goel, JR Hopes, KC Sangakkara, Yuvraj Singh, SM Katich, IK Pathan, P Dharmani, B Lee, PP Chawla, WA Mota, S Sreesanth","PA Patel, ML Hayden, MEK Hussey, MS Dhoni, SK Raina, JDP Oram, S Badrinath, Joginder Sharma, P Amarnath, MS Gony, M Muralitharan",2008
2008_10,2008.0,2008-04-26,Chennai Super Kings,Kolkata Knight Riders,Chennai Super Kings,Kolkata Knight Riders,bat,"MA Chidambaram Stadium, Chepauk",Chennai,0,9,JDP Oram,152,1,147,9,complete,Talat Ali,BF Bowden,AV Jayaprakash,SJ Davis,S Ravi,20,"PA Patel, ML Hayden, MS Dhoni, MEK Hussey, S Badrinath, SK Raina, JDP Oram, Joginder Sharma, P Amarnath, MS Gony, M Muralitharan","SC Ganguly, BB McCullum, RT Ponting, WP Saha, DJ Hussey, Mohammad Hafeez, LR Shukla, AB Agarkar, M Kartik, I Sharma, AB Dinda",2008
2008_11,2008.0,2008-04-26,Royal Challengers Bengaluru,Rajasthan Royals,Rajasthan Royals,Rajasthan Royals,field,M Chinnaswamy Stadium,Bangalore,0,7,SR Watson,135,8,138,3,complete,J Srinath,MR Benson,IL Howell,GA Pratapkumar,SK Tarapore,20,"S Chanderpaul, R Dravid, LRPL Taylor, JH Kallis, V Kohli, MV Boucher, P Kumar, SB Joshi, Z Khan, R Vinay Kumar, A Kumble","GC Smith, M Rawat, YK Pathan, SR Watson, M Kaif, RA Jadeja, D Salunkhe, SK Warne, Sohail Tanvir, SK Trivedi, MM Patel",2008
2008_12,2008.0,2008-04-27,Punjab Kings,Delhi Capitals,Punjab Kings,Delhi Capitals,bat,"Punjab Cricket Association Stadium, Mohali",Chandigarh,0,4,SM Katich,162,6,158,8,complete,FM Engineer,RE Koertzen,I Shivram,Aleem Dar,MS Mahal,20,"K Goel, SM Katich, KC Sangakkara, DPMD Jayawardene, Yuvraj Singh, TM Srivastava, IK Pathan, B Lee, PP Chawla, S Sreesanth, VRV Singh","G Gambhir, V Sehwag, S Dhawan, Shoaib Malik, MK Tiwary, KD Karthik, R Bhatia, MF Maharoof, VY Mahesh, Mohammad Asif, GD McGrath",2008
2008_13,2008.0,2008-04-27,Mumbai Indians,Deccan Chargers,Deccan Chargers,Deccan Chargers,field,Dr DY Patil Sports Academy,Mumbai,0,10,AC Gilchrist,154,7,155,0,complete,S Venkataraghavan,Asad Rauf,SL Shastri,DJ Harper,VD Nerurkar,20,"L Ronchi, ST Jayasuriya, AM Rahane, RV Uthappa, SM Pollock, AM Nayar, DJ Bravo, MA Khote, A Nehra, DS Kulkarni, SD Chitnis","AC Gilchrist, VVS Laxman, A Symonds, RG Sharma, Shahid Afridi, SB Bangar, AS Yadav, RP Singh, PP Ojha, D Kalyankrishna, DNT Zoysa",2008
2008_14,2008.0,2008-04-28,Royal Challengers Bengaluru,Chennai Super Kings,Chennai Super Kings,Chennai Super Kings,bat,M Chinnaswamy Stadium,Bangalore,13,0,MS Dhoni,165,10,178,5,complete,J Srinath,BR Doctrove,RB Tiffin,K Hariharan,Unknown,20,"B Chipli, W Jaffer, LRPL Taylor, JH Kallis, MV Boucher, V Kohli, R Dravid, P Kumar, Z Khan, B Akhil, DW Steyn","PA Patel, ML Hayden, MEK Hussey, SK Raina, MS Dhoni, JDP Oram, S Badrinath, JA Morkel, Joginder Sharma, P Amarnath, MS Gony",2008
2008_15,2008.0,2008-04-29,Kolkata Knight Riders,Mumbai Indians,Mumbai Indians,Kolkata Knight Riders,bat,Eden Gardens,Kolkata,0,7,ST Jayasuriya,137,8,138,3,complete,S Venkataraghavan,BF Bowden,AV Jayaprakash,MR Benson,SK Porel,20,"BB McCullum, SC Ganguly, RT Ponting, DB Das, DJ Hussey, Mohammad Hafeez, LR Shukla, AB Agarkar, M Kartik, I Sharma, AB Dinda","AM Rahane, ST Jayasuriya, MK Pandey, RV Uthappa, DJ Bravo, SM Pollock, AM Nayar, A Nehra, DS Kulkarni, CRD Fernando, PR Shah",2008
2008_16,2008.0,2008-04-30,Delhi Capitals,Royal Challengers Bengaluru,Delhi Capitals,Royal Challengers Bengaluru,field,Feroz Shah Kotla,Delhi,10,0,GD McGrath,191,5,181,5,complete,CH Lloyd,Aleem Dar,I Shivram,IL Howell,AK Chaudhary,20,"G Gambhir, V Sehwag, S Dhawan, Shoaib Malik, KD Karthik, MK Tiwary, R Bhatia, DL Vettori, Mohammad Asif, VY Mahesh, GD McGrath","P Kumar, W Jaffer, LRPL Taylor, JH Kallis, R Dravid, MV Boucher, V Kohli, Z Khan, DW Steyn, R Vinay Kumar, SB Joshi",2008
2008_17,2008.0,2008-05-01,Rajasthan Royals,Kolkata Knight Riders,Rajasthan Royals,Rajasthan Royals,bat,Sawai Mansingh Stadium,Jaipur,45,0,SA Asnodkar,196,7,151,10,complete,FM Engineer,RE Koertzen,GA Pratapkumar,Asad Rauf,MSS Ranawat,20,"GC Smith, SA Asnodkar, M Kaif, YK Pathan, SR Watson, RA Jadeja, SK Warne, Sohail Tanvir, M Rawat, SK Trivedi, MM Patel","Salman Butt, SC Ganguly, AB Agarkar, BJ Hodge, DJ Hussey, LR Shukla, DB Das, WP Saha, Umar Gul, I Sharma, AB Dinda",2008
2008_18,2008.0,2008-05-01,Deccan Chargers,Punjab Kings,Punjab Kings,Punjab Kings,field,"Rajiv Gandhi International Stadium, Uppal",Hyderabad,0,7,SE Marsh,164,8,167,3,complete,Talat Ali,BR Doctrove,RB Tiffin,SJ Davis,C Shamshuddin,20,"AC Gilchrist, VVS Laxman, HH Gibbs, RG Sharma, Shahid Afridi, Y Venugopal Rao, SB Bangar, DNT Zoysa, D Kalyankrishna, RP Singh, PP Ojha","SE Marsh, RR Sarwan, KC Sangakkara, Yuvraj Singh, DPMD Jayawardene, K Goel, IK Pathan, PP Chawla, S Sreesanth, VRV Singh, Gagandeep Singh",2008
2008_19,2008.0,2008-05-02,Chennai Super Kings,Delhi Capitals,Delhi Capitals,Chennai Super Kings,bat,"MA Chidambaram Stadium, Chepauk",Chennai,0,8,V Sehwag,169,6,172,2,complete,S Venkataraghavan,BF Bowden,K Hariharan,MR Benson,S Ravi,20,"PA Patel, SP Fleming, S Vidyut, MS Dhoni, JA Morkel, SK Raina, S Badrinath, Joginder Sharma, M Ntini, MS Gony, M Muralitharan","G Gambhir, V Sehwag, AB de Villiers, S Dhawan, Shoaib Malik, KD Karthik, R Bhatia, VY Mahesh, GD McGrath, PJ Sangwan, Mohammad Asif",2008
2008_2,2008.0,2008-04-19,Delhi Capitals,Rajasthan Royals,Delhi Capitals,Rajasthan Royals,bat,Feroz Shah Kotla,Delhi,0,9,MF Maharoof,132,1,129,8,complete,GR Viswanath,Aleem Dar,GA Pratapkumar,IL Howell,Unknown,20,"G Gambhir, V Sehwag, S Dhawan, MK Tiwary, KD Karthik, R Bhatia, M Manhas, DL Vettori, MF Maharoof, B Geeves, GD McGrath","T Kohli, YK Pathan, SR Watson, M Kaif, DS Lehmann, RA Jadeja, M Rawat, D Salunkhe, SK Warne, SK Trivedi, MM Patel",2008
2008_20,2008.0,2008-05-03,Punjab Kings,Kolkata Knight Riders,Punjab Kings,Punjab Kings,bat,"Punjab Cricket Association Stadium, Mohali",Chandigarh,9,0,IK Pathan,178,6,169,6,complete,CH Lloyd,DJ Harper,I Shivram,SJ Davis,MS Mahal,20,"SE Marsh, JR Hopes, KC Sangakkara, Yuvraj Singh, DPMD Jayawardene, K Goel, IK Pathan, PP Chawla, S Sreesanth, VRV Singh, Gagandeep Singh","Mohammad Hafeez, SC Ganguly, DB Das, BJ Hodge, DJ Hussey, LR Shukla, WP Saha, AB Agarkar, Umar Gul, I Sharma, AB Dinda",2008
2008_21,2008.0,2008-05-03,Royal Challengers Bengaluru,Deccan Chargers,Royal Challengers Bengaluru,Deccan Chargers,field,M Chinnaswamy Stadium,Bangalore,3,0,P Kumar,156,8,153,6,complete,Talat Ali,BR Doctrove,SL Shastri,SK Tarapore,CK Nandan,20,"B Chipli, W Jaffer, V Kohli, JH Kallis, Misbah-ul-Haq, R Dravid, MV Boucher, P Kumar, Z Khan, DW Steyn, A Kumble","AC Gilchrist, VVS Laxman, HH Gibbs, RG Sharma, Shahid Afridi, SB Styris, AS Yadav, SB Bangar, RP Singh, DP Vijaykumar, PP Ojha",2008
2008_22,2008.0,2008-05-04,Mumbai Indians,Delhi Capitals,Mumbai Indians,Delhi Capitals,field,Dr DY Patil Sports Academy,Mumbai,29,0,SM Pollock,162,8,133,10,complete,J Srinath,IL Howell,RE Koertzen,BF Bowden,UL Dubey,20,"YV Takawale, ST Jayasuriya, DJ Thornely, RV Uthappa, DJ Bravo, AM Nayar, SM Pollock, SS Tiwary, RR Raje, A Nehra, DS Kulkarni","G Gambhir, V Sehwag, S Dhawan, AB de Villiers, Shoaib Malik, KD Karthik, R Bhatia, PJ Sangwan, VY Mahesh, Mohammad Asif, GD McGrath",2008
2008_23,2008.0,2008-05-04,Rajasthan Royals,Chennai Super Kings,Rajasthan Royals,Chennai Super Kings,bat,Sawai Mansingh Stadium,Jaipur,0,8,Sohail Tanvir,110,2,109,10,complete,FM Engineer,Asad Rauf,AV Jayaprakash,Aleem Dar,MSS Ranawat,20,"GC Smith, SA Asnodkar, YK Pathan, SR Watson, M Rawat, M Kaif, RA Jadeja, SK Warne, Sohail Tanvir, SK Trivedi, MM Patel","PA Patel, SP Fleming, S Vidyut, SK Raina, S Badrinath, MS Dhoni, JA Morkel, Joginder Sharma, MS Gony, M Muralitharan, M Ntini",2008
2008_24,2008.0,2008-05-05,Royal Challengers Bengaluru,Punjab Kings,Punjab Kings,Punjab Kings,field,M Chinnaswamy Stadium,Bangalore,0,6,S Sreesanth,126,10,127,4,complete,CH Lloyd,SJ Davis,BR Doctrove,SL Shastri,SK Tarapore,20,"W Jaffer, V Kohli, CL White, JH Kallis, R Dravid, Misbah-ul-Haq, P Kumar, DT Patil, Z Khan, A Kumble, DW Steyn","SE Marsh, JR Hopes, RR Sarwan, Yuvraj Singh, DPMD Jayawardene, IK Pathan, PP Chawla, U Kaul, Gagandeep Singh, S Sreesanth, VRV Singh",2008
2008_25,2008.0,2008-05-06,Chennai Super Kings,Deccan Chargers,Deccan Chargers,Deccan Chargers,field,"MA Chidambaram Stadium, Chepauk",Chennai,0,7,AC Gilchrist,144,7,148,3,complete,J Srinath,MR Benson,RB Tiffin,S Ravi,K Srinivasan,20,"PA Patel, SP Fleming, S Anirudha, SK Raina, S Badrinath, MS Dhoni, JA Morkel, Joginder Sharma, MS Gony, M Ntini, M Muralitharan","AC Gilchrist, HH Gibbs, SB Styris, RG Sharma, Shahid Afridi, Y Venugopal Rao, SB Bangar, AS Yadav, RP Singh, DP Vijaykumar, PP Ojha",2008
2008_26,2008.0,2008-05-07,Mumbai Indians,Rajasthan Royals,Mumbai Indians,Mumbai Indians,field,Dr DY Patil Sports Academy,Mumbai,0,7,A Nehra,104,3,103,10,complete,Talat Ali,DJ Harper,RE Koertzen,BF Bowden,UL Dubey,20,"YV Takawale, ST Jayasuriya, RV Uthappa, DJ Bravo, AM Nayar, DJ Thornely, SM Pollock, SS Tiwary, RR Raje, A Nehra, DS Kulkarni","GC Smith, SA Asnodkar, YK Pathan, SR Watson, M Kaif, RA Jadeja, SK Warne, Sohail Tanvir, M Rawat, SK Trivedi, MM Patel",2008
2008_27,2008.0,2008-05-08,Kolkata Knight Riders,Royal Challengers Bengaluru,Kolkata Knight Riders,Kolkata Knight Riders,bat,Eden Gardens,Kolkata,5,0,SC Ganguly,129,7,124,4,complete,FM Engineer,Asad Rauf,IL Howell,BR Doctrove,Unknown,20,"A Chopra, BJ Hodge, SC Ganguly, DJ Hussey, T Taibu, LR Shukla, WP Saha, M Kartik, Umar Gul, I Sharma, AB Dinda","J Arunkumar, S Chanderpaul, MV Boucher, R Dravid, CL White, P Kumar, R Vinay Kumar, V Kohli, Z Khan, A Kumble, DW Steyn",2008
2008_28,2008.0,2008-05-08,Delhi Capitals,Chennai Super Kings,Chennai Super Kings,Chennai Super Kings,field,Feroz Shah Kotla,Delhi,0,4,MS Dhoni,187,5,188,6,complete,CH Lloyd,Aleem Dar,RB Tiffin,K Hariharan,Unknown,20,"G Gambhir, V Sehwag, AB de Villiers, S Dhawan, Shoaib Malik, KD Karthik, MK Tiwary, VY Mahesh, GD McGrath, Mohammad Asif, PJ Sangwan","S Vidyut, SP Fleming, MS Dhoni, SK Raina, JA Morkel, CK Kapugedera, S Badrinath, MS Gony, P Amarnath, M Muralitharan, L Balaji",2008
2008_29,2008.0,2008-05-09,Rajasthan Royals,Deccan Chargers,Rajasthan Royals,Rajasthan Royals,field,Sawai Mansingh Stadium,Jaipur,0,8,YK Pathan,141,2,140,8,complete,S Venkataraghavan,MR Benson,AM Saheba,SJ Davis,Unknown,20,"GC Smith, YK Pathan, M Kaif, SR Watson, NK Patel, RA Jadeja, SK Warne, M Rawat, Sohail Tanvir, SK Trivedi, MM Patel","AC Gilchrist, HH Gibbs, SB Styris, RG Sharma, Shahid Afridi, SB Bangar, DB Ravi Teja, Y Venugopal Rao, RP Singh, PP Ojha, DP Vijaykumar",2008
2008_3,2008.0,2008-04-20,Kolkata Knight Riders,Deccan Chargers,Kolkata Knight Riders,Deccan Chargers,bat,Eden Gardens,Kolkata,0,5,DJ Hussey,112,5,110,10,complete,FM Engineer,BF Bowden,K Hariharan,Asad Rauf,F Gomes,20,"WP Saha, BB McCullum, RT Ponting, SC Ganguly, DJ Hussey, Mohammad Hafeez, LR Shukla, AB Agarkar, AB Dinda, M Kartik, I Sharma","AC Gilchrist, Y Venugopal Rao, VVS Laxman, A Symonds, RG Sharma, SB Styris, AS Yadav, SB Bangar, WPUJC Vaas, RP Singh, PP Ojha",2008
2008_30,2008.0,2008-05-10,Chennai Super Kings,Punjab Kings,Chennai Super Kings,Punjab Kings,field,"MA Chidambaram Stadium, Chepauk",Chennai,18,0,L Balaji,181,4,163,9,complete,J Srinath,AV Jayaprakash,BG Jerling,I Shivram,S Ravi,20,"S Vidyut, SP Fleming, SK Raina, S Badrinath, MS Dhoni, JA Morkel, CK Kapugedera, P Amarnath, MS Gony, M Muralitharan, L Balaji","SE Marsh, JR Hopes, K Goel, RR Sarwan, Yuvraj Singh, DPMD Jayawardene, IK Pathan, PP Chawla, S Sreesanth, VRV Singh, U Kaul",2008
2008_31,2008.0,2008-05-11,Deccan Chargers,Kolkata Knight Riders,Kolkata Knight Riders,Kolkata Knight Riders,bat,"Rajiv Gandhi International Stadium, Uppal",Hyderabad,23,0,SC Ganguly,181,7,204,4,complete,Talat Ali,IL Howell,AM Saheba,BF Bowden,Unknown,20,"AC Gilchrist, HH Gibbs, DB Ravi Teja, RG Sharma, SB Styris, Y Venugopal Rao, SB Bangar, WPUJC Vaas, RP Singh, DP Vijaykumar, PP Ojha","Salman Butt, A Chopra, SC Ganguly, DJ Hussey, T Taibu, LR Shukla, WP Saha, Umar Gul, I Sharma, AB Dinda, M Kartik",2008
2008_32,2008.0,2008-05-11,Rajasthan Royals,Delhi Capitals,Rajasthan Royals,Rajasthan Royals,field,Sawai Mansingh Stadium,Jaipur,0,3,SR Watson,159,7,156,7,complete,FM Engineer,SJ Davis,RE Koertzen,MSS Ranawat,Unknown,20,"YK Pathan, GC Smith, M Kaif, SR Watson, RA Jadeja, AD Mascarenhas, SK Warne, NK Patel, M Rawat, SK Trivedi, MM Patel","G Gambhir, V Sehwag, S Dhawan, AB de Villiers, KD Karthik, TM Dilshan, A Mishra, MF Maharoof, VY Mahesh, GD McGrath, PJ Sangwan",2008
2008_33,2008.0,2008-05-12,Punjab Kings,Royal Challengers Bengaluru,Punjab Kings,Royal Challengers Bengaluru,bat,"Punjab Cricket Association Stadium, Mohali",Chandigarh,0,9,SE Marsh,144,1,143,8,complete,CH Lloyd,BR Doctrove,I Shivram,Jasbir Singh,HS Sekhon,20,"SE Marsh, JR Hopes, LA Pomersbach, Yuvraj Singh, DPMD Jayawardene, IK Pathan, TM Srivastava, PP Chawla, U Kaul, S Sreesanth, VRV Singh","J Arunkumar, V Kohli, Misbah-ul-Haq, CL White, R Dravid, MV Boucher, P Kumar, R Vinay Kumar, Z Khan, A Kumble, DW Steyn",2008
2008_34,2008.0,2008-05-13,Kolkata Knight Riders,Delhi Capitals,Kolkata Knight Riders,Kolkata Knight Riders,bat,Eden Gardens,Kolkata,23,0,Shoaib Akhtar,133,6,110,10,complete,Talat Ali,Asad Rauf,IL Howell,AV Jayaprakash,Unknown,20,"Salman Butt, A Chopra, SC Ganguly, DJ Hussey, T Taibu, LR Shukla, WP Saha, Iqbal Abdulla, I Sharma, AB Dinda, Shoaib Akhtar","G Gambhir, V Sehwag, AB de Villiers, MK Tiwary, S Dhawan, TM Dilshan, A Mishra, MF Maharoof, VY Mahesh, PJ Sangwan, GD McGrath",2008
2008_35,2008.0,2008-05-14,Mumbai Indians,Chennai Super Kings,Mumbai Indians,Mumbai Indians,field,Wankhede Stadium,Mumbai,0,9,ST Jayasuriya,158,1,156,6,complete,J Srinath,BR Doctrove,AM Saheba,RE Koertzen,RM Deshpande,20,"ST Jayasuriya, SR Tendulkar, RV Uthappa, DJ Thornely, DJ Bravo, AM Nayar, SM Pollock, YV Takawale, RR Raje, A Nehra, DS Kulkarni","S Vidyut, SP Fleming, SK Raina, S Badrinath, CK Kapugedera, MS Dhoni, JA Morkel, Joginder Sharma, MS Gony, L Balaji, M Muralitharan",2008
2008_36,2008.0,2008-05-15,Delhi Capitals,Deccan Chargers,Delhi Capitals,Deccan Chargers,field,Feroz Shah Kotla,Delhi,12,0,A Mishra,194,4,182,9,complete,CH Lloyd,BG Jerling,GA Pratapkumar,Asad Rauf,Unknown,20,"G Gambhir, V Sehwag, S Dhawan, MF Maharoof, TM Dilshan, MK Tiwary, KD Karthik, A Mishra, R Bhatia, GD McGrath, Mohammad Asif","AC Gilchrist, Shahid Afridi, HH Gibbs, RG Sharma, SB Styris, Y Venugopal Rao, DB Ravi Teja, RP Singh, PP Ojha, DP Vijaykumar, PM Sarvesh Kumar",2008
2008_37,2008.0,2008-05-16,Mumbai Indians,Kolkata Knight Riders,Mumbai Indians,Mumbai Indians,field,Wankhede Stadium,Mumbai,0,8,SM Pollock,68,2,67,10,complete,FM Engineer,BR Doctrove,DJ Harper,I Shivram,SN Bandekar,20,"ST Jayasuriya, SR Tendulkar, RV Uthappa, DJ Thornely, DJ Bravo, AM Nayar, SM Pollock, RV Pawar, YV Takawale, RR Raje, A Nehra","Salman Butt, A Chopra, SC Ganguly, DJ Hussey, Mohammad Hafeez, WP Saha, LR Shukla, AB Agarkar, Shoaib Akhtar, I Sharma, AB Dinda",2008
2008_38,2008.0,2008-05-17,Delhi Capitals,Punjab Kings,Punjab Kings,Delhi Capitals,bat,Feroz Shah Kotla,Delhi,6,0,DPMD Jayawardene,118,4,94,3,complete,CH Lloyd,AV Jayaprakash,RE Koertzen,BG Jerling,AK Chaudhary,20,"G Gambhir, V Sehwag, S Dhawan, TM Dilshan, MF Maharoof, Shoaib Malik, PJ Sangwan, KD Karthik, A Mishra, R Bhatia, GD McGrath","SE Marsh, JR Hopes, Yuvraj Singh, LA Pomersbach, DPMD Jayawardene, IK Pathan, RR Powar, PP Chawla, U Kaul, S Sreesanth, VRV Singh",2008
2008_39,2008.0,2008-05-17,Rajasthan Royals,Royal Challengers Bengaluru,Rajasthan Royals,Royal Challengers Bengaluru,field,Sawai Mansingh Stadium,Jaipur,65,0,GC Smith,197,1,132,9,complete,Talat Ali,BF Bowden,SL Shastri,SJ Davis,MSS Ranawat,20,"GC Smith, SA Asnodkar, SR Watson, YK Pathan, M Kaif, RA Jadeja, SK Warne, Sohail Tanvir, M Rawat, SK Trivedi, MM Patel","J Arunkumar, V Kohli, Misbah-ul-Haq, JH Kallis, CL White, R Dravid, DT Patil, P Kumar, Z Khan, A Kumble, Abdur Razzak",2008
2008_4,2008.0,2008-04-20,Mumbai Indians,Royal Challengers Bengaluru,Royal Challengers Bengaluru,Mumbai Indians,bat,Wankhede Stadium,Mumbai,0,5,MV Boucher,165,7,166,5,complete,J Srinath,SJ Davis,DJ Harper,AV Jayaprakash,SN Bandekar,20,"L Ronchi, ST Jayasuriya, DJ Thornely, RV Uthappa, PR Shah, AM Nayar, SM Pollock, Harbhajan Singh, MA Khote, A Nehra, DS Kulkarni","S Chanderpaul, R Dravid, LRPL Taylor, JH Kallis, V Kohli, MV Boucher, B Akhil, P Kumar, Z Khan, SB Joshi, R Vinay Kumar",2008
2008_40,2008.0,2008-05-18,Deccan Chargers,Mumbai Indians,Mumbai Indians,Deccan Chargers,field,"Rajiv Gandhi International Stadium, Uppal",Hyderabad,25,0,DJ Bravo,153,7,178,7,complete,S Venkataraghavan,BR Doctrove,DJ Harper,I Shivram,C Shamshuddin,20,"AC Gilchrist, Shahid Afridi, RG Sharma, LPC Silva, Y Venugopal Rao, DB Ravi Teja, DNT Zoysa, H Das, RP Singh, PP Ojha, DP Vijaykumar","ST Jayasuriya, SR Tendulkar, DJ Thornely, AM Nayar, RV Uthappa, DJ Bravo, PR Shah, YV Takawale, RR Raje, A Nehra, CRD Fernando",2008
2008_41,2008.0,2008-05-18,Kolkata Knight Riders,Chennai Super Kings,Chennai Super Kings,Kolkata Knight Riders,bat,Eden Gardens,Kolkata,3,0,M Ntini,149,5,55,0,complete,FM Engineer,Asad Rauf,K Hariharan,AM Saheba,S Banerjee,20,"Salman Butt, Mohammad Hafeez, SC Ganguly, DB Das, DJ Hussey, LR Shukla, WP Saha, AB Agarkar, I Sharma, AB Dinda, Shoaib Akhtar","PA Patel, SP Fleming, S Vidyut, SK Raina, S Badrinath, MS Dhoni, JA Morkel, MS Gony, L Balaji, M Muralitharan, M Ntini",2008
2008_42,2008.0,2008-05-19,Royal Challengers Bengaluru,Delhi Capitals,Delhi Capitals,Delhi Capitals,field,M Chinnaswamy Stadium,Bangalore,0,5,SP Goswami,154,7,158,5,complete,Talat Ali,SJ Davis,GA Pratapkumar,SL Shastri,VN Kulkarni,20,"JH Kallis, B Chipli, SP Goswami, R Dravid, Misbah-ul-Haq, CL White, B Akhil, P Kumar, Z Khan, A Kumble, DW Steyn","G Gambhir, V Sehwag, AB de Villiers, TM Dilshan, S Dhawan, KD Karthik, MF Maharoof, R Bhatia, VY Mahesh, PJ Sangwan, GD McGrath",2008
2008_43,2008.0,2008-05-20,Kolkata Knight Riders,Rajasthan Royals,Rajasthan Royals,Rajasthan Royals,field,Eden Gardens,Kolkata,0,6,YK Pathan,147,8,150,4,complete,FM Engineer,BG Jerling,RE Koertzen,K Hariharan,AK Mitra,20,"Salman Butt, Mohammad Hafeez, SC Ganguly, DJ Hussey, DB Das, LR Shukla, WP Saha, AB Agarkar, Umar Gul, I Sharma, AB Dinda","GC Smith, SA Asnodkar, Sohail Tanvir, M Kaif, SR Watson, YK Pathan, RA Jadeja, SK Warne, M Rawat, SK Trivedi, MM Patel",2008
2008_44,2008.0,2008-05-21,Mumbai Indians,Punjab Kings,Punjab Kings,Mumbai Indians,field,Wankhede Stadium,Mumbai,1,0,SE Marsh,188,10,189,4,complete,Talat Ali,BF Bowden,GA Pratapkumar,SL Shastri,Unknown,20,"ST Jayasuriya, SR Tendulkar, DR Smith, AM Nayar, RV Uthappa, SM Pollock, PR Shah, SD Chitnis, CRD Fernando, A Nehra, VS Yeligati","SE Marsh, JR Hopes, LA Pomersbach, Yuvraj Singh, DPMD Jayawardene, IK Pathan, TM Srivastava, PP Chawla, U Kaul, S Sreesanth, VRV Singh",2008
2008_45,2008.0,2008-05-21,Chennai Super Kings,Royal Challengers Bengaluru,Royal Challengers Bengaluru,Royal Challengers Bengaluru,bat,"MA Chidambaram Stadium, Chepauk",Chennai,14,0,A Kumble,112,8,126,8,complete,J Srinath,DJ Harper,I Shivram,BR Doctrove,S Ravi,20,"PA Patel, SP Fleming, MS Dhoni, SK Raina, S Badrinath, JA Morkel, S Vidyut, MS Gony, L Balaji, M Ntini, M Muralitharan","JH Kallis, SP Goswami, V Kohli, R Dravid, Misbah-ul-Haq, MV Boucher, B Akhil, P Kumar, R Vinay Kumar, A Kumble, DW Steyn",2008
2008_46,2008.0,2008-05-23,Punjab Kings,Deccan Chargers,Punjab Kings,Punjab Kings,field,"Punjab Cricket Association Stadium, Mohali",Chandigarh,0,6,SE Marsh,178,4,175,4,complete,Talat Ali,Asad Rauf,SJ Davis,AM Saheba,HS Sekhon,20,"SE Marsh, KC Sangakkara, Yuvraj Singh, LA Pomersbach, DPMD Jayawardene, PP Chawla, TM Srivastava, RR Powar, Gagandeep Singh, VRV Singh, S Sreesanth","AC Gilchrist, HH Gibbs, RG Sharma, Y Venugopal Rao, LPC Silva, SB Styris, DB Ravi Teja, SB Bangar, RP Singh, PP Ojha, DP Vijaykumar",2008
2008_47,2008.0,2008-05-24,Delhi Capitals,Mumbai Indians,Delhi Capitals,Delhi Capitals,field,Feroz Shah Kotla,Delhi,0,5,KD Karthik,179,5,176,8,complete,CH Lloyd,BF Bowden,K Hariharan,BG Jerling,Unknown,20,"G Gambhir, V Sehwag, S Dhawan, MK Tiwary, TM Dilshan, KD Karthik, MF Maharoof, B Geeves, VY Mahesh, A Mishra, GD McGrath","ST Jayasuriya, SR Tendulkar, DR Smith, RV Uthappa, AM Nayar, SM Pollock, SD Chitnis, PR Shah, A Nel, DS Kulkarni, A Nehra",2008
2008_48,2008.0,2008-05-24,Chennai Super Kings,Rajasthan Royals,Rajasthan Royals,Rajasthan Royals,bat,"MA Chidambaram Stadium, Chepauk",Chennai,10,0,JA Morkel,201,7,211,5,complete,J Srinath,DJ Harper,SL Shastri,AV Jayaprakash,Unknown,20,"PA Patel, SP Fleming, SK Raina, JA Morkel, MS Dhoni, S Badrinath, MS Gony, A Mukund, L Balaji, M Muralitharan, M Ntini","GC Smith, SA Asnodkar, Kamran Akmal, YK Pathan, M Kaif, T Kohli, D Salunkhe, SK Warne, Sohail Tanvir, Pankaj Singh, MM Patel",2008
2008_49,2008.0,2008-05-25,Deccan Chargers,Royal Challengers Bengaluru,Royal Challengers Bengaluru,Deccan Chargers,bat,"Rajiv Gandhi International Stadium, Uppal",Hyderabad,0,5,R Vinay Kumar,165,10,171,5,complete,Talat Ali,Asad Rauf,RE Koertzen,GA Pratapkumar,Unknown,20,"AC Gilchrist, HH Gibbs, RG Sharma, LPC Silva, Y Venugopal Rao, DB Ravi Teja, AS Yadav, SB Bangar, WPUJC Vaas, RP Singh, DP Vijaykumar","JH Kallis, W Jaffer, Misbah-ul-Haq, R Dravid, CL White, V Kohli, B Akhil, SP Goswami, R Vinay Kumar, A Kumble, DW Steyn",2008
2008_5,2008.0,2008-04-21,Rajasthan Royals,Punjab Kings,Rajasthan Royals,Punjab Kings,bat,Sawai Mansingh Stadium,Jaipur,0,6,SR Watson,168,4,166,8,complete,S Venkataraghavan,Aleem Dar,RB Tiffin,I Shivram,MSS Ranawat,20,"M Kaif, Kamran Akmal, YK Pathan, SR Watson, DS Lehmann, RA Jadeja, Pankaj Singh, D Salunkhe, SK Warne, SK Trivedi, MM Patel","K Goel, JR Hopes, KC Sangakkara, DPMD Jayawardene, Yuvraj Singh, IK Pathan, S Sohal, B Lee, PP Chawla, WA Mota, S Sreesanth",2008
2008_50,2008.0,2008-05-25,Kolkata Knight Riders,Punjab Kings,Kolkata Knight Riders,Punjab Kings,bat,Eden Gardens,Kolkata,0,3,Umar Gul,175,7,174,6,complete,S Venkataraghavan,SJ Davis,I Shivram,BR Doctrove,Unknown,20,"Salman Butt, SC Ganguly, DB Das, DJ Hussey, LR Shukla, WP Saha, A Chopra, Umar Gul, I Sharma, BAW Mendis, AB Dinda","SE Marsh, JR Hopes, KC Sangakkara, Yuvraj Singh, DPMD Jayawardene, IK Pathan, PP Chawla, TM Srivastava, RR Powar, VRV Singh, S Sreesanth",2008
2008_51,2008.0,2008-05-26,Rajasthan Royals,Mumbai Indians,Rajasthan Royals,Rajasthan Royals,field,Sawai Mansingh Stadium,Jaipur,0,5,Sohail Tanvir,146,5,145,7,complete,CH Lloyd,BF Bowden,K Hariharan,SL Shastri,MSS Ranawat,20,"Kamran Akmal, SA Asnodkar, YK Pathan, SR Watson, M Kaif, RA Jadeja, NK Patel, SK Warne, Sohail Tanvir, SK Trivedi, Pankaj Singh","ST Jayasuriya, SR Tendulkar, AM Nayar, RV Uthappa, DR Smith, SM Pollock, MK Pandey, YV Takawale, RR Raje, CRD Fernando, A Nehra",2008
2008_52,2008.0,2008-05-27,Deccan Chargers,Chennai Super Kings,Chennai Super Kings,Deccan Chargers,bat,"Rajiv Gandhi International Stadium, Uppal",Hyderabad,0,7,SK Raina,147,8,148,3,complete,Talat Ali,BG Jerling,AM Saheba,GA Pratapkumar,Unknown,20,"AC Gilchrist, HH Gibbs, SB Styris, Y Venugopal Rao, DB Ravi Teja, Shahid Afridi, AS Yadav, RP Singh, PP Ojha, PM Sarvesh Kumar, DP Vijaykumar","PA Patel, SP Fleming, SK Raina, MS Dhoni, JA Morkel, S Badrinath, A Mukund, M Ntini, M Muralitharan, MS Gony, L Balaji",2008
2008_53,2008.0,2008-05-28,Royal Challengers Bengaluru,Mumbai Indians,Mumbai Indians,Mumbai Indians,field,M Chinnaswamy Stadium,Bangalore,0,9,CRD Fernando,122,9,126,1,complete,CH Lloyd,BF Bowden,AV Jayaprakash,BR Doctrove,Unknown,20,"MV Boucher, SP Goswami, Misbah-ul-Haq, R Dravid, CL White, V Kohli, B Akhil, P Kumar, R Vinay Kumar, A Kumble, DW Steyn","ST Jayasuriya, SR Tendulkar, RV Uthappa, DR Smith, AM Nayar, SM Pollock, MK Pandey, YV Takawale, DS Kulkarni, CRD Fernando, A Nehra",2008
2008_54,2008.0,2008-05-28,Punjab Kings,Rajasthan Royals,Punjab Kings,Rajasthan Royals,field,"Punjab Cricket Association Stadium, Mohali",Chandigarh,41,0,SE Marsh,221,3,180,7,complete,S Venkataraghavan,SJ Davis,K Hariharan,DJ Harper,MS Mahal,20,"SE Marsh, JR Hopes, Yuvraj Singh, LA Pomersbach, KC Sangakkara, RR Powar, PP Chawla, IK Pathan, VRV Singh, S Sreesanth, WA Mota","M Kaif, NK Patel, Younis Khan, SR Watson, YK Pathan, Kamran Akmal, M Rawat, D Salunkhe, Pankaj Singh, SK Trivedi, MM Patel",2008
2008_55,2008.0,2008-05-30,Delhi Capitals,Rajasthan Royals,Rajasthan Royals,Delhi Capitals,field,Wankhede Stadium,Mumbai,105,0,SR Watson,87,10,192,9,complete,J Srinath,BF Bowden,RE Koertzen,BR Doctrove,Unknown,20,"G Gambhir, V Sehwag, S Dhawan, MK Tiwary, TM Dilshan, KD Karthik, MF Maharoof, A Mishra, VY Mahesh, Mohammad Asif, GD McGrath","GC Smith, SA Asnodkar, Sohail Tanvir, SR Watson, M Kaif, YK Pathan, RA Jadeja, SK Warne, M Rawat, MM Patel, SK Trivedi",2008
2008_56,2008.0,2008-05-31,Chennai Super Kings,Punjab Kings,Chennai Super Kings,Punjab Kings,bat,Wankhede Stadium,Mumbai,0,9,M Ntini,116,1,112,8,complete,S Venkataraghavan,Asad Rauf,DJ Harper,K Hariharan,Unknown,20,"PA Patel, S Vidyut, SK Raina, MS Dhoni, CK Kapugedera, S Badrinath, JA Morkel, MS Gony, L Balaji, M Muralitharan, M Ntini","SE Marsh, JR Hopes, KC Sangakkara, Yuvraj Singh, DPMD Jayawardene, IK Pathan, WA Mota, PP Chawla, RR Powar, S Sreesanth, VRV Singh",2008
2008_57,2008.0,2008-06-01,Chennai Super Kings,Rajasthan Royals,Rajasthan Royals,Rajasthan Royals,field,Dr DY Patil Sports Academy,Mumbai,0,3,YK Pathan,163,5,164,7,complete,J Srinath,BF Bowden,RE Koertzen,DJ Harper,MR Singh,20,"PA Patel, S Vidyut, SK Raina, JA Morkel, MS Dhoni, CK Kapugedera, S Badrinath, MS Gony, L Balaji, M Muralitharan, M Ntini","NK Patel, SA Asnodkar, Kamran Akmal, SR Watson, YK Pathan, M Kaif, RA Jadeja, SK Warne, Sohail Tanvir, SK Trivedi, MM Patel",2008
2008_6,2008.0,2008-04-22,Deccan Chargers,Delhi Capitals,Delhi Capitals,Deccan Chargers,bat,"Rajiv Gandhi International Stadium, Uppal",Hyderabad,0,9,V Sehwag,142,8,143,1,complete,Talat Ali,IL Howell,AM Saheba,MR Benson,C Shamshuddin,20,"AC Gilchrist, Y Venugopal Rao, VVS Laxman, A Symonds, RG Sharma, Shahid Afridi, SB Bangar, AS Yadav, WPUJC Vaas, RP Singh, PP Ojha","G Gambhir, V Sehwag, S Dhawan, Shoaib Malik, KD Karthik, MK Tiwary, R Bhatia, MF Maharoof, Mohammad Asif, VY Mahesh, GD McGrath",2008
2008_7,2008.0,2008-04-23,Chennai Super Kings,Mumbai Indians,Chennai Super Kings,Mumbai Indians,field,"MA Chidambaram Stadium, Chepauk",Chennai,6,0,ML Hayden,208,5,202,7,complete,FM Engineer,DJ Harper,GA Pratapkumar,BF Bowden,S Ravi,20,"PA Patel, ML Hayden, MEK Hussey, SK Raina, MS Dhoni, JDP Oram, S Badrinath, Joginder Sharma, P Amarnath, MS Gony, M Muralitharan","L Ronchi, ST Jayasuriya, RV Uthappa, SM Pollock, DJ Bravo, AM Nayar, MA Khote, Harbhajan Singh, A Nehra, VS Yeligati, DS Kulkarni",2008
2008_8,2008.0,2008-04-24,Deccan Chargers,Rajasthan Royals,Rajasthan Royals,Rajasthan Royals,field,"Rajiv Gandhi International Stadium, Uppal",Hyderabad,0,3,YK Pathan,214,5,217,7,complete,S Venkataraghavan,Asad Rauf,MR Benson,SL Shastri,C Shamshuddin,20,"AC Gilchrist, VVS Laxman, Shahid Afridi, A Symonds, RG Sharma, AS Yadav, SB Bangar, WPUJC Vaas, RP Singh, PP Ojha, D Kalyankrishna","Kamran Akmal, GC Smith, YK Pathan, SR Watson, M Kaif, RA Jadeja, SK Warne, D Salunkhe, Pankaj Singh, SK Trivedi, MM Patel",2008
2008_9,2008.0,2008-04-25,Punjab Kings,Mumbai Indians,Punjab Kings,Mumbai Indians,field,"Punjab Cricket Association Stadium, Mohali",Chandigarh,66,0,KC Sangakkara,182,10,116,9,complete,FM Engineer,Aleem Dar,AM Saheba,RE Koertzen,HS Sekhon,20,"K Goel, IK Pathan, KC Sangakkara, Yuvraj Singh, RR Sarwan, DPMD Jayawardene, S Sohal, B Lee, PP Chawla, S Sreesanth, VRV Singh","L Ronchi, ST Jayasuriya, RV Uthappa, DJ Bravo, SS Tiwary, SM Pollock, AM Nayar, Harbhajan Singh, MA Khote, DS Kulkarni, A Nehra",2008
2009_0,2009.0,2009-04-18,Chennai Super Kings,Mumbai Indians,Mumbai Indians,Chennai Super Kings,field,Newlands,Cape Town,19,0,SR Tendulkar,146,7,165,7,complete,GR Viswanath,BR Doctrove,K Hariharan,RB Tiffin,EC Hendrikse,20,"PA Patel, ML Hayden, SK Raina, A Flintoff, MS Dhoni, JDP Oram, S Badrinath, Joginder Sharma, T Thushara, MS Gony, R Ashwin","ST Jayasuriya, SR Tendulkar, S Dhawan, JP Duminy, DJ Bravo, AM Nayar, Harbhajan Singh, Z Khan, PR Shah, SL Malinga, RR Raje",2009
2009_1,2009.0,2009-04-18,Royal Challengers Bengaluru,Rajasthan Royals,Royal Challengers Bengaluru,Royal Challengers Bengaluru,bat,Newlands,Cape Town,75,0,R Dravid,133,8,58,10,complete,GR Viswanath,BR Doctrove,RB Tiffin,K Hariharan,EC Hendrikse,20,"JD Ryder, RV Uthappa, LRPL Taylor, KP Pietersen, R Dravid, V Kohli, B Akhil, P Kumar, R Vinay Kumar, DW Steyn, A Kumble","GC Smith, SA Asnodkar, NK Patel, T Henderson, YK Pathan, AD Mascarenhas, RA Jadeja, SK Warne, M Rawat, MM Patel, Kamran Khan",2009
2009_10,2009.0,2009-04-25,Deccan Chargers,Mumbai Indians,Deccan Chargers,Deccan Chargers,bat,Kingsmead,Durban,12,0,PP Ojha,168,9,156,7,complete,D Govindjee,HDPK Dharmasena,SJA Taufel,SD Ranade,ZTA Ndamane,20,"AC Gilchrist, HH Gibbs, DR Smith, RG Sharma, VVS Laxman, Y Venugopal Rao, DB Ravi Teja, RP Singh, FH Edwards, PP Ojha, Harmeet Singh","ST Jayasuriya, SR Tendulkar, JP Duminy, S Dhawan, DJ Bravo, AM Nayar, Harbhajan Singh, Z Khan, PR Shah, SL Malinga, DS Kulkarni",2009
2009_11,2009.0,2009-04-26,Royal Challengers Bengaluru,Delhi Capitals,Delhi Capitals,Royal Challengers Bengaluru,bat,St George's Park,Port Elizabeth,0,6,TM Dilshan,149,7,150,4,complete,Yashpal Sharma,S Asnani,BG Jerling,BR Doctrove,S George,20,"JH Kallis, RV Uthappa, KP Pietersen, LRPL Taylor, V Kohli, MV Boucher, B Akhil, R Vinay Kumar, Pankaj Singh, A Kumble, KP Appanna","G Gambhir, V Sehwag, TM Dilshan, AB de Villiers, KD Karthik, M Manhas, A Mishra, DL Vettori, DP Nannes, PJ Sangwan, A Nehra",2009
2009_12,2009.0,2009-04-26,Punjab Kings,Rajasthan Royals,Punjab Kings,Punjab Kings,bat,Newlands,Cape Town,27,0,KC Sangakkara,139,6,112,7,complete,GR Viswanath,M Erasmus,K Hariharan,MR Benson,EC Hendrikse,20,"RS Bopara, K Goel, KC Sangakkara, Yuvraj Singh, DPMD Jayawardene, IK Pathan, PP Chawla, WA Mota, RR Powar, VRV Singh, YA Abdulla","SA Asnodkar, GC Smith, RJ Quiney, YK Pathan, AD Mascarenhas, RA Jadeja, AS Raut, SK Warne, M Rawat, MM Patel, Kamran Khan",2009
2009_13,2009.0,2009-04-27,Kolkata Knight Riders,Mumbai Indians,Mumbai Indians,Mumbai Indians,bat,St George's Park,Port Elizabeth,92,0,SR Tendulkar,95,9,187,6,complete,Yashpal Sharma,BG Jerling,RB Tiffin,S Asnani,S George,20,"BB McCullum, CH Gayle, BJ Hodge, SC Ganguly, Yashpal Singh, AN Ghosh, LR Shukla, I Sharma, BAW Mendis, AB Dinda, Anureet Singh","ST Jayasuriya, SR Tendulkar, Harbhajan Singh, JP Duminy, AM Nayar, DJ Bravo, S Dhawan, SS Tiwary, PR Shah, Z Khan, SL Malinga",2009
2009_14,2009.0,2009-04-27,Chennai Super Kings,Deccan Chargers,Deccan Chargers,Deccan Chargers,field,Kingsmead,Durban,0,6,HH Gibbs,165,6,169,4,complete,D Govindjee,IL Howell,TH Wijewardene,SD Ranade,MW Brown,20,"PA Patel, ML Hayden, SK Raina, MS Dhoni, JDP Oram, JA Morkel, S Badrinath, MS Gony, Joginder Sharma, L Balaji, M Muralitharan","AC Gilchrist, HH Gibbs, VVS Laxman, RG Sharma, DR Smith, AA Bilakhia, Y Venugopal Rao, PP Ojha, RP Singh, FH Edwards, Shoaib Ahmed",2009
2009_15,2009.0,2009-04-28,Delhi Capitals,Rajasthan Royals,Rajasthan Royals,Delhi Capitals,bat,SuperSport Park,Centurion,0,5,YK Pathan,143,7,147,5,complete,J Srinath,GAV Baxter,RE Koertzen,DJ Harper,JD Cloete,20,"G Gambhir, V Sehwag, AB de Villiers, TM Dilshan, KD Karthik, DL Vettori, M Manhas, A Mishra, PJ Sangwan, A Nehra, DP Nannes","RJ Quiney, GC Smith, SA Asnodkar, PC Valthaty, RA Jadeja, SK Warne, YK Pathan, AD Mascarenhas, M Rawat, MM Patel, Kamran Khan",2009
2009_16,2009.0,2009-04-29,Royal Challengers Bengaluru,Kolkata Knight Riders,Royal Challengers Bengaluru,Kolkata Knight Riders,bat,Kingsmead,Durban,0,5,MV Boucher,143,5,139,6,complete,D Govindjee,MR Benson,TH Wijewardene,SL Shastri,ZTA Ndamane,20,"JH Kallis, SP Goswami, KP Pietersen, V Kohli, MV Boucher, RE van der Merwe, MK Pandey, P Kumar, Pankaj Singh, A Kumble, KP Appanna","BB McCullum, CH Gayle, BJ Hodge, SC Ganguly, MN van Wyk, WP Saha, LR Shukla, AB Agarkar, M Kartik, I Sharma, AB Dinda",2009
2009_17,2009.0,2009-04-29,Punjab Kings,Mumbai Indians,Punjab Kings,Punjab Kings,bat,Kingsmead,Durban,3,0,KC Sangakkara,119,8,116,7,complete,D Govindjee,MR Benson,SL Shastri,TH Wijewardene,ZTA Ndamane,20,"RS Bopara, K Goel, KC Sangakkara, Yuvraj Singh, DPMD Jayawardene, IK Pathan, WA Mota, PP Chawla, RR Powar, VS Malik, YA Abdulla","ST Jayasuriya, SR Tendulkar, S Dhawan, JP Duminy, DJ Bravo, AM Nayar, Harbhajan Singh, SS Tiwary, Z Khan, PR Shah, SL Malinga",2009
2009_18,2009.0,2009-04-30,Chennai Super Kings,Rajasthan Royals,Chennai Super Kings,Rajasthan Royals,field,SuperSport Park,Centurion,38,0,SK Raina,164,5,126,9,complete,GR Viswanath,GAV Baxter,RE Koertzen,AM Saheba,JD Cloete,20,"PA Patel, ML Hayden, SK Raina, S Badrinath, JDP Oram, MS Dhoni, JA Morkel, S Tyagi, SB Jakati, L Balaji, M Muralitharan","RJ Quiney, GC Smith, SA Asnodkar, RA Jadeja, YK Pathan, AD Mascarenhas, SK Warne, M Rawat, MM Patel, SK Trivedi, Kamran Khan",2009
2009_19,2009.0,2009-04-30,Deccan Chargers,Delhi Capitals,Delhi Capitals,Delhi Capitals,field,SuperSport Park,Centurion,0,6,DP Nannes,148,9,150,4,complete,GR Viswanath,GAV Baxter,AM Saheba,RE Koertzen,JD Cloete,20,"AC Gilchrist, HH Gibbs, AA Bilakhia, RG Sharma, TL Suman, DR Smith, Y Venugopal Rao, Shoaib Ahmed, RP Singh, PP Ojha, FH Edwards","G Gambhir, V Sehwag, AB de Villiers, TM Dilshan, KD Karthik, M Manhas, DL Vettori, A Mishra, PJ Sangwan, A Nehra, DP Nannes",2009
2009_2,2009.0,2009-04-19,Delhi Capitals,Punjab Kings,Delhi Capitals,Delhi Capitals,field,Newlands,Cape Town,0,10,DL Vettori,58,0,104,7,complete,Yashpal Sharma,MR Benson,SD Ranade,AL Hill,MW Brown,20,"G Gambhir, V Sehwag, TM Dilshan, AB de Villiers, MK Tiwary, KD Karthik, DP Nannes, DL Vettori, VY Mahesh, AM Salvi, PJ Sangwan","RS Bopara, K Goel, Yuvraj Singh, KC Sangakkara, DPMD Jayawardene, IK Pathan, PP Chawla, T Kohli, VS Malik, VRV Singh, YA Abdulla",2009
2009_20,2009.0,2009-05-01,Royal Challengers Bengaluru,Punjab Kings,Royal Challengers Bengaluru,Royal Challengers Bengaluru,bat,Kingsmead,Durban,8,0,Yuvraj Singh,145,9,137,7,complete,D Govindjee,HDPK Dharmasena,S Ravi,SJA Taufel,EC Hendrikse,20,"JD Ryder, SP Goswami, R Bishnoi, JH Kallis, RV Uthappa, V Kohli, MV Boucher, RE van der Merwe, P Kumar, A Kumble, KP Appanna","Yuvraj Singh, K Goel, SM Katich, KC Sangakkara, DPMD Jayawardene, IK Pathan, PP Chawla, RR Powar, TM Srivastava, VS Malik, YA Abdulla",2009
2009_21,2009.0,2009-05-01,Kolkata Knight Riders,Mumbai Indians,Mumbai Indians,Mumbai Indians,bat,Buffalo Park,East London,9,0,JP Duminy,139,6,148,6,complete,Yashpal Sharma,M Erasmus,SK Tarapore,BR Doctrove,S George,20,"CH Gayle, SC Ganguly, BJ Hodge, MN van Wyk, LR Shukla, BB McCullum, WP Saha, AB Agarkar, M Kartik, I Sharma, AB Dinda","ST Jayasuriya, SR Tendulkar, Harbhajan Singh, AM Nayar, JP Duminy, GR Napier, AM Rahane, Z Khan, SS Tiwary, PR Shah, SL Malinga",2009
2009_22,2009.0,2009-05-02,Deccan Chargers,Rajasthan Royals,Rajasthan Royals,Deccan Chargers,bat,St George's Park,Port Elizabeth,0,3,YK Pathan,141,5,142,7,complete,S Venkataraghavan,S Asnani,BG Jerling,MR Benson,S George,20,"HH Gibbs, AC Gilchrist, AA Bilakhia, RG Sharma, TL Suman, DR Smith, Y Venugopal Rao, Shoaib Ahmed, PP Ojha, RP Singh, FH Edwards","GC Smith, SA Asnodkar, LA Carseldine, NV Ojha, RA Jadeja, SK Warne, AS Raut, YK Pathan, SM Harwood, SK Trivedi, MM Patel",2009
2009_23,2009.0,2009-05-02,Chennai Super Kings,Delhi Capitals,Chennai Super Kings,Delhi Capitals,field,New Wanderers Stadium,Johannesburg,18,0,SB Jakati,163,10,145,8,complete,GR Viswanath,DJ Harper,RE Koertzen,SS Hazare,KH Hurter,20,"M Vijay, ML Hayden, SK Raina, S Badrinath, JA Morkel, MS Dhoni, JDP Oram, SB Jakati, L Balaji, M Muralitharan, S Tyagi","G Gambhir, DA Warner, AB de Villiers, TM Dilshan, KD Karthik, M Manhas, R Bhatia, PJ Sangwan, A Mishra, A Nehra, DP Nannes",2009
2009_24,2009.0,2009-05-03,Punjab Kings,Kolkata Knight Riders,Punjab Kings,Kolkata Knight Riders,bat,St George's Park,Port Elizabeth,0,6,DPMD Jayawardene,154,4,153,3,complete,S Venkataraghavan,S Asnani,MR Benson,BG Jerling,S George,20,"S Sohal, KC Sangakkara, SM Katich, DPMD Jayawardene, Yuvraj Singh, IK Pathan, RR Powar, TM Srivastava, VS Malik, PP Chawla, YA Abdulla","BB McCullum, CH Gayle, BJ Hodge, SC Ganguly, MN van Wyk, WP Saha, LR Shukla, AB Agarkar, M Kartik, I Sharma, AB Dinda",2009
2009_25,2009.0,2009-05-03,Royal Challengers Bengaluru,Mumbai Indians,Royal Challengers Bengaluru,Mumbai Indians,bat,New Wanderers Stadium,Johannesburg,0,9,JH Kallis,150,1,149,4,complete,GR Viswanath,RE Koertzen,TH Wijewardene,K Hariharan,ZTA Ndamane,20,"JH Kallis, W Jaffer, RV Uthappa, R Dravid, V Kohli, MV Boucher, RE van der Merwe, D du Preez, P Kumar, R Vinay Kumar, A Kumble","ST Jayasuriya, SR Tendulkar, AM Rahane, JP Duminy, DJ Bravo, AM Nayar, S Dhawan, PR Shah, Harbhajan Singh, Z Khan, SL Malinga",2009
2009_26,2009.0,2009-05-04,Chennai Super Kings,Deccan Chargers,Chennai Super Kings,Chennai Super Kings,bat,Buffalo Park,East London,78,0,MS Dhoni,178,3,100,10,complete,Yashpal Sharma,BR Doctrove,M Erasmus,SK Tarapore,S George,20,"M Vijay, ML Hayden, MS Dhoni, SK Raina, JA Morkel, JDP Oram, S Badrinath, S Tyagi, SB Jakati, L Balaji, M Muralitharan","AC Gilchrist, HH Gibbs, VVS Laxman, RG Sharma, DR Smith, TL Suman, Y Venugopal Rao, RJ Harris, RP Singh, Shoaib Ahmed, PP Ojha",2009
2009_27,2009.0,2009-05-05,Delhi Capitals,Kolkata Knight Riders,Delhi Capitals,Kolkata Knight Riders,bat,Kingsmead,Durban,0,9,G Gambhir,157,1,154,3,complete,J Srinath,GAV Baxter,IL Howell,S Ravi,KH Hurter,20,"G Gambhir, DA Warner, TM Dilshan, AB de Villiers, KD Karthik, M Manhas, R Bhatia, A Mishra, PJ Sangwan, A Nehra, DP Nannes","MN van Wyk, BB McCullum, BJ Hodge, MC Henriques, WP Saha, SC Ganguly, Yashpal Singh, AB Agarkar, M Kartik, I Sharma, AB Dinda",2009
2009_28,2009.0,2009-05-05,Punjab Kings,Rajasthan Royals,Rajasthan Royals,Punjab Kings,field,Kingsmead,Durban,78,0,GC Smith,133,8,211,4,complete,J Srinath,SS Hazare,IL Howell,GAV Baxter,KH Hurter,20,"S Sohal, KC Sangakkara, K Goel, SM Katich, DPMD Jayawardene, Yuvraj Singh, IK Pathan, PP Chawla, RR Powar, S Sreesanth, YA Abdulla","NV Ojha, GC Smith, YK Pathan, RA Jadeja, LA Carseldine, AS Raut, NK Patel, SK Warne, SM Harwood, SK Trivedi, A Singh",2009
2009_29,2009.0,2009-05-06,Deccan Chargers,Mumbai Indians,Deccan Chargers,Deccan Chargers,bat,SuperSport Park,Centurion,19,0,RG Sharma,145,6,126,8,complete,GR Viswanath,MR Benson,HDPK Dharmasena,K Hariharan,JD Cloete,20,"AC Gilchrist, HH Gibbs, TL Suman, RG Sharma, DR Smith, Y Venugopal Rao, DB Ravi Teja, RJ Harris, Shoaib Ahmed, RP Singh, Harmeet Singh","ST Jayasuriya, SR Tendulkar, PR Shah, JP Duminy, DJ Bravo, AM Nayar, Harbhajan Singh, SS Tiwary, RR Raje, DS Kulkarni, SL Malinga",2009
2009_3,2009.0,2009-04-19,Deccan Chargers,Kolkata Knight Riders,Deccan Chargers,Kolkata Knight Riders,bat,Newlands,Cape Town,0,8,RP Singh,104,2,101,10,complete,Yashpal Sharma,MR Benson,BR Doctrove,SD Ranade,MW Brown,20,"AC Gilchrist, HH Gibbs, VVS Laxman, RG Sharma, SB Styris, Y Venugopal Rao, Harmeet Singh, PP Ojha, RP Singh, DB Ravi Teja, FH Edwards","BB McCullum, CH Gayle, SC Ganguly, BJ Hodge, A Chopra, LR Shukla, MC Henriques, AB Agarkar, M Kartik, I Sharma, AB Dinda",2009
2009_30,2009.0,2009-05-07,Chennai Super Kings,Punjab Kings,Chennai Super Kings,Chennai Super Kings,bat,SuperSport Park,Centurion,12,0,ML Hayden,185,3,174,3,complete,S Venkataraghavan,DJ Harper,TH Wijewardene,K Hariharan,JD Cloete,20,"S Badrinath, ML Hayden, SK Raina, MS Dhoni, JA Morkel, GJ Bailey, S Tyagi, SB Jakati, L Balaji, M Muralitharan, MS Gony","S Sohal, SM Katich, K Goel, Yuvraj Singh, DPMD Jayawardene, KC Sangakkara, IK Pathan, S Sreesanth, PP Chawla, YA Abdulla, VRV Singh",2009
2009_31,2009.0,2009-05-07,Royal Challengers Bengaluru,Rajasthan Royals,Rajasthan Royals,Rajasthan Royals,field,SuperSport Park,Centurion,0,7,A Singh,105,10,107,3,complete,S Venkataraghavan,K Hariharan,DJ Harper,TH Wijewardene,JD Cloete,20,"JH Kallis, W Jaffer, RV Uthappa, R Dravid, V Kohli, MV Boucher, RE van der Merwe, D du Preez, P Kumar, R Vinay Kumar, A Kumble","GC Smith, NV Ojha, LA Carseldine, YK Pathan, RA Jadeja, AS Raut, NK Patel, SK Warne, M Morkel, MM Patel, A Singh",2009
2009_32,2009.0,2009-05-08,Delhi Capitals,Mumbai Indians,Delhi Capitals,Mumbai Indians,bat,Buffalo Park,East London,0,7,A Nehra,118,3,116,10,complete,Yashpal Sharma,M Erasmus,SK Tarapore,BG Jerling,S George,20,"G Gambhir, DA Warner, TM Dilshan, AB de Villiers, KD Karthik, M Manhas, R Bhatia, A Mishra, PJ Sangwan, A Nehra, DP Nannes","L Ronchi, JP Duminy, PR Shah, SR Tendulkar, AM Nayar, DJ Bravo, Harbhajan Singh, AM Rahane, RR Raje, DS Kulkarni, SL Malinga",2009
2009_33,2009.0,2009-05-09,Deccan Chargers,Punjab Kings,Punjab Kings,Punjab Kings,field,De Beers Diamond Oval,Kimberley,0,3,DPMD Jayawardene,168,5,169,7,complete,J Srinath,GAV Baxter,AM Saheba,HDPK Dharmasena,KH Hurter,20,"AC Gilchrist, HH Gibbs, TL Suman, RG Sharma, A Symonds, Y Venugopal Rao, DB Ravi Teja, PP Ojha, Shoaib Ahmed, RP Singh, RJ Harris","S Sohal, SM Katich, KC Sangakkara, Yuvraj Singh, DPMD Jayawardene, IK Pathan, WA Mota, B Lee, PP Chawla, RR Powar, S Sreesanth",2009
2009_34,2009.0,2009-05-09,Chennai Super Kings,Rajasthan Royals,Chennai Super Kings,Rajasthan Royals,bat,De Beers Diamond Oval,Kimberley,0,7,S Badrinath,141,3,140,7,complete,J Srinath,GAV Baxter,HDPK Dharmasena,AM Saheba,KH Hurter,20,"M Vijay, ML Hayden, SK Raina, S Badrinath, JDP Oram, MS Dhoni, JA Morkel, S Tyagi, SB Jakati, L Balaji, M Muralitharan","GC Smith, NV Ojha, SA Asnodkar, RA Jadeja, YK Pathan, LA Carseldine, AS Raut, SK Warne, SM Harwood, A Singh, SK Trivedi",2009
2009_35,2009.0,2009-05-10,Royal Challengers Bengaluru,Mumbai Indians,Mumbai Indians,Mumbai Indians,bat,St George's Park,Port Elizabeth,16,0,JP Duminy,141,7,157,2,complete,Yashpal Sharma,BR Doctrove,BG Jerling,IL Howell,S George,20,"JH Kallis, V Kohli, RV Uthappa, LRPL Taylor, R Dravid, MV Boucher, RE van der Merwe, R Vinay Kumar, A Kumble, KP Appanna, A Mithun","ST Jayasuriya, SR Tendulkar, AM Rahane, JP Duminy, AM Nayar, DJ Bravo, Harbhajan Singh, YV Takawale, C Nanda, DS Kulkarni, SL Malinga",2009
2009_36,2009.0,2009-05-10,Delhi Capitals,Kolkata Knight Riders,Delhi Capitals,Delhi Capitals,field,New Wanderers Stadium,Johannesburg,0,7,A Mishra,125,3,123,8,complete,S Venkataraghavan,SL Shastri,RB Tiffin,S Ravi,ZTA Ndamane,20,"G Gambhir, DA Warner, AB de Villiers, TM Dilshan, KD Karthik, M Manhas, R Bhatia, A Mishra, PJ Sangwan, A Nehra, DP Nannes","BB McCullum, SC Ganguly, BJ Hodge, MN van Wyk, Yashpal Singh, WP Saha, MC Henriques, AB Agarkar, M Kartik, I Sharma, SS Sarkar",2009
2009_37,2009.0,2009-05-11,Deccan Chargers,Rajasthan Royals,Deccan Chargers,Deccan Chargers,bat,De Beers Diamond Oval,Kimberley,53,0,DR Smith,166,7,113,10,complete,J Srinath,GAV Baxter,HDPK Dharmasena,S Asnani,KH Hurter,20,"TL Suman, AC Gilchrist, RG Sharma, A Symonds, DR Smith, WPUJC Vaas, Y Venugopal Rao, DB Ravi Teja, RP Singh, PP Ojha, Shoaib Ahmed","GC Smith, SA Asnodkar, LA Carseldine, NV Ojha, YK Pathan, RA Jadeja, AS Raut, M Morkel, SK Warne, SK Trivedi, MM Patel",2009
2009_38,2009.0,2009-05-12,Punjab Kings,Mumbai Indians,Mumbai Indians,Punjab Kings,bat,SuperSport Park,Centurion,0,8,Harbhajan Singh,119,9,122,2,complete,Yashpal Sharma,SS Hazare,RE Koertzen,M Erasmus,JD Cloete,20,"S Sohal, SM Katich, IK Pathan, KC Sangakkara, Yuvraj Singh, WA Mota, LA Pomersbach, K Goel, B Lee, PP Chawla, S Sreesanth","ST Jayasuriya, DJ Bravo, AM Rahane, SR Tendulkar, JP Duminy, AM Nayar, Harbhajan Singh, RR Raje, YV Takawale, DS Kulkarni, SL Malinga",2009
2009_39,2009.0,2009-05-12,Royal Challengers Bengaluru,Kolkata Knight Riders,Royal Challengers Bengaluru,Royal Challengers Bengaluru,field,SuperSport Park,Centurion,0,6,LRPL Taylor,176,4,173,4,complete,Yashpal Sharma,M Erasmus,SS Hazare,RE Koertzen,JD Cloete,20,"JD Ryder, JH Kallis, RV Uthappa, LRPL Taylor, R Dravid, MV Boucher, V Kohli, B Akhil, KP Appanna, R Vinay Kumar, A Kumble","BB McCullum, SC Ganguly, AN Ghosh, DJ Hussey, AD Mathews, WP Saha, Yashpal Singh, AB Agarkar, M Kartik, I Sharma, BAW Mendis",2009
2009_4,2009.0,2009-04-20,Royal Challengers Bengaluru,Chennai Super Kings,Chennai Super Kings,Chennai Super Kings,bat,St George's Park,Port Elizabeth,92,0,M Muralitharan,87,10,179,5,complete,GR Viswanath,BG Jerling,SJA Taufel,RB Tiffin,S George,20,"P Kumar, RV Uthappa, JH Kallis, LRPL Taylor, KP Pietersen, R Dravid, V Kohli, R Bishnoi, R Vinay Kumar, DW Steyn, A Kumble","PA Patel, ML Hayden, SK Raina, MS Dhoni, A Flintoff, JA Morkel, S Badrinath, Joginder Sharma, L Balaji, MS Gony, M Muralitharan",2009
2009_40,2009.0,2009-05-13,Deccan Chargers,Delhi Capitals,Delhi Capitals,Deccan Chargers,field,Kingsmead,Durban,12,0,R Bhatia,161,10,173,7,complete,D Govindjee,DJ Harper,SL Shastri,RB Tiffin,MW Brown,20,"TL Suman, AC Gilchrist, RG Sharma, DB Ravi Teja, A Symonds, DR Smith, Y Venugopal Rao, WPUJC Vaas, RP Singh, PP Ojha, Shoaib Ahmed","G Gambhir, DA Warner, TM Dilshan, AB de Villiers, V Sehwag, KD Karthik, R Bhatia, A Mishra, PJ Sangwan, A Nehra, DP Nannes",2009
2009_41,2009.0,2009-05-14,Royal Challengers Bengaluru,Chennai Super Kings,Royal Challengers Bengaluru,Chennai Super Kings,bat,Kingsmead,Durban,0,2,LRPL Taylor,132,8,129,10,complete,D Govindjee,BR Doctrove,DJ Harper,SL Shastri,MW Brown,20,"RV Uthappa, JH Kallis, R Dravid, LRPL Taylor, V Kohli, MV Boucher, RE van der Merwe, B Akhil, P Kumar, R Vinay Kumar, A Kumble","M Vijay, ML Hayden, SK Raina, MS Dhoni, JDP Oram, S Badrinath, JA Morkel, SB Jakati, L Balaji, M Muralitharan, S Tyagi",2009
2009_42,2009.0,2009-05-14,Mumbai Indians,Rajasthan Royals,Rajasthan Royals,Rajasthan Royals,bat,Kingsmead,Durban,2,0,SK Warne,143,10,145,7,complete,D Govindjee,BR Doctrove,DJ Harper,SL Shastri,MW Brown,20,"DJ Bravo, YV Takawale, AM Rahane, ST Jayasuriya, SR Tendulkar, JP Duminy, AM Nayar, Harbhajan Singh, DS Kulkarni, C Nanda, SL Malinga","RJ Quiney, GC Smith, YK Pathan, RA Jadeja, SD Chitnis, NV Ojha, J Botha, SK Warne, AS Raut, MM Patel, SK Trivedi",2009
2009_43,2009.0,2009-05-15,Delhi Capitals,Punjab Kings,Punjab Kings,Punjab Kings,field,OUTsurance Oval,Bloemfontein,0,6,B Lee,120,9,123,4,complete,J Srinath,HDPK Dharmasena,IL Howell,S Asnani,ZTA Ndamane,20,"G Gambhir, V Sehwag, TM Dilshan, AB de Villiers, M Manhas, KD Karthik, MF Maharoof, DL Vettori, R Bhatia, PJ Sangwan, A Nehra","S Sohal, SM Katich, LA Pomersbach, Yuvraj Singh, KC Sangakkara, IK Pathan, B Lee, PP Chawla, RR Powar, WA Mota, S Sreesanth",2009
2009_44,2009.0,2009-05-16,Deccan Chargers,Kolkata Knight Riders,Deccan Chargers,Deccan Chargers,field,New Wanderers Stadium,Johannesburg,0,6,RG Sharma,166,4,160,5,complete,S Venkataraghavan,RE Koertzen,S Ravi,SL Shastri,KH Hurter,20,"AC Gilchrist, HH Gibbs, TL Suman, A Symonds, RG Sharma, Y Venugopal Rao, DB Ravi Teja, RJ Harris, Harmeet Singh, RP Singh, PP Ojha","BB McCullum, SC Ganguly, BJ Hodge, DJ Hussey, WP Saha, Mashrafe Mortaza, AB Agarkar, Yashpal Singh, M Kartik, I Sharma, SS Shaikh",2009
2009_45,2009.0,2009-05-16,Chennai Super Kings,Mumbai Indians,Chennai Super Kings,Mumbai Indians,bat,St George's Park,Port Elizabeth,0,7,ML Hayden,151,3,147,5,complete,Yashpal Sharma,SK Tarapore,SJA Taufel,BG Jerling,S George,20,"PA Patel, ML Hayden, SK Raina, S Badrinath, MS Dhoni, JDP Oram, JA Morkel, SB Jakati, L Balaji, M Muralitharan, S Tyagi","ST Jayasuriya, DJ Bravo, JP Duminy, SR Tendulkar, AM Nayar, Harbhajan Singh, YV Takawale, AM Rahane, DS Kulkarni, SL Malinga, C Nanda",2009
2009_46,2009.0,2009-05-17,Delhi Capitals,Rajasthan Royals,Delhi Capitals,Delhi Capitals,bat,OUTsurance Oval,Bloemfontein,14,0,AB de Villiers,150,3,136,9,complete,J Srinath,SS Hazare,IL Howell,HDPK Dharmasena,ZTA Ndamane,20,"G Gambhir, V Sehwag, AB de Villiers, TM Dilshan, KD Karthik, A Mishra, M Manhas, MF Maharoof, AM Salvi, A Nehra, DP Nannes","RJ Quiney, GC Smith, NV Ojha, J Botha, RA Jadeja, YK Pathan, AS Raut, SK Warne, A Singh, SK Trivedi, MM Patel",2009
2009_47,2009.0,2009-05-17,Deccan Chargers,Punjab Kings,Punjab Kings,Deccan Chargers,field,New Wanderers Stadium,Johannesburg,1,0,Yuvraj Singh,133,8,134,7,complete,S Venkataraghavan,S Ravi,RB Tiffin,GAV Baxter,KH Hurter,20,"AC Gilchrist, HH Gibbs, TL Suman, A Symonds, RG Sharma, Y Venugopal Rao, DB Ravi Teja, RJ Harris, RP Singh, Jaskaran Singh, PP Ojha","S Sohal, SM Katich, LA Pomersbach, Yuvraj Singh, KC Sangakkara, WA Mota, IK Pathan, B Lee, PP Chawla, RR Powar, S Sreesanth",2009
2009_48,2009.0,2009-05-18,Chennai Super Kings,Kolkata Knight Riders,Kolkata Knight Riders,Chennai Super Kings,bat,SuperSport Park,Centurion,0,7,BJ Hodge,188,3,189,3,complete,S Venkataraghavan,SJA Taufel,RB Tiffin,SK Tarapore,JD Cloete,20,"PA Patel, GJ Bailey, SK Raina, MS Dhoni, JA Morkel, S Badrinath, JDP Oram, SB Jakati, L Balaji, M Muralitharan, S Tyagi","BB McCullum, SC Ganguly, BJ Hodge, DJ Hussey, WP Saha, LR Shukla, AB Agarkar, Anureet Singh, M Kartik, AB Dinda, BAW Mendis",2009
2009_49,2009.0,2009-05-19,Royal Challengers Bengaluru,Delhi Capitals,Royal Challengers Bengaluru,Delhi Capitals,bat,New Wanderers Stadium,Johannesburg,0,7,JH Kallis,135,3,134,7,complete,J Srinath,IL Howell,RB Tiffin,S Asnani,KH Hurter,20,"RV Uthappa, JH Kallis, R Dravid, LRPL Taylor, MV Boucher, V Kohli, RE van der Merwe, P Kumar, B Akhil, A Kumble, MK Pandey","G Gambhir, V Sehwag, M Manhas, AB de Villiers, KD Karthik, AB McDonald, Y Nagar, MF Maharoof, DL Vettori, AM Salvi, A Nehra",2009
2009_5,2009.0,2009-04-21,Punjab Kings,Kolkata Knight Riders,Kolkata Knight Riders,Kolkata Knight Riders,field,Kingsmead,Durban,11,0,CH Gayle,158,6,79,1,complete,D Govindjee,DJ Harper,SD Ranade,TH Wijewardene,EC Hendrikse,20,"RS Bopara, K Goel, IK Pathan, KC Sangakkara, Yuvraj Singh, DPMD Jayawardene, T Kohli, PP Chawla, VS Malik, VRV Singh, YA Abdulla","BB McCullum, CH Gayle, BJ Hodge, SC Ganguly, Yashpal Singh, A Chopra, MC Henriques, LR Shukla, I Sharma, M Kartik, AB Dinda",2009
2009_50,2009.0,2009-05-20,Kolkata Knight Riders,Rajasthan Royals,Kolkata Knight Riders,Kolkata Knight Riders,field,Kingsmead,Durban,0,4,LR Shukla,102,6,101,9,complete,D Govindjee,BG Jerling,SJA Taufel,SS Hazare,EC Hendrikse,20,"BB McCullum, SC Ganguly, BJ Hodge, Yashpal Singh, DJ Hussey, LR Shukla, SS Shaikh, AB Agarkar, CK Langeveldt, AB Dinda, SS Sarkar","NV Ojha, RJ Quiney, SA Asnodkar, NK Patel, J Botha, YK Pathan, RA Jadeja, T Henderson, SK Warne, MM Patel, A Singh",2009
2009_51,2009.0,2009-05-20,Chennai Super Kings,Punjab Kings,Chennai Super Kings,Chennai Super Kings,bat,Kingsmead,Durban,24,0,M Muralitharan,116,9,92,8,complete,D Govindjee,BG Jerling,SJA Taufel,SS Hazare,EC Hendrikse,20,"GJ Bailey, PA Patel, SK Raina, S Badrinath, MS Dhoni, JDP Oram, MS Gony, R Ashwin, T Thushara, L Balaji, M Muralitharan","S Sohal, SM Katich, LA Pomersbach, Yuvraj Singh, KC Sangakkara, WA Mota, IK Pathan, B Lee, PP Chawla, RR Powar, S Sreesanth",2009
2009_52,2009.0,2009-05-21,Delhi Capitals,Mumbai Indians,Delhi Capitals,Delhi Capitals,field,SuperSport Park,Centurion,0,4,V Sehwag,166,6,165,8,complete,S Venkataraghavan,IL Howell,S Ravi,SK Tarapore,MW Brown,20,"G Gambhir, DA Warner, V Sehwag, TM Dilshan, R Bhatia, AB de Villiers, KD Karthik, A Mishra, AM Salvi, DP Nannes, PJ Sangwan","ST Jayasuriya, SR Tendulkar, JP Duminy, Mohammad Ashraful, AM Rahane, AM Nayar, PR Shah, Harbhajan Singh, SL Malinga, DS Kulkarni, RA Shaikh",2009
2009_53,2009.0,2009-05-21,Royal Challengers Bengaluru,Deccan Chargers,Royal Challengers Bengaluru,Royal Challengers Bengaluru,bat,SuperSport Park,Centurion,12,0,MK Pandey,170,4,158,6,complete,S Venkataraghavan,IL Howell,S Ravi,SK Tarapore,MW Brown,20,"JH Kallis, MK Pandey, RE van der Merwe, R Dravid, LRPL Taylor, V Kohli, RV Uthappa, MV Boucher, P Kumar, B Akhil, A Kumble","AC Gilchrist, HH Gibbs, TL Suman, A Symonds, RG Sharma, Y Venugopal Rao, AA Bilakhia, RJ Harris, Jaskaran Singh, RP Singh, PP Ojha",2009
2009_54,2009.0,2009-05-22,Delhi Capitals,Deccan Chargers,Deccan Chargers,Deccan Chargers,field,SuperSport Park,Centurion,0,6,AC Gilchrist,153,8,154,4,complete,S Venkataraghavan,BR Doctrove,DJ Harper,RE Koertzen,JD Cloete,20,"G Gambhir, DA Warner, V Sehwag, TM Dilshan, AB de Villiers, KD Karthik, R Bhatia, A Mishra, PJ Sangwan, DP Nannes, A Nehra","AC Gilchrist, HH Gibbs, AA Bilakhia, TL Suman, A Symonds, RG Sharma, Y Venugopal Rao, RJ Harris, PP Ojha, Harmeet Singh, RP Singh",2009
2009_55,2009.0,2009-05-23,Royal Challengers Bengaluru,Chennai Super Kings,Royal Challengers Bengaluru,Royal Challengers Bengaluru,field,New Wanderers Stadium,Johannesburg,0,6,MK Pandey,149,4,146,5,complete,J Srinath,RE Koertzen,SJA Taufel,IL Howell,KH Hurter,20,"JH Kallis, MK Pandey, RE van der Merwe, R Dravid, V Kohli, LRPL Taylor, RV Uthappa, MV Boucher, P Kumar, R Vinay Kumar, A Kumble","PA Patel, ML Hayden, MS Dhoni, SK Raina, JA Morkel, JDP Oram, S Badrinath, SB Jakati, L Balaji, M Muralitharan, MS Gony",2009
2009_56,2009.0,2009-05-24,Royal Challengers Bengaluru,Deccan Chargers,Deccan Chargers,Royal Challengers Bengaluru,field,New Wanderers Stadium,Johannesburg,6,0,A Kumble,137,9,143,6,complete,J Srinath,RE Koertzen,SJA Taufel,DJ Harper,ZTA Ndamane,20,"JH Kallis, MK Pandey, RE van der Merwe, R Dravid, LRPL Taylor, V Kohli, MV Boucher, RV Uthappa, P Kumar, R Vinay Kumar, A Kumble","AC Gilchrist, HH Gibbs, TL Suman, A Symonds, RG Sharma, Y Venugopal Rao, AA Bilakhia, RJ Harris, PP Ojha, Harmeet Singh, RP Singh",2009
2009_6,2009.0,2009-04-22,Royal Challengers Bengaluru,Deccan Chargers,Deccan Chargers,Deccan Chargers,bat,Newlands,Cape Town,24,0,AC Gilchrist,160,8,184,6,complete,Yashpal Sharma,M Erasmus,AM Saheba,MR Benson,Unknown,20,"JD Ryder, RV Uthappa, JH Kallis, KP Pietersen, R Dravid, V Kohli, R Bishnoi, KV Sharma, P Kumar, A Kumble, DW Steyn","AC Gilchrist, HH Gibbs, VVS Laxman, RG Sharma, SB Styris, Y Venugopal Rao, DB Ravi Teja, FH Edwards, Harmeet Singh, PP Ojha, RP Singh",2009
2009_7,2009.0,2009-04-23,Kolkata Knight Riders,Rajasthan Royals,,Kolkata Knight Riders,field,Newlands,Cape Town,0,0,YK Pathan,165,9,168,6,tie,GR Viswanath,MR Benson,M Erasmus,AM Saheba,EC Hendrikse,20,"CH Gayle, BB McCullum, LR Shukla, BJ Hodge, SC Ganguly, SB Bangar, Yashpal Singh, AB Agarkar, I Sharma, BAW Mendis, Anureet Singh","GC Smith, PC Valthaty, RJ Quiney, YK Pathan, RA Jadeja, AD Mascarenhas, AS Raut, SK Warne, M Rawat, MM Patel, Kamran Khan",2009
2009_8,2009.0,2009-04-23,Chennai Super Kings,Delhi Capitals,Delhi Capitals,Delhi Capitals,bat,Kingsmead,Durban,9,0,AB de Villiers,180,9,189,5,complete,D Govindjee,BR Doctrove,SJA Taufel,SD Ranade,ZTA Ndamane,20,"PA Patel, ML Hayden, SK Raina, MS Dhoni, A Flintoff, JA Morkel, S Badrinath, MS Gony, Joginder Sharma, L Balaji, M Muralitharan","G Gambhir, V Sehwag, AB de Villiers, TM Dilshan, KD Karthik, MK Tiwary, DL Vettori, DP Nannes, AM Salvi, PJ Sangwan, A Nehra",2009
2009_9,2009.0,2009-04-24,Royal Challengers Bengaluru,Punjab Kings,Punjab Kings,Royal Challengers Bengaluru,bat,Kingsmead,Durban,0,7,RS Bopara,168,9,173,3,complete,D Govindjee,BR Doctrove,TH Wijewardene,SJA Taufel,ZTA Ndamane,20,"JD Ryder, RV Uthappa, JH Kallis, KP Pietersen, R Dravid, LRPL Taylor, V Kohli, P Kumar, R Vinay Kumar, Pankaj Singh, A Kumble","RS Bopara, K Goel, KC Sangakkara, Yuvraj Singh, DPMD Jayawardene, IK Pathan, WA Mota, PP Chawla, VRV Singh, RR Bose, YA Abdulla",2009
2010_0,2010.0,2010-12-03,Deccan Chargers,Kolkata Knight Riders,Kolkata Knight Riders,Deccan Chargers,field,Dr DY Patil Sports Academy,Mumbai,11,0,AD Mathews,150,7,161,4,complete,AJ Pycroft,RE Koertzen,RB Tiffin,BG Jerling,SN Bandekar,20,"AC Gilchrist, VVS Laxman, HH Gibbs, A Symonds, RG Sharma, Anirudh Singh, TL Suman, WPUJC Vaas, Jaskaran Singh, RP Singh, PP Ojha","MK Tiwary, BJ Hodge, SC Ganguly, CA Pujara, OA Shah, AD Mathews, WP Saha, LR Shukla, M Kartik, CK Langeveldt, I Sharma",2010
2010_1,2010.0,,Punjab Kings,Delhi Capitals,Delhi Capitals,Delhi Capitals,field,"Punjab Cricket Association Stadium, Mohali",Chandigarh,0,5,G Gambhir,142,9,146,5,complete,S Venkataraghavan,BR Doctrove,S Ravi,SK Tarapore,C Shamshuddin,20,"RS Bopara, MS Bisla, KC Sangakkara, Yuvraj Singh, DPMD Jayawardene, IK Pathan, M Kaif, PP Chawla, RR Powar, S Sreesanth, YA Abdulla","G Gambhir, V Sehwag, TM Dilshan, AB de Villiers, KD Karthik, M Manhas, MF Maharoof, A Mishra, PJ Sangwan, VY Mahesh, DP Nannes",2010
2010_10,2010.0,,Deccan Chargers,Punjab Kings,Deccan Chargers,Punjab Kings,field,Barabati Stadium,Cuttack,6,0,A Symonds,170,8,164,8,complete,GR Viswanath,BF Bowden,M Erasmus,AM Saheba,BK Ravi,20,"AC Gilchrist, VVS Laxman, HH Gibbs, A Symonds, RG Sharma, Anirudh Singh, TL Suman, WPUJC Vaas, Jaskaran Singh, RP Singh, PP Ojha","RS Bopara, MS Bisla, KC Sangakkara, Yuvraj Singh, DPMD Jayawardene, AB Barath, IK Pathan, PP Chawla, Bipul Sharma, S Sreesanth, SJ Srivastava",2010
2010_11,2010.0,,Delhi Capitals,Chennai Super Kings,Chennai Super Kings,Delhi Capitals,bat,Feroz Shah Kotla,Delhi,0,5,ML Hayden,185,6,190,5,complete,S Venkataraghavan,BR Doctrove,SK Tarapore,S Ravi,AK Chaudhary,20,"DA Warner, V Sehwag, TM Dilshan, KD Karthik, AB de Villiers, M Manhas, R Bhatia, A Mishra, PJ Sangwan, DP Nannes, UT Yadav","PA Patel, ML Hayden, S Badrinath, SK Raina, JA Morkel, JM Kemp, M Vijay, R Ashwin, L Balaji, M Muralitharan, Joginder Sharma",2010
2010_12,2010.0,,Mumbai Indians,Royal Challengers Bengaluru,Royal Challengers Bengaluru,Mumbai Indians,bat,Brabourne Stadium,Mumbai,0,7,JH Kallis,151,9,155,3,complete,Yashpal Sharma,HDPK Dharmasena,SS Hazare,SK Tarapore,SN Bandekar,20,"ST Jayasuriya, SR Tendulkar, AP Tare, SS Tiwary, AT Rayudu, DJ Bravo, R Sathish, KA Pollard, Harbhajan Singh, Z Khan, SL Malinga","MK Pandey, JH Kallis, RV Uthappa, V Kohli, EJG Morgan, R Dravid, MV Boucher, P Kumar, A Kumble, DW Steyn, R Vinay Kumar",2010
2010_13,2010.0,,Rajasthan Royals,Kolkata Knight Riders,Rajasthan Royals,Rajasthan Royals,bat,"Sardar Patel Stadium, Motera",Ahmedabad,34,0,AA Jhunjhunwala,168,7,134,5,complete,AJ Pycroft,RE Koertzen,RB Tiffin,BG Jerling,S Dua,20,"MJ Lumb, NV Ojha, FY Fazal, AA Jhunjhunwala, YK Pathan, AC Voges, P Dogra, SK Warne, MM Patel, SK Trivedi, SW Tait","MK Tiwary, BJ Hodge, CA Pujara, SC Ganguly, OA Shah, AD Mathews, WP Saha, M Kartik, AB Dinda, SE Bond, I Sharma",2010
2010_14,2010.0,,Chennai Super Kings,Punjab Kings,,Chennai Super Kings,field,"MA Chidambaram Stadium, Chepauk",Chennai,0,0,J Theron,145,9,146,9,tie,S Venkataraghavan,K Hariharan,DJ Harper,S Das,Unknown,20,"PA Patel, ML Hayden, SK Raina, M Vijay, S Badrinath, JA Morkel, MS Gony, R Ashwin, JM Kemp, L Balaji, M Muralitharan","RS Bopara, IK Pathan, KC Sangakkara, DPMD Jayawardene, Yuvraj Singh, M Kaif, MS Bisla, PP Chawla, J Theron, RR Powar, SJ Srivastava",2010
2010_15,2010.0,,Deccan Chargers,Delhi Capitals,Deccan Chargers,Deccan Chargers,bat,Barabati Stadium,Cuttack,10,0,A Symonds,171,6,161,9,complete,GR Viswanath,BF Bowden,M Erasmus,AM Saheba,BK Ravi,20,"MD Mishra, AC Gilchrist, HH Gibbs, A Symonds, RG Sharma, TL Suman, Y Venugopal Rao, WPUJC Vaas, R Sharma, PP Ojha, RP Singh","DA Warner, V Sehwag, AB de Villiers, KD Karthik, M Manhas, MC Henriques, Y Nagar, A Mishra, UT Yadav, S Ladda, DP Nannes",2010
2010_16,2010.0,,Mumbai Indians,Kolkata Knight Riders,Mumbai Indians,Kolkata Knight Riders,bat,Brabourne Stadium,Mumbai,0,7,SR Tendulkar,156,3,155,3,complete,Yashpal Sharma,SS Hazare,SJA Taufel,HDPK Dharmasena,VM Bandiwadekar,20,"S Dhawan, SR Tendulkar, SS Tiwary, KA Pollard, R Sathish, AP Tare, DJ Bravo, R McLaren, Harbhajan Singh, Z Khan, SL Malinga","CH Gayle, SC Ganguly, OA Shah, AD Mathews, CA Pujara, Mandeep Singh, WP Saha, M Kartik, Harpreet Singh, SE Bond, I Sharma",2010
2010_17,2010.0,,Royal Challengers Bengaluru,Chennai Super Kings,Royal Challengers Bengaluru,Chennai Super Kings,field,M Chinnaswamy Stadium,Bangalore,36,0,RV Uthappa,171,5,135,7,complete,AJ Pycroft,RE Koertzen,RB Tiffin,BG Jerling,KN Ananthapadmanabhan,20,"MK Pandey, JH Kallis, R Dravid, RV Uthappa, V Kohli, EJG Morgan, MV Boucher, P Kumar, A Kumble, DW Steyn, R Vinay Kumar","PA Patel, ML Hayden, GJ Bailey, SK Raina, M Vijay, S Badrinath, JA Morkel, R Ashwin, L Balaji, M Muralitharan, S Tyagi",2010
2010_18,2010.0,,Punjab Kings,Rajasthan Royals,Rajasthan Royals,Punjab Kings,field,"Punjab Cricket Association Stadium, Mohali",Chandigarh,31,0,AC Voges,152,10,183,5,complete,S Venkataraghavan,BR Doctrove,SK Tarapore,S Ravi,C Shamshuddin,20,"RS Bopara, KC Sangakkara, MS Bisla, Yuvraj Singh, DPMD Jayawardene, IK Pathan, M Kaif, PP Chawla, J Theron, S Sreesanth, SJ Srivastava","MJ Lumb, NV Ojha, FY Fazal, YK Pathan, AC Voges, P Dogra, AA Jhunjhunwala, SK Warne, MM Patel, SK Trivedi, SW Tait",2010
2010_19,2010.0,,Chennai Super Kings,Mumbai Indians,Mumbai Indians,Mumbai Indians,field,"Brabourne Stadium, Mumbai",Mumbai,0,5,SR Tendulkar,180,2,181,5,complete,GR Viswanath,AM Saheba,BF Bowden,M Erasmus,SN Bandekar,20,"PA Patel, ML Hayden, SK Raina, S Badrinath, MS Dhoni, JA Morkel, NLTC Perera, Joginder Sharma, L Balaji, M Muralitharan, SB Jakati","S Dhawan, SR Tendulkar, SS Tiwary, R Sathish, KA Pollard, DJ Bravo, R McLaren, AP Tare, Harbhajan Singh, Z Khan, SL Malinga",2010
2010_2,2010.0,,Mumbai Indians,Rajasthan Royals,Mumbai Indians,Mumbai Indians,bat,Brabourne Stadium,Mumbai,4,0,YK Pathan,212,7,208,7,complete,AJ Pycroft,RE Koertzen,RB Tiffin,BG Jerling,VM Bandiwadekar,20,"ST Jayasuriya, SR Tendulkar, AP Tare, SS Tiwary, AT Rayudu, R Sathish, Harbhajan Singh, R McLaren, Z Khan, SL Malinga, AG Murtaza","GC Smith, SA Asnodkar, NV Ojha, AA Jhunjhunwala, YK Pathan, P Dogra, AD Mascarenhas, A Uniyal, SK Warne, Kamran Khan, SW Tait",2010
2010_20,2010.0,,Royal Challengers Bengaluru,Delhi Capitals,Delhi Capitals,Royal Challengers Bengaluru,field,M Chinnaswamy Stadium,Bangalore,17,0,KM Jadhav,166,9,183,4,complete,AJ Pycroft,BG Jerling,RE Koertzen,RB Tiffin,KN Ananthapadmanabhan,20,"MK Pandey, JH Kallis, RV Uthappa, R Dravid, EJG Morgan, V Kohli, MV Boucher, R Vinay Kumar, P Kumar, DW Steyn, A Kumble","DA Warner, V Sehwag, AB de Villiers, KD Karthik, KM Jadhav, AB McDonald, M Manhas, A Mishra, DP Nannes, UT Yadav, PJ Sangwan",2010
2010_21,2010.0,,Rajasthan Royals,Deccan Chargers,Rajasthan Royals,Deccan Chargers,bat,"Sardar Patel Stadium, Motera",Ahmedabad,0,8,YK Pathan,151,2,148,9,complete,RS Mahanama,HDPK Dharmasena,SJA Taufel,SS Hazare,S Dua,20,"MJ Lumb, NV Ojha, YK Pathan, FY Fazal, AC Voges, AA Jhunjhunwala, P Dogra, SK Warne, S Narwal, SK Trivedi, SW Tait","AC Gilchrist, VVS Laxman, HH Gibbs, A Symonds, RG Sharma, TL Suman, Y Venugopal Rao, WPUJC Vaas, R Sharma, RP Singh, PP Ojha",2010
2010_22,2010.0,,Punjab Kings,Kolkata Knight Riders,Kolkata Knight Riders,Kolkata Knight Riders,bat,"Punjab Cricket Association Stadium, Mohali",Chandigarh,39,0,MK Tiwary,144,6,183,5,complete,S Venkataraghavan,BR Doctrove,S Ravi,SK Tarapore,C Shamshuddin,20,"RS Bopara, Yuvraj Singh, MS Bisla, KC Sangakkara, DPMD Jayawardene, IK Pathan, K Goel, B Lee, PP Chawla, SJ Srivastava, VS Malik","CH Gayle, SC Ganguly, Mandeep Singh, MK Tiwary, DJ Hussey, AD Mathews, WP Saha, SE Bond, AB Agarkar, AB Dinda, Iqbal Abdulla",2010
2010_23,2010.0,,Rajasthan Royals,Chennai Super Kings,Rajasthan Royals,Rajasthan Royals,bat,"Sardar Patel Stadium, Motera",Ahmedabad,17,0,NV Ojha,177,8,160,6,complete,RS Mahanama,SS Hazare,SJA Taufel,HDPK Dharmasena,S Dua,20,"MJ Lumb, NV Ojha, FY Fazal, YK Pathan, AC Voges, AA Jhunjhunwala, P Dogra, S Narwal, SK Warne, SW Tait, SK Trivedi","M Vijay, ML Hayden, SK Raina, MS Dhoni, S Badrinath, JA Morkel, KB Arun Karthik, T Thushara, Joginder Sharma, M Muralitharan, SB Jakati",2010
2010_24,2010.0,,Deccan Chargers,Mumbai Indians,Mumbai Indians,Deccan Chargers,field,Dr DY Patil Sports Academy,Mumbai,41,0,Harbhajan Singh,131,10,172,7,complete,GR Viswanath,S Das,K Hariharan,DJ Harper,SN Bandekar,20,"AC Gilchrist, MD Mishra, HH Gibbs, A Symonds, RG Sharma, TL Suman, Y Venugopal Rao, Jaskaran Singh, KAJ Roach, RP Singh, PP Ojha","S Dhawan, SR Tendulkar, DJ Bravo, SS Tiwary, AT Rayudu, R Sathish, KA Pollard, R McLaren, Harbhajan Singh, Z Khan, SL Malinga",2010
2010_25,2010.0,,Delhi Capitals,Kolkata Knight Riders,Delhi Capitals,Delhi Capitals,bat,Feroz Shah Kotla,Delhi,40,0,DA Warner,177,4,137,9,complete,RS Mahanama,SS Hazare,SJA Taufel,HDPK Dharmasena,AK Chaudhary,20,"DA Warner, V Sehwag, G Gambhir, KD Karthik, PD Collingwood, KM Jadhav, AB McDonald, A Mishra, DP Nannes, UT Yadav, R Bhatia","CH Gayle, SC Ganguly, Mandeep Singh, MK Tiwary, DJ Hussey, AD Mathews, WP Saha, AB Agarkar, M Kartik, CK Langeveldt, I Sharma",2010
2010_26,2010.0,,Mumbai Indians,Punjab Kings,Mumbai Indians,Mumbai Indians,field,Brabourne Stadium,Mumbai,0,4,SL Malinga,164,6,163,10,complete,S Venkataraghavan,BR Doctrove,SK Tarapore,S Ravi,VM Bandiwadekar,20,"S Dhawan, SR Tendulkar, KA Pollard, SS Tiwary, AT Rayudu, DJ Bravo, R Sathish, Harbhajan Singh, R McLaren, Z Khan, SL Malinga","RS Bopara, SE Marsh, MS Bisla, DPMD Jayawardene, Yuvraj Singh, IK Pathan, B Lee, K Goel, PP Chawla, VS Malik, SJ Srivastava",2010
2010_27,2010.0,,Chennai Super Kings,Royal Challengers Bengaluru,Chennai Super Kings,Royal Challengers Bengaluru,bat,"MA Chidambaram Stadium, Chepauk",Chennai,0,5,M Vijay,162,5,161,4,complete,AJ Pycroft,BG Jerling,RE Koertzen,RB Tiffin,J Madanagopal,20,"M Vijay, ML Hayden, SK Raina, MS Dhoni, JA Morkel, S Badrinath, C Ganapathy, MS Gony, M Muralitharan, T Thushara, SB Jakati","MK Pandey, JH Kallis, RV Uthappa, V Kohli, KP Pietersen, CL White, R Dravid, P Kumar, A Kumble, DW Steyn, R Vinay Kumar",2010
2010_28,2010.0,,Delhi Capitals,Rajasthan Royals,Delhi Capitals,Delhi Capitals,bat,Feroz Shah Kotla,Delhi,67,0,KD Karthik,188,6,121,10,complete,RS Mahanama,HDPK Dharmasena,SJA Taufel,SS Hazare,AK Chaudhary,20,"DA Warner, V Sehwag, G Gambhir, PD Collingwood, KM Jadhav, KD Karthik, AB McDonald, A Mishra, MF Maharoof, S Ladda, UT Yadav","MJ Lumb, NV Ojha, FY Fazal, AA Jhunjhunwala, AC Voges, YK Pathan, P Dogra, SK Warne, S Narwal, SW Tait, SK Trivedi",2010
2010_29,2010.0,2010-01-04,Kolkata Knight Riders,Deccan Chargers,Kolkata Knight Riders,Kolkata Knight Riders,bat,Eden Gardens,Kolkata,24,0,SC Ganguly,181,6,157,5,complete,GR Viswanath,K Hariharan,DJ Harper,S Asnani,R Shankar,20,"SC Ganguly, CH Gayle, CA Pujara, MK Tiwary, DJ Hussey, AD Mathews, WP Saha, AB Agarkar, M Kartik, SE Bond, MB Parmar","HH Gibbs, AC Gilchrist, MD Mishra, A Symonds, RG Sharma, TL Suman, Y Venugopal Rao, Jaskaran Singh, KAJ Roach, Harmeet Singh, PP Ojha",2010
2010_3,2010.0,,Kolkata Knight Riders,Royal Challengers Bengaluru,Kolkata Knight Riders,Kolkata Knight Riders,field,Eden Gardens,Kolkata,0,7,MK Tiwary,136,3,135,7,complete,Yashpal Sharma,HDPK Dharmasena,AM Saheba,M Erasmus,R Shankar,20,"BJ Hodge, MK Tiwary, SC Ganguly, CA Pujara, OA Shah, RS Gavaskar, AD Mathews, WP Saha, M Kartik, CK Langeveldt, I Sharma","JH Kallis, SP Goswami, MK Pandey, V Kohli, EJG Morgan, R Dravid, RV Uthappa, RE van der Merwe, P Kumar, A Kumble, DW Steyn",2010
2010_30,2010.0,2010-02-04,Punjab Kings,Royal Challengers Bengaluru,Royal Challengers Bengaluru,Punjab Kings,bat,"Punjab Cricket Association Stadium, Mohali",Chandigarh,0,6,KP Pietersen,181,5,184,4,complete,D Govindjee,BF Bowden,M Erasmus,AM Saheba,C Shamshuddin,20,"SE Marsh, MS Bisla, KC Sangakkara, RS Bopara, Yuvraj Singh, IK Pathan, B Lee, PP Chawla, SJ Srivastava, Bipul Sharma, S Sreesanth","MK Pandey, JH Kallis, KP Pietersen, V Kohli, RV Uthappa, CL White, R Dravid, P Kumar, A Kumble, R Vinay Kumar, DW Steyn",2010
2010_31,2010.0,2010-03-04,Mumbai Indians,Deccan Chargers,Mumbai Indians,Mumbai Indians,bat,Brabourne Stadium,Mumbai,63,0,AT Rayudu,178,5,115,10,complete,S Venkataraghavan,BR Doctrove,S Ravi,SK Tarapore,SN Bandekar,20,"S Dhawan, SR Tendulkar, SS Tiwary, DJ Bravo, AT Rayudu, KA Pollard, R Sathish, R McLaren, Harbhajan Singh, Z Khan, SL Malinga","HH Gibbs, AC Gilchrist, VVS Laxman, A Symonds, RG Sharma, MD Mishra, TL Suman, RJ Harris, R Sharma, Jaskaran Singh, PP Ojha",2010
2010_32,2010.0,2010-03-04,Chennai Super Kings,Rajasthan Royals,Chennai Super Kings,Chennai Super Kings,bat,"MA Chidambaram Stadium, Chepauk",Chennai,23,0,M Vijay,246,5,223,5,complete,AJ Pycroft,RE Koertzen,RB Tiffin,BG Jerling,J Madanagopal,20,"M Vijay, ML Hayden, SK Raina, JA Morkel, MS Dhoni, S Badrinath, S Anirudha, M Muralitharan, SB Jakati, DE Bollinger, S Tyagi","MJ Lumb, NV Ojha, YK Pathan, SR Watson, FY Fazal, AA Jhunjhunwala, AS Raut, S Narwal, SB Wagh, SK Warne, SW Tait",2010
2010_33,2010.0,2010-04-04,Kolkata Knight Riders,Punjab Kings,Punjab Kings,Kolkata Knight Riders,bat,Eden Gardens,Kolkata,0,8,DPMD Jayawardene,200,3,204,2,complete,J Srinath,S Asnani,DJ Harper,K Hariharan,R Shankar,20,"SC Ganguly, CH Gayle, MK Tiwary, AD Mathews, DJ Hussey, CA Pujara, WP Saha, AB Agarkar, M Kartik, SE Bond, JD Unadkat","MS Bisla, DPMD Jayawardene, KC Sangakkara, Yuvraj Singh, RS Bopara, IK Pathan, J Theron, PP Chawla, SJ Srivastava, Bipul Sharma, RR Powar",2010
2010_34,2010.0,2010-04-04,Delhi Capitals,Royal Challengers Bengaluru,Delhi Capitals,Delhi Capitals,bat,Feroz Shah Kotla,Delhi,37,0,PD Collingwood,184,5,147,9,complete,D Govindjee,BF Bowden,M Erasmus,AM Saheba,AK Chaudhary,20,"DA Warner, V Sehwag, G Gambhir, PD Collingwood, KD Karthik, KM Jadhav, DL Vettori, R Bhatia, A Mishra, MF Maharoof, PJ Sangwan","JH Kallis, CL White, KP Pietersen, RV Uthappa, LRPL Taylor, V Kohli, R Dravid, R Vinay Kumar, A Mithun, A Kumble, KP Appanna",2010
2010_35,2010.0,2010-05-04,Deccan Chargers,Rajasthan Royals,Rajasthan Royals,Rajasthan Royals,bat,"Vidarbha Cricket Association Stadium, Jamtha",Nagpur,2,0,SK Warne,157,10,159,10,complete,RS Mahanama,HDPK Dharmasena,SJA Taufel,SS Hazare,VM Bandiwadekar,20,"VVS Laxman, AC Gilchrist, RG Sharma, A Symonds, Anirudh Singh, DR Smith, AA Bilakhia, RJ Harris, RP Singh, Harmeet Singh, PP Ojha","MJ Lumb, NV Ojha, FY Fazal, SR Watson, YK Pathan, AA Jhunjhunwala, AS Raut, SK Warne, M Morkel, AP Dole, SK Trivedi",2010
2010_36,2010.0,2010-06-04,Chennai Super Kings,Mumbai Indians,Chennai Super Kings,Chennai Super Kings,bat,"MA Chidambaram Stadium, Chepauk",Chennai,24,0,SK Raina,165,4,141,9,complete,J Srinath,S Asnani,DJ Harper,K Hariharan,J Madanagopal,20,"M Vijay, ML Hayden, SK Raina, MS Dhoni, MEK Hussey, S Badrinath, R Ashwin, SB Jakati, DE Bollinger, S Tyagi, T Thushara","S Dhawan, SR Tendulkar, SS Tiwary, AT Rayudu, DJ Bravo, KA Pollard, R Sathish, R McLaren, Harbhajan Singh, AN Ahmed, SL Malinga",2010
2010_37,2010.0,2010-07-04,Rajasthan Royals,Punjab Kings,Rajasthan Royals,Punjab Kings,bat,Sawai Mansingh Stadium,Jaipur,0,9,MJ Lumb,157,1,153,6,complete,S Venkataraghavan,S Ravi,SK Tarapore,BR Doctrove,K Sharma,20,"MJ Lumb, NV Ojha, YK Pathan, SR Watson, FY Fazal, AA Jhunjhunwala, AC Voges, AS Raut, SK Warne, SK Trivedi, AP Dole","MS Bisla, DPMD Jayawardene, KC Sangakkara, Yuvraj Singh, IK Pathan, RS Bopara, PP Chawla, Bipul Sharma, J Theron, S Sreesanth, RR Powar",2010
2010_38,2010.0,2010-07-04,Kolkata Knight Riders,Delhi Capitals,Kolkata Knight Riders,Kolkata Knight Riders,bat,Eden Gardens,Kolkata,14,0,SC Ganguly,181,3,167,8,complete,AJ Pycroft,BG Jerling,RE Koertzen,RB Tiffin,R Shankar,20,"SC Ganguly, CH Gayle, BB McCullum, MK Tiwary, AD Mathews, CA Pujara, WP Saha, AB Agarkar, Iqbal Abdulla, AB Dinda, BAW Mendis","DA Warner, V Sehwag, G Gambhir, PD Collingwood, KD Karthik, KM Jadhav, MF Maharoof, R Bhatia, DL Vettori, A Mishra, PJ Sangwan",2010
2010_39,2010.0,2010-08-04,Royal Challengers Bengaluru,Deccan Chargers,Deccan Chargers,Deccan Chargers,field,M Chinnaswamy Stadium,Bangalore,0,7,TL Suman,184,6,186,3,complete,J Srinath,S Asnani,DJ Harper,K Hariharan,KN Ananthapadmanabhan,20,"MK Pandey, JH Kallis, R Dravid, RV Uthappa, LRPL Taylor, V Kohli, CL White, P Kumar, R Vinay Kumar, A Kumble, DW Steyn","AC Gilchrist, MD Mishra, TL Suman, RG Sharma, A Symonds, Y Venugopal Rao, MR Marsh, RP Singh, PP Ojha, RJ Harris, Harmeet Singh",2010
2010_4,2010.0,,Chennai Super Kings,Deccan Chargers,Deccan Chargers,Deccan Chargers,bat,"MA Chidambaram Stadium, Chepauk",Chennai,31,0,WPUJC Vaas,159,9,190,4,complete,D Govindjee,K Hariharan,DJ Harper,S Das,J Madanagopal,20,"M Vijay, ML Hayden, SK Raina, S Badrinath, JM Kemp, MS Dhoni, JA Morkel, R Ashwin, L Balaji, M Muralitharan, S Tyagi","AC Gilchrist, VVS Laxman, HH Gibbs, A Symonds, RG Sharma, TL Suman, Anirudh Singh, WPUJC Vaas, Jaskaran Singh, RP Singh, PP Ojha",2010
2010_40,2010.0,2010-09-04,Punjab Kings,Mumbai Indians,Punjab Kings,Mumbai Indians,bat,"Punjab Cricket Association Stadium, Mohali",Chandigarh,0,6,KC Sangakkara,158,4,154,9,complete,D Govindjee,M Erasmus,AM Saheba,BF Bowden,C Shamshuddin,20,"AB Barath, DPMD Jayawardene, KC Sangakkara, Yuvraj Singh, IK Pathan, RS Sodhi, K Goel, PP Chawla, RR Powar, B Lee, L Ablish","S Dhawan, SR Tendulkar, AT Rayudu, SS Tiwary, JP Duminy, R Sathish, KA Pollard, Harbhajan Singh, R McLaren, Z Khan, SL Malinga",2010
2010_41,2010.0,2010-10-04,Royal Challengers Bengaluru,Kolkata Knight Riders,Royal Challengers Bengaluru,Royal Challengers Bengaluru,field,M Chinnaswamy Stadium,Bangalore,0,7,R Vinay Kumar,162,3,160,9,complete,J Srinath,K Hariharan,DJ Harper,S Asnani,KN Ananthapadmanabhan,20,"S Sriram, JH Kallis, R Dravid, RV Uthappa, LRPL Taylor, CL White, V Kohli, R Vinay Kumar, P Kumar, A Kumble, DW Steyn","SC Ganguly, CH Gayle, BB McCullum, MK Tiwary, AD Mathews, WP Saha, CA Pujara, AB Agarkar, AB Dinda, I Sharma, BAW Mendis",2010
2010_42,2010.0,2010-10-04,Deccan Chargers,Chennai Super Kings,Deccan Chargers,Chennai Super Kings,bat,"Vidarbha Cricket Association Stadium, Jamtha",Nagpur,0,6,RJ Harris,139,4,138,8,complete,RS Mahanama,HDPK Dharmasena,SJA Taufel,SS Hazare,VM Bandiwadekar,20,"MD Mishra, AC Gilchrist, TL Suman, RG Sharma, A Symonds, DR Smith, B Sumanth, RP Singh, PP Ojha, RJ Harris, Harmeet Singh","M Vijay, ML Hayden, SK Raina, MS Dhoni, MEK Hussey, S Badrinath, R Ashwin, T Thushara, SB Jakati, DE Bollinger, S Tyagi",2010
2010_43,2010.0,2010-11-04,Rajasthan Royals,Mumbai Indians,Mumbai Indians,Rajasthan Royals,field,Sawai Mansingh Stadium,Jaipur,37,0,SR Tendulkar,137,8,174,5,complete,S Venkataraghavan,BR Doctrove,SK Tarapore,S Ravi,K Sharma,20,"MJ Lumb, NV Ojha, FY Fazal, SR Watson, AA Jhunjhunwala, AC Voges, YK Pathan, AS Raut, AP Dole, SK Warne, SK Trivedi","ST Jayasuriya, SR Tendulkar, AT Rayudu, SS Tiwary, JP Duminy, KA Pollard, R Sathish, DS Kulkarni, Harbhajan Singh, SL Malinga, Z Khan",2010
2010_44,2010.0,2010-11-04,Delhi Capitals,Punjab Kings,Punjab Kings,Delhi Capitals,bat,Feroz Shah Kotla,Delhi,0,7,PP Chawla,111,10,112,3,complete,D Govindjee,BF Bowden,AM Saheba,M Erasmus,AK Chaudhary,20,"DA Warner, V Sehwag, G Gambhir, PD Collingwood, KD Karthik, DL Vettori, M Manhas, R Bhatia, MF Maharoof, A Mishra, A Nehra","DPMD Jayawardene, IK Pathan, KC Sangakkara, Yuvraj Singh, AB Barath, J Theron, K Goel, RS Sodhi, PP Chawla, RR Powar, L Ablish",2010
2010_45,2010.0,2010-12-04,Deccan Chargers,Royal Challengers Bengaluru,Deccan Chargers,Royal Challengers Bengaluru,field,"Vidarbha Cricket Association Stadium, Jamtha",Nagpur,13,0,Harmeet Singh,151,6,138,10,complete,AJ Pycroft,RE Koertzen,RB Tiffin,BG Jerling,VM Bandiwadekar,20,"HH Gibbs, AC Gilchrist, TL Suman, RG Sharma, MD Mishra, A Symonds, RJ Harris, B Sumanth, RP Singh, PP Ojha, Harmeet Singh","MK Pandey, JH Kallis, R Dravid, RV Uthappa, LRPL Taylor, V Kohli, CL White, R Vinay Kumar, DW Steyn, A Kumble, KP Appanna",2010
2010_46,2010.0,,Chennai Super Kings,Kolkata Knight Riders,Chennai Super Kings,Kolkata Knight Riders,bat,"MA Chidambaram Stadium, Chepauk",Chennai,0,9,R Ashwin,143,1,139,8,complete,GR Viswanath,SS Hazare,SJA Taufel,HDPK Dharmasena,J Madanagopal,20,"M Vijay, ML Hayden, SK Raina, S Anirudha, MS Dhoni, S Badrinath, JA Morkel, R Ashwin, SB Jakati, M Muralitharan, DE Bollinger","SC Ganguly, CH Gayle, BB McCullum, MK Tiwary, DJ Hussey, AD Mathews, WP Saha, LR Shukla, AB Agarkar, Iqbal Abdulla, AB Dinda",2010
2010_47,2010.0,,Mumbai Indians,Delhi Capitals,Mumbai Indians,Mumbai Indians,bat,Brabourne Stadium,Mumbai,39,0,KA Pollard,183,4,144,7,complete,J Srinath,S Asnani,DJ Harper,K Hariharan,SN Bandekar,20,"C Madan, SR Tendulkar, SS Tiwary, AT Rayudu, JP Duminy, KA Pollard, DJ Bravo, Harbhajan Singh, AG Murtaza, Z Khan, CRD Fernando","DA Warner, V Sehwag, G Gambhir, KD Karthik, AB de Villiers, PD Collingwood, AB McDonald, A Mishra, PJ Sangwan, A Nehra, S Ladda",2010
2010_48,2010.0,,Rajasthan Royals,Royal Challengers Bengaluru,Royal Challengers Bengaluru,Rajasthan Royals,bat,Sawai Mansingh Stadium,Jaipur,0,5,KP Pietersen,130,6,132,5,complete,S Venkataraghavan,BR Doctrove,S Ravi,SK Tarapore,K Sharma,20,"MJ Lumb, NV Ojha, AG Paunikar, SR Watson, AA Jhunjhunwala, YK Pathan, AC Voges, AS Raut, Kamran Khan, SK Warne, SK Trivedi","MK Pandey, JH Kallis, KP Pietersen, RV Uthappa, V Kohli, LRPL Taylor, R Dravid, R Vinay Kumar, Pankaj Singh, A Kumble, DW Steyn",2010
2010_49,2010.0,,Chennai Super Kings,Delhi Capitals,Delhi Capitals,Chennai Super Kings,bat,"MA Chidambaram Stadium, Chepauk",Chennai,0,6,G Gambhir,112,9,113,4,complete,GR Viswanath,HDPK Dharmasena,SS Hazare,SJA Taufel,J Madanagopal,20,"M Vijay, ML Hayden, MS Dhoni, SK Raina, MEK Hussey, S Badrinath, JA Morkel, R Ashwin, L Balaji, DE Bollinger, SB Jakati","V Sehwag, DA Warner, TM Dilshan, G Gambhir, KD Karthik, M Manhas, PD Collingwood, A Mishra, A Nehra, DP Nannes, UT Yadav",2010
2010_5,2010.0,,Rajasthan Royals,Delhi Capitals,Delhi Capitals,Delhi Capitals,field,"Sardar Patel Stadium, Motera",Ahmedabad,0,6,V Sehwag,141,6,142,4,complete,AJ Pycroft,BG Jerling,RE Koertzen,RB Tiffin,S Dua,20,"SA Asnodkar, GC Smith, NV Ojha, YK Pathan, AA Jhunjhunwala, P Dogra, AD Mascarenhas, A Uniyal, SK Warne, SW Tait, MM Patel","G Gambhir, V Sehwag, TM Dilshan, AB de Villiers, KD Karthik, M Manhas, MF Maharoof, A Mishra, S Ladda, PJ Sangwan, DP Nannes",2010
2010_50,2010.0,,Punjab Kings,Deccan Chargers,Deccan Chargers,Deccan Chargers,field,Himachal Pradesh Cricket Association Stadium,Dharamsala,0,5,RG Sharma,174,3,178,5,complete,D Govindjee,M Erasmus,AM Saheba,BF Bowden,C Shamshuddin,20,"DPMD Jayawardene, SE Marsh, KC Sangakkara, Yuvraj Singh, IK Pathan, K Goel, J Theron, RS Sodhi, PP Chawla, SJ Srivastava, VS Malik","AC Gilchrist, MD Mishra, TL Suman, RG Sharma, A Symonds, MR Marsh, B Sumanth, RP Singh, PP Ojha, RJ Harris, R Sharma",2010
2010_51,2010.0,,Kolkata Knight Riders,Rajasthan Royals,Kolkata Knight Riders,Rajasthan Royals,bat,Eden Gardens,Kolkata,0,8,JD Unadkat,133,2,132,9,complete,AJ Pycroft,BG Jerling,RB Tiffin,RE Koertzen,R Shankar,20,"SC Ganguly, BB McCullum, CH Gayle, CA Pujara, MK Tiwary, AD Mathews, LR Shukla, JD Unadkat, M Kartik, AB Dinda, SE Bond","SR Watson, NV Ojha, YK Pathan, AJ Finch, AC Voges, AS Raut, P Dogra, FY Fazal, SK Warne, SK Trivedi, Kamran Khan",2010
2010_52,2010.0,,Royal Challengers Bengaluru,Mumbai Indians,Mumbai Indians,Royal Challengers Bengaluru,field,M Chinnaswamy Stadium,Bangalore,57,0,R McLaren,134,9,191,4,complete,GR Viswanath,HDPK Dharmasena,SJA Taufel,SS Hazare,KN Ananthapadmanabhan,20,"MK Pandey, JH Kallis, KP Pietersen, R Dravid, RV Uthappa, LRPL Taylor, V Kohli, DW Steyn, R Vinay Kumar, Pankaj Singh, A Kumble","R McLaren, SR Tendulkar, AT Rayudu, KA Pollard, JP Duminy, AM Nayar, SS Tiwary, AP Tare, Harbhajan Singh, Z Khan, CRD Fernando",2010
2010_53,2010.0,,Punjab Kings,Chennai Super Kings,Chennai Super Kings,Chennai Super Kings,field,Himachal Pradesh Cricket Association Stadium,Dharamsala,0,6,MS Dhoni,192,3,195,4,complete,D Govindjee,BF Bowden,AM Saheba,M Erasmus,C Shamshuddin,20,"DPMD Jayawardene, SE Marsh, KC Sangakkara, Yuvraj Singh, IK Pathan, K Goel, J Theron, RR Powar, PP Chawla, S Sohal, VRV Singh","M Vijay, ML Hayden, SK Raina, S Badrinath, MS Dhoni, JA Morkel, JM Kemp, R Ashwin, SB Jakati, DE Bollinger, S Tyagi",2010
2010_54,2010.0,,Delhi Capitals,Deccan Chargers,Deccan Chargers,Deccan Chargers,bat,Feroz Shah Kotla,Delhi,11,0,A Symonds,134,7,145,7,complete,S Venkataraghavan,BR Doctrove,SK Tarapore,S Ravi,AK Chaudhary,20,"DA Warner, V Sehwag, TM Dilshan, G Gambhir, M Manhas, PD Collingwood, KD Karthik, A Mishra, A Nehra, DP Nannes, UT Yadav","AC Gilchrist, MD Mishra, TL Suman, RG Sharma, A Symonds, MR Marsh, B Sumanth, WPUJC Vaas, R Sharma, PP Ojha, Harmeet Singh",2010
2010_55,2010.0,,Kolkata Knight Riders,Mumbai Indians,Kolkata Knight Riders,Mumbai Indians,bat,Eden Gardens,Kolkata,0,9,M Kartik,135,1,133,8,complete,AJ Pycroft,BG Jerling,RE Koertzen,RB Tiffin,R Shankar,20,"SC Ganguly, BB McCullum, DJ Hussey, MK Tiwary, AD Mathews, CA Pujara, WP Saha, JD Unadkat, M Kartik, AB Dinda, SE Bond","AP Tare, S Dhawan, SS Tiwary, JP Duminy, R Sathish, DJ Bravo, AT Rayudu, STR Binny, R McLaren, AG Murtaza, CRD Fernando",2010
2010_56,2010.0,,Royal Challengers Bengaluru,Mumbai Indians,Mumbai Indians,Mumbai Indians,bat,Dr DY Patil Sports Academy,Mumbai,35,0,KA Pollard,149,9,184,5,complete,J Srinath,BR Doctrove,RB Tiffin,DJ Harper,SN Bandekar,20,"JH Kallis, R Dravid, KP Pietersen, RV Uthappa, LRPL Taylor, V Kohli, MK Pandey, P Kumar, R Vinay Kumar, DW Steyn, A Kumble","S Dhawan, SR Tendulkar, AM Nayar, AT Rayudu, JP Duminy, SS Tiwary, KA Pollard, Harbhajan Singh, Z Khan, CRD Fernando, SL Malinga",2010
2010_57,2010.0,,Chennai Super Kings,Deccan Chargers,Chennai Super Kings,Chennai Super Kings,bat,Dr DY Patil Sports Academy,Mumbai,38,0,DE Bollinger,142,7,104,10,complete,J Srinath,BR Doctrove,RB Tiffin,DJ Harper,SN Bandekar,20,"M Vijay, ML Hayden, SK Raina, S Badrinath, MS Dhoni, JA Morkel, S Anirudha, R Ashwin, SB Jakati, DE Bollinger, M Muralitharan","AC Gilchrist, HH Gibbs, TL Suman, RG Sharma, A Symonds, MD Mishra, B Sumanth, RJ Harris, Harmeet Singh, RP Singh, PP Ojha",2010
2010_58,2010.0,,Royal Challengers Bengaluru,Deccan Chargers,Royal Challengers Bengaluru,Deccan Chargers,bat,Dr DY Patil Sports Academy,Mumbai,0,9,A Kumble,86,1,82,10,complete,S Venkataraghavan,RE Koertzen,SJA Taufel,S Ravi,SN Bandekar,20,"JH Kallis, R Dravid, KP Pietersen, RV Uthappa, V Kohli, CL White, B Akhil, P Kumar, A Kumble, ND Doshi, DW Steyn","AC Gilchrist, MD Mishra, Anirudh Singh, RG Sharma, A Symonds, DR Smith, Y Venugopal Rao, RJ Harris, R Sharma, Harmeet Singh, PP Ojha",2010
2010_59,2010.0,,Chennai Super Kings,Mumbai Indians,Chennai Super Kings,Chennai Super Kings,bat,Dr DY Patil Sports Academy,Mumbai,22,0,SK Raina,168,5,146,9,complete,S Venkataraghavan,RE Koertzen,SJA Taufel,S Ravi,SN Bandekar,20,"M Vijay, ML Hayden, SK Raina, S Badrinath, MS Dhoni, JA Morkel, S Anirudha, R Ashwin, SB Jakati, DE Bollinger, M Muralitharan","S Dhawan, SR Tendulkar, AM Nayar, Harbhajan Singh, AT Rayudu, SS Tiwary, JP Duminy, KA Pollard, Z Khan, SL Malinga, CRD Fernando",2010
2010_6,2010.0,,Royal Challengers Bengaluru,Punjab Kings,Royal Challengers Bengaluru,Punjab Kings,bat,M Chinnaswamy Stadium,Bangalore,0,8,JH Kallis,204,2,203,3,complete,D Govindjee,S Das,DJ Harper,K Hariharan,KN Ananthapadmanabhan,20,"MK Pandey, JH Kallis, RV Uthappa, V Kohli, R Dravid, EJG Morgan, MV Boucher, P Kumar, A Kumble, DW Steyn, R Vinay Kumar","RS Bopara, MS Bisla, Yuvraj Singh, DPMD Jayawardene, IK Pathan, KC Sangakkara, M Kaif, PP Chawla, Bipul Sharma, YA Abdulla, S Sreesanth",2010
2010_7,2010.0,,Kolkata Knight Riders,Chennai Super Kings,Chennai Super Kings,Chennai Super Kings,bat,Eden Gardens,Kolkata,55,0,MS Dhoni,109,10,164,3,complete,Yashpal Sharma,HDPK Dharmasena,AM Saheba,M Erasmus,R Shankar,20,"BJ Hodge, MK Tiwary, SC Ganguly, WP Saha, OA Shah, AD Mathews, LR Shukla, RS Gavaskar, SE Bond, M Kartik, I Sharma","M Vijay, ML Hayden, SK Raina, S Badrinath, MS Dhoni, JM Kemp, JA Morkel, R Ashwin, L Balaji, M Muralitharan, MS Gony",2010
2010_8,2010.0,,Delhi Capitals,Mumbai Indians,Mumbai Indians,Delhi Capitals,field,Feroz Shah Kotla,Delhi,98,0,SR Tendulkar,120,9,218,7,complete,S Venkataraghavan,BR Doctrove,SK Tarapore,S Ravi,AK Chaudhary,20,"TM Dilshan, V Sehwag, AB de Villiers, MF Maharoof, KD Karthik, M Manhas, A Mishra, PJ Sangwan, S Ladda, DP Nannes, G Gambhir","ST Jayasuriya, SR Tendulkar, AP Tare, SS Tiwary, AT Rayudu, KA Pollard, DJ Bravo, R Sathish, Harbhajan Singh, Z Khan, SL Malinga",2010
2010_9,2010.0,,Royal Challengers Bengaluru,Rajasthan Royals,Royal Challengers Bengaluru,Royal Challengers Bengaluru,field,M Chinnaswamy Stadium,Bangalore,0,10,JH Kallis,93,0,92,10,complete,D Govindjee,K Hariharan,DJ Harper,S Das,KN Ananthapadmanabhan,20,"MK Pandey, JH Kallis, RV Uthappa, V Kohli, R Dravid, EJG Morgan, MV Boucher, P Kumar, A Kumble, DW Steyn, R Vinay Kumar","NV Ojha, MJ Lumb, DR Martyn, AA Jhunjhunwala, YK Pathan, P Dogra, S Narwal, SK Warne, M Morkel, MM Patel, SK Trivedi",2010
2011_0,2011.0,2011-04-08,Chennai Super Kings,Kolkata Knight Riders,Chennai Super Kings,Chennai Super Kings,bat,"MA Chidambaram Stadium, Chepauk",Chennai,2,0,S Anirudha,153,4,151,7,complete,J Srinath,BR Doctrove,PR Reiffel,S Asnani,K Srinath,20,"S Anirudha, M Vijay, SK Raina, MS Dhoni, JA Morkel, SB Styris, S Badrinath, R Ashwin, SB Jakati, TG Southee, S Randiv","MS Bisla, JH Kallis, YK Pathan, MK Tiwary, EJG Morgan, G Gambhir, LR Shukla, R Bhatia, Iqbal Abdulla, L Balaji, S Ladda",2011
2011_1,2011.0,2011-04-09,Deccan Chargers,Rajasthan Royals,Rajasthan Royals,Rajasthan Royals,field,"Rajiv Gandhi International Stadium, Uppal",Hyderabad,0,8,SK Trivedi,137,8,141,2,complete,AJ Pycroft,RE Koertzen,SK Tarapore,SS Hazare,C Shamshuddin,20,"S Dhawan, IR Jaggi, KC Sangakkara, B Chipli, JP Duminy, DT Christian, DB Ravi Teja, DW Steyn, A Mishra, I Sharma, PP Ojha","AG Paunikar, R Dravid, J Botha, LRPL Taylor, AS Raut, AL Menaria, A Singh, JDP Oram, SK Warne, SK Trivedi, STR Binny",2011
2011_10,2011.0,2011-04-14,Deccan Chargers,Royal Challengers Bengaluru,Deccan Chargers,Royal Challengers Bengaluru,field,"Rajiv Gandhi International Stadium, Uppal",Hyderabad,33,0,DW Steyn,175,5,142,9,complete,D Govindjee,RE Koertzen,S Ravi,SK Tarapore,C Shamshuddin,20,"S Sohal, S Dhawan, KC Sangakkara, B Chipli, JP Duminy, DT Christian, DB Ravi Teja, A Mishra, DW Steyn, I Sharma, MS Gony","MA Agarwal, TM Dilshan, Z Khan, V Kohli, AB de Villiers, SS Tiwary, CA Pujara, JJ van der Wath, DL Vettori, R Ninan, S Aravind",2011
2011_11,2011.0,2011-04-15,Rajasthan Royals,Kolkata Knight Riders,Kolkata Knight Riders,Kolkata Knight Riders,field,Sawai Mansingh Stadium,Jaipur,0,9,G Gambhir,159,4,160,1,complete,AJ Pycroft,Aleem Dar,SS Hazare,RB Tiffin,R Subramanian,20,"AG Paunikar, R Dravid, AL Menaria, SR Watson, LRPL Taylor, J Botha, AS Raut, SK Warne, A Singh, SK Trivedi, ND Doshi","MS Bisla, JH Kallis, G Gambhir, MK Tiwary, YK Pathan, EJG Morgan, Shakib Al Hasan, Iqbal Abdulla, R Bhatia, B Lee, L Balaji",2011
2011_12,2011.0,2011-04-15,Mumbai Indians,Kochi Tuskers Kerala,Kochi Tuskers Kerala,Kochi Tuskers Kerala,field,Wankhede Stadium,Mumbai,0,8,BB McCullum,182,2,184,2,complete,J Srinath,BR Doctrove,PR Reiffel,S Asnani,VA Kulkarni,20,"DJ Jacobs, SR Tendulkar, AT Rayudu, KA Pollard, RG Sharma, A Symonds, R Sathish, Harbhajan Singh, AG Murtaza, MM Patel, SL Malinga","BB McCullum, DPMD Jayawardene, RA Jadeja, BJ Hodge, KM Jadhav, PA Patel, NLTC Perera, RV Gomez, R Vinay Kumar, RP Singh, RR Powar",2011
2011_13,2011.0,2011-04-16,Chennai Super Kings,Royal Challengers Bengaluru,Chennai Super Kings,Chennai Super Kings,bat,"MA Chidambaram Stadium, Chepauk",Chennai,21,0,MEK Hussey,183,5,162,7,complete,Raju Mukherjee,HDPK Dharmasena,AL Hill,K Hariharan,K Srinath,20,"MEK Hussey, M Vijay, SK Raina, MS Dhoni, JA Morkel, S Badrinath, S Anirudha, R Ashwin, SB Jakati, TG Southee, S Randiv","MA Agarwal, TM Dilshan, AUK Pathan, V Kohli, AB de Villiers, SS Tiwary, CA Pujara, JJ van der Wath, DL Vettori, R Ninan, Z Khan",2011
2011_14,2011.0,2011-04-16,Deccan Chargers,Punjab Kings,Punjab Kings,Punjab Kings,field,"Rajiv Gandhi International Stadium, Uppal",Hyderabad,0,8,PC Valthaty,165,8,166,2,complete,D Govindjee,RE Koertzen,S Ravi,SK Tarapore,C Shamshuddin,20,"S Sohal, S Dhawan, KC Sangakkara, JP Duminy, B Chipli, DT Christian, MS Gony, DB Ravi Teja, A Mishra, DW Steyn, I Sharma","AC Gilchrist, PC Valthaty, AM Nayar, KD Karthik, SE Marsh, Sunny Singh, R McLaren, P Kumar, RJ Harris, PP Chawla, VS Malik",2011
2011_15,2011.0,2011-04-17,Kolkata Knight Riders,Rajasthan Royals,Kolkata Knight Riders,Kolkata Knight Riders,field,Eden Gardens,Kolkata,0,8,L Balaji,85,2,81,10,complete,AJ Pycroft,Aleem Dar,RB Tiffin,SS Hazare,S Das,20,"JH Kallis, MS Bisla, G Gambhir, MK Tiwary, YK Pathan, EJG Morgan, Shakib Al Hasan, Iqbal Abdulla, R Bhatia, B Lee, L Balaji","SR Watson, AG Paunikar, FY Fazal, AS Raut, AL Menaria, LRPL Taylor, AM Rahane, SK Warne, A Singh, SW Tait, SK Trivedi",2011
2011_16,2011.0,2011-04-17,Pune Warriors India,Delhi Capitals,Delhi Capitals,Delhi Capitals,field,Dr DY Patil Sports Academy,Mumbai,0,3,Yuvraj Singh,187,5,190,7,complete,S Venkataraghavan,Asad Rauf,AM Saheba,SL Shastri,NA Patwardhan,20,"JD Ryder, GC Smith, M Manhas, Yuvraj Singh, RV Uthappa, MD Mishra, WD Parnell, AA Jhunjhunwala, R Sharma, SB Wagh, AC Thomas","DA Warner, V Sehwag, IK Pathan, NV Ojha, MS Wade, Y Venugopal Rao, AJ Finch, JR Hopes, S Nadeem, AB Dinda, UT Yadav",2011
2011_17,2011.0,2011-04-18,Kochi Tuskers Kerala,Chennai Super Kings,Kochi Tuskers Kerala,Kochi Tuskers Kerala,field,Nehru Stadium,Kochi,0,7,BB McCullum,135,3,131,4,complete,Raju Mukherjee,K Hariharan,AL Hill,HDPK Dharmasena,KN Ananthapadmanabhan,20,"BB McCullum, DPMD Jayawardene, PA Patel, BJ Hodge, RA Jadeja, KM Jadhav, NLTC Perera, RV Gomez, R Vinay Kumar, RP Singh, RR Powar","MEK Hussey, M Vijay, SK Raina, S Badrinath, MS Dhoni, JA Morkel, S Anirudha, R Ashwin, SB Jakati, TG Southee, DE Bollinger",2011
2011_18,2011.0,2011-04-19,Delhi Capitals,Deccan Chargers,Deccan Chargers,Deccan Chargers,bat,Feroz Shah Kotla,Delhi,16,0,S Sohal,152,7,168,4,complete,J Srinath,PR Reiffel,RJ Tucker,S Asnani,AK Chaudhary,20,"DA Warner, V Sehwag, NV Ojha, AJ Finch, Y Venugopal Rao, IK Pathan, JR Hopes, Y Nagar, M Morkel, S Nadeem, AB Dinda","S Sohal, S Dhawan, KC Sangakkara, CL White, DT Christian, B Chipli, DB Ravi Teja, A Mishra, DW Steyn, PP Ojha, Harmeet Singh",2011
2011_19,2011.0,2011-04-20,Kolkata Knight Riders,Kochi Tuskers Kerala,Kochi Tuskers Kerala,Kolkata Knight Riders,field,Eden Gardens,Kolkata,6,0,DPMD Jayawardene,126,9,132,7,complete,AJ Pycroft,Aleem Dar,RB Tiffin,SS Hazare,S Das,20,"MS Bisla, JH Kallis, G Gambhir, MK Tiwary, EJG Morgan, Shakib Al Hasan, YK Pathan, R Bhatia, B Lee, Iqbal Abdulla, L Balaji","BB McCullum, DPMD Jayawardene, PA Patel, BJ Hodge, RA Jadeja, KM Jadhav, RV Gomez, R Vinay Kumar, RR Powar, RP Singh, M Muralitharan",2011
2011_2,2011.0,2011-04-09,Kochi Tuskers Kerala,Royal Challengers Bengaluru,Royal Challengers Bengaluru,Kochi Tuskers Kerala,bat,Nehru Stadium,Kochi,0,6,AB de Villiers,161,5,162,4,complete,Raju Mukherjee,HDPK Dharmasena,K Hariharan,AL Hill,KN Ananthapadmanabhan,20,"BB McCullum, VVS Laxman, DPMD Jayawardene, BJ Hodge, RA Jadeja, RV Gomez, PA Patel, M Muralitharan, R Vinay Kumar, RP Singh, S Sreesanth","MA Agarwal, TM Dilshan, V Kohli, AB de Villiers, SS Tiwary, AUK Pathan, CA Pujara, Z Khan, DL Vettori, DP Nannes, A Mithun",2011
2011_20,2011.0,2011-04-20,Mumbai Indians,Pune Warriors India,Mumbai Indians,Pune Warriors India,bat,Wankhede Stadium,Mumbai,0,7,MM Patel,124,3,118,10,complete,Raju Mukherjee,Asad Rauf,AM Saheba,SL Shastri,VA Kulkarni,20,"JEC Franklin, SR Tendulkar, AT Rayudu, RG Sharma, A Symonds, KA Pollard, R Sathish, AN Ahmed, AG Murtaza, MM Patel, SL Malinga","JD Ryder, TD Paine, M Manhas, RV Uthappa, Yuvraj Singh, MD Mishra, M Kartik, WD Parnell, R Sharma, SB Wagh, AC Thomas",2011
2011_21,2011.0,2011-04-21,Punjab Kings,Rajasthan Royals,Punjab Kings,Rajasthan Royals,field,"Punjab Cricket Association Stadium, Mohali",Chandigarh,48,0,SE Marsh,195,7,147,7,complete,J Srinath,S Asnani,PR Reiffel,RJ Tucker,K Bharatan,20,"AC Gilchrist, PC Valthaty, SE Marsh, KD Karthik, AM Nayar, R McLaren, Sunny Singh, PP Chawla, RJ Harris, P Kumar, BA Bhatt","SA Asnodkar, R Dravid, SR Watson, STR Binny, LRPL Taylor, AL Menaria, AS Raut, DH Yagnik, SK Warne, SW Tait, SK Trivedi",2011
2011_22,2011.0,2011-04-22,Kolkata Knight Riders,Royal Challengers Bengaluru,Royal Challengers Bengaluru,Royal Challengers Bengaluru,field,Eden Gardens,Kolkata,0,9,CH Gayle,171,5,175,1,complete,AJ Pycroft,SS Hazare,RB Tiffin,Aleem Dar,S Das,20,"JH Kallis, BJ Haddin, G Gambhir, YK Pathan, EJG Morgan, MK Tiwary, Shakib Al Hasan, R Bhatia, Iqbal Abdulla, JD Unadkat, L Balaji","TM Dilshan, CH Gayle, V Kohli, AB de Villiers, SS Tiwary, CA Pujara, Z Khan, AUK Pathan, DL Vettori, S Aravind, J Syed Mohammad",2011
2011_23,2011.0,2011-04-22,Mumbai Indians,Chennai Super Kings,Mumbai Indians,Chennai Super Kings,field,Wankhede Stadium,Mumbai,8,0,Harbhajan Singh,164,4,156,9,complete,Raju Mukherjee,Asad Rauf,AM Saheba,SL Shastri,VA Kulkarni,20,"R Sathish, SR Tendulkar, AT Rayudu, RG Sharma, A Symonds, KA Pollard, JEC Franklin, Harbhajan Singh, AN Ahmed, MM Patel, SL Malinga","MEK Hussey, M Vijay, SK Raina, S Badrinath, MS Dhoni, S Anirudha, JA Morkel, R Ashwin, Joginder Sharma, S Randiv, DE Bollinger",2011
2011_24,2011.0,2011-04-23,Delhi Capitals,Punjab Kings,Delhi Capitals,Punjab Kings,field,Feroz Shah Kotla,Delhi,29,0,DA Warner,231,4,202,6,complete,J Srinath,S Asnani,RE Koertzen,PR Reiffel,AK Chaudhary,20,"DA Warner, V Sehwag, Y Nagar, Y Venugopal Rao, AJ Finch, NV Ojha, IK Pathan, JR Hopes, AB Agarkar, M Morkel, VR Aaron","AC Gilchrist, PC Valthaty, SE Marsh, KD Karthik, DJ Hussey, AM Nayar, Sunny Singh, RJ Harris, PP Chawla, P Kumar, SJ Srivastava",2011
2011_25,2011.0,2011-04-24,Rajasthan Royals,Kochi Tuskers Kerala,Rajasthan Royals,Rajasthan Royals,field,Sawai Mansingh Stadium,Jaipur,0,8,SK Warne,111,2,109,10,complete,D Govindjee,BR Doctrove,SK Tarapore,S Ravi,R Subramanian,20,"SR Watson, R Dravid, J Botha, LRPL Taylor, AL Menaria, AM Rahane, A Singh, DH Yagnik, SK Warne, STR Binny, SK Trivedi","DPMD Jayawardene, VVS Laxman, PA Patel, BJ Hodge, RA Jadeja, RV Gomez, NLTC Perera, KM Jadhav, R Vinay Kumar, M Muralitharan, RP Singh",2011
2011_26,2011.0,2011-04-24,Deccan Chargers,Mumbai Indians,Mumbai Indians,Deccan Chargers,field,"Rajiv Gandhi International Stadium, Uppal",Hyderabad,37,0,SL Malinga,135,8,172,4,complete,Raju Mukherjee,HDPK Dharmasena,AL Hill,K Hariharan,C Shamshuddin,20,"S Sohal, S Dhawan, KC Sangakkara, CL White, B Chipli, DT Christian, DB Ravi Teja, A Mishra, DW Steyn, I Sharma, PP Ojha","DJ Jacobs, SR Tendulkar, AT Rayudu, KA Pollard, RG Sharma, A Symonds, R Sathish, Harbhajan Singh, AN Ahmed, MM Patel, SL Malinga",2011
2011_27,2011.0,2011-04-25,Chennai Super Kings,Pune Warriors India,Chennai Super Kings,Pune Warriors India,field,"MA Chidambaram Stadium, Chepauk",Chennai,25,0,MEK Hussey,142,6,117,9,complete,AJ Pycroft,Aleem Dar,RB Tiffin,SS Hazare,K Srinath,20,"M Vijay, MEK Hussey, SK Raina, MS Dhoni, JA Morkel, S Badrinath, S Anirudha, R Ashwin, DE Bollinger, SB Jakati, S Randiv","JD Ryder, MD Mishra, MK Pandey, RV Uthappa, Yuvraj Singh, M Manhas, NL McCullum, R Sharma, JE Taylor, M Kartik, AC Thomas",2011
2011_28,2011.0,2011-04-26,Delhi Capitals,Royal Challengers Bengaluru,Royal Challengers Bengaluru,Royal Challengers Bengaluru,field,Feroz Shah Kotla,Delhi,0,3,V Kohli,160,6,161,7,complete,J Srinath,S Asnani,RJ Tucker,PR Reiffel,AK Chaudhary,20,"DA Warner, V Sehwag, JR Hopes, MS Wade, Y Venugopal Rao, NV Ojha, IK Pathan, Y Nagar, M Morkel, AB Dinda, UT Yadav","CH Gayle, TM Dilshan, V Kohli, AB de Villiers, SS Tiwary, CA Pujara, DL Vettori, A Mithun, J Syed Mohammad, Z Khan, S Aravind",2011
2011_29,2011.0,2011-04-27,Kochi Tuskers Kerala,Deccan Chargers,Deccan Chargers,Kochi Tuskers Kerala,field,Nehru Stadium,Kochi,55,0,I Sharma,74,10,129,7,complete,Raju Mukherjee,HDPK Dharmasena,AL Hill,K Hariharan,KN Ananthapadmanabhan,20,"BB McCullum, DPMD Jayawardene, PA Patel, RV Gomez, BJ Hodge, KM Jadhav, RA Jadeja, NLTC Perera, R Vinay Kumar, S Sreesanth, RP Singh","S Sohal, S Dhawan, B Chipli, KC Sangakkara, CL White, DT Christian, DB Ravi Teja, A Mishra, MS Gony, DW Steyn, I Sharma",2011
2011_3,2011.0,2011-04-10,Delhi Capitals,Mumbai Indians,Mumbai Indians,Delhi Capitals,bat,Feroz Shah Kotla,Delhi,0,8,SL Malinga,95,10,99,2,complete,S Venkataraghavan,AM Saheba,RB Tiffin,SL Shastri,AK Chaudhary,20,"DA Warner, V Sehwag, UBT Chand, AJ Finch, NV Ojha, Y Venugopal Rao, IK Pathan, RE van der Merwe, M Morkel, UT Yadav, AB Dinda","DJ Jacobs, SR Tendulkar, AT Rayudu, RG Sharma, KA Pollard, JEC Franklin, R Sathish, Harbhajan Singh, AG Murtaza, MM Patel, SL Malinga",2011
2011_30,2011.0,2011-04-27,Pune Warriors India,Chennai Super Kings,Chennai Super Kings,Pune Warriors India,bat,Dr DY Patil Sports Academy,Mumbai,0,8,DE Bollinger,141,6,145,2,complete,GF Labrooy,Asad Rauf,SL Shastri,AM Saheba,NA Patwardhan,20,"JD Ryder, MD Mishra, MK Pandey, M Manhas, Yuvraj Singh, RV Uthappa, MR Marsh, JE Taylor, M Kartik, R Sharma, AC Thomas","MEK Hussey, M Vijay, S Badrinath, SK Raina, MS Dhoni, S Anirudha, R Ashwin, KMDN Kulasekara, DE Bollinger, SB Jakati, TG Southee",2011
2011_31,2011.0,2011-04-28,Delhi Capitals,Kolkata Knight Riders,Kolkata Knight Riders,Delhi Capitals,field,Feroz Shah Kotla,Delhi,17,0,MK Tiwary,131,9,148,7,complete,J Srinath,PR Reiffel,RJ Tucker,S Asnani,AK Chaudhary,20,"DA Warner, V Sehwag, JR Hopes, IK Pathan, TR Birt, Y Venugopal Rao, NV Ojha, Y Nagar, AB Agarkar, M Morkel, UT Yadav","JH Kallis, SP Goswami, G Gambhir, MK Tiwary, YK Pathan, EJG Morgan, RN ten Doeschate, B Lee, L Balaji, Iqbal Abdulla, JD Unadkat",2011
2011_32,2011.0,2011-04-29,Rajasthan Royals,Mumbai Indians,Rajasthan Royals,Rajasthan Royals,field,Sawai Mansingh Stadium,Jaipur,0,7,J Botha,95,3,94,8,complete,D Govindjee,Asad Rauf,SK Tarapore,S Ravi,R Subramanian,20,"SR Watson, R Dravid, J Botha, LRPL Taylor, AL Menaria, AM Rahane, A Singh, DH Yagnik, SK Warne, STR Binny, SK Trivedi","DJ Jacobs, SR Tendulkar, AT Rayudu, RG Sharma, A Symonds, KA Pollard, R Sathish, Harbhajan Singh, SL Malinga, AG Murtaza, MM Patel",2011
2011_33,2011.0,2011-04-29,Royal Challengers Bengaluru,Pune Warriors India,Royal Challengers Bengaluru,Pune Warriors India,field,M Chinnaswamy Stadium,Bangalore,26,0,V Kohli,181,5,155,5,complete,AJ Pycroft,Aleem Dar,SS Hazare,RB Tiffin,CK Nandan,20,"CH Gayle, TM Dilshan, V Kohli, AB de Villiers, SS Tiwary, M Kaif, A Mithun, Z Khan, DL Vettori, S Aravind, J Syed Mohammad","JD Ryder, TD Paine, MK Pandey, Yuvraj Singh, RV Uthappa, M Manhas, Harpreet Singh, R Sharma, JE Taylor, AC Thomas, Kamran Khan",2011
2011_34,2011.0,2011-04-30,Kolkata Knight Riders,Punjab Kings,Kolkata Knight Riders,Kolkata Knight Riders,field,Eden Gardens,Kolkata,0,8,Iqbal Abdulla,120,2,119,6,complete,GF Labrooy,AM Saheba,SL Shastri,RJ Tucker,S Das,20,"JH Kallis, EJG Morgan, G Gambhir, MK Tiwary, SP Goswami, YK Pathan, R Bhatia, RN ten Doeschate, Iqbal Abdulla, L Balaji, B Lee","AC Gilchrist, PC Valthaty, SE Marsh, KD Karthik, AM Nayar, DJ Hussey, Bipul Sharma, P Kumar, PP Chawla, BA Bhatt, RJ Harris",2011
2011_35,2011.0,2011-04-30,Kochi Tuskers Kerala,Delhi Capitals,Delhi Capitals,Delhi Capitals,bat,Nehru Stadium,Kochi,38,0,V Sehwag,119,10,157,7,complete,Raju Mukherjee,HDPK Dharmasena,AL Hill,K Hariharan,KN Ananthapadmanabhan,20,"BB McCullum, M Klinger, PA Patel, DPMD Jayawardene, BJ Hodge, RA Jadeja, B Akhil, R Vinay Kumar, RR Powar, S Sreesanth, RP Singh","DA Warner, V Sehwag, NV Ojha, Y Venugopal Rao, Y Nagar, TR Birt, IK Pathan, RE van der Merwe, M Morkel, AB Agarkar, UT Yadav",2011
2011_36,2011.0,2011-05-01,Chennai Super Kings,Deccan Chargers,Chennai Super Kings,Chennai Super Kings,bat,"MA Chidambaram Stadium, Chepauk",Chennai,19,0,JA Morkel,165,5,146,8,complete,AJ Pycroft,Aleem Dar,RB Tiffin,SS Hazare,K Srinath,20,"M Vijay, MEK Hussey, SK Raina, MS Dhoni, JA Morkel, S Badrinath, S Anirudha, R Ashwin, DE Bollinger, SB Jakati, S Randiv","S Sohal, S Dhawan, B Chipli, KC Sangakkara, CL White, JP Duminy, DT Christian, A Mishra, I Sharma, PP Ojha, Harmeet Singh",2011
2011_37,2011.0,2011-05-01,Rajasthan Royals,Pune Warriors India,Rajasthan Royals,Rajasthan Royals,field,Sawai Mansingh Stadium,Jaipur,0,6,LRPL Taylor,144,4,143,7,complete,D Govindjee,SK Tarapore,SJA Taufel,S Ravi,R Subramanian,20,"SR Watson, R Dravid, J Botha, AL Menaria, LRPL Taylor, AM Rahane, A Singh, SK Warne, STR Binny, DH Yagnik, SK Trivedi","JD Ryder, MK Pandey, RV Uthappa, Yuvraj Singh, Harpreet Singh, M Manhas, NL McCullum, R Sharma, M Kartik, JE Taylor, AC Thomas",2011
2011_38,2011.0,2011-05-02,Delhi Capitals,Kochi Tuskers Kerala,Kochi Tuskers Kerala,Kochi Tuskers Kerala,field,Feroz Shah Kotla,Delhi,0,7,P Parameswaran,140,6,141,3,complete,GF Labrooy,Asad Rauf,SL Shastri,AM Saheba,AK Chaudhary,20,"DA Warner, V Sehwag, NV Ojha, Y Nagar, Y Venugopal Rao, TR Birt, IK Pathan, RE van der Merwe, M Morkel, AB Agarkar, UT Yadav","M Klinger, BB McCullum, PA Patel, DPMD Jayawardene, BJ Hodge, RA Jadeja, RV Gomez, R Vinay Kumar, RP Singh, S Sreesanth, P Parameswaran",2011
2011_39,2011.0,2011-05-02,Mumbai Indians,Punjab Kings,Mumbai Indians,Punjab Kings,field,Wankhede Stadium,Mumbai,23,0,KA Pollard,159,5,136,8,complete,Raju Mukherjee,HDPK Dharmasena,PR Reiffel,K Hariharan,VA Kulkarni,20,"DJ Jacobs, SR Tendulkar, AT Rayudu, KA Pollard, RG Sharma, A Symonds, TL Suman, Harbhajan Singh, MM Patel, SL Malinga, AN Ahmed","PC Valthaty, AC Gilchrist, SE Marsh, DJ Hussey, KD Karthik, AM Nayar, Bipul Sharma, PP Chawla, RJ Harris, P Kumar, BA Bhatt",2011
2011_4,2011.0,2011-04-10,Pune Warriors India,Punjab Kings,Pune Warriors India,Punjab Kings,bat,Dr DY Patil Sports Academy,Mumbai,0,7,SB Wagh,113,3,112,8,complete,J Srinath,BR Doctrove,PR Reiffel,S Asnani,NA Patwardhan,20,"GC Smith, JD Ryder, M Manhas, RV Uthappa, Yuvraj Singh, MD Mishra, R Sharma, M Kartik, SB Wagh, WD Parnell, AC Thomas","AC Gilchrist, SE Marsh, PC Valthaty, KD Karthik, AM Nayar, Sunny Singh, R McLaren, PP Chawla, P Kumar, NJ Rimmington, BA Bhatt",2011
2011_40,2011.0,2011-05-03,Deccan Chargers,Kolkata Knight Riders,Kolkata Knight Riders,Deccan Chargers,field,"Rajiv Gandhi International Stadium, Uppal",Hyderabad,20,0,YK Pathan,149,6,169,4,complete,J Srinath,S Asnani,RJ Tucker,PR Reiffel,C Shamshuddin,20,"S Sohal, S Dhawan, KC Sangakkara, CL White, DT Christian, DB Ravi Teja, B Chipli, A Mishra, PP Ojha, I Sharma, DW Steyn","EJG Morgan, JH Kallis, G Gambhir, YK Pathan, MK Tiwary, MV Boucher, R Bhatia, Iqbal Abdulla, L Balaji, B Lee, JD Unadkat",2011
2011_41,2011.0,2011-05-04,Chennai Super Kings,Rajasthan Royals,Chennai Super Kings,Rajasthan Royals,bat,"MA Chidambaram Stadium, Chepauk",Chennai,0,8,MEK Hussey,149,2,147,6,complete,AJ Pycroft,SS Hazare,RB Tiffin,Aleem Dar,K Srinath,20,"MEK Hussey, M Vijay, SK Raina, JA Morkel, MS Dhoni, S Badrinath, S Anirudha, R Ashwin, DE Bollinger, SB Jakati, S Randiv","SR Watson, R Dravid, AL Menaria, J Botha, LRPL Taylor, AM Rahane, STR Binny, DH Yagnik, SK Warne, ND Doshi, SK Trivedi",2011
2011_42,2011.0,2011-05-04,Pune Warriors India,Mumbai Indians,Mumbai Indians,Pune Warriors India,field,Dr DY Patil Sports Academy,Mumbai,21,0,R Sharma,139,7,160,7,complete,Raju Mukherjee,HDPK Dharmasena,SJA Taufel,K Hariharan,NA Patwardhan,20,"JD Ryder, MK Pandey, GC Smith, AA Jhunjhunwala, Yuvraj Singh, RV Uthappa, M Manhas, SB Wagh, R Sharma, JE Taylor, AC Thomas","AC Blizzard, SR Tendulkar, AT Rayudu, RG Sharma, TL Suman, KA Pollard, A Symonds, Harbhajan Singh, DS Kulkarni, MM Patel, SL Malinga",2011
2011_43,2011.0,2011-05-05,Deccan Chargers,Delhi Capitals,Delhi Capitals,Delhi Capitals,field,"Rajiv Gandhi International Stadium, Uppal",Hyderabad,0,4,V Sehwag,175,5,179,6,complete,GF Labrooy,Asad Rauf,AM Saheba,SL Shastri,C Shamshuddin,20,"S Dhawan, DB Ravi Teja, KC Sangakkara, JP Duminy, DT Christian, B Chipli, I Malhotra, S Sohal, A Mishra, DW Steyn, I Sharma","AJ Finch, V Sehwag, NV Ojha, Y Venugopal Rao, TR Birt, IK Pathan, JR Hopes, Y Nagar, M Morkel, AB Agarkar, AM Salvi",2011
2011_44,2011.0,2011-05-05,Kochi Tuskers Kerala,Kolkata Knight Riders,Kochi Tuskers Kerala,Kolkata Knight Riders,field,Nehru Stadium,Kochi,17,0,BJ Hodge,156,5,139,7,complete,D Govindjee,S Ravi,RJ Tucker,SK Tarapore,KN Ananthapadmanabhan,20,"BB McCullum, M Klinger, PA Patel, DPMD Jayawardene, RA Jadeja, BJ Hodge, RV Gomez, R Vinay Kumar, RP Singh, S Sreesanth, P Parameswaran","JH Kallis, EJG Morgan, G Gambhir, MK Tiwary, YK Pathan, MV Boucher, B Lee, R Bhatia, Iqbal Abdulla, S Ladda, JD Unadkat",2011
2011_45,2011.0,2011-05-06,Royal Challengers Bengaluru,Punjab Kings,Royal Challengers Bengaluru,Punjab Kings,field,M Chinnaswamy Stadium,Bangalore,85,0,CH Gayle,205,6,120,9,complete,AJ Pycroft,Aleem Dar,RB Tiffin,SS Hazare,CK Nandan,20,"CH Gayle, TM Dilshan, V Kohli, AB de Villiers, SS Tiwary, AUK Pathan, M Kaif, A Mithun, DL Vettori, Z Khan, S Aravind","AC Gilchrist, PC Valthaty, AM Nayar, SE Marsh, KD Karthik, Sunny Singh, R McLaren, PP Chawla, RJ Harris, P Kumar, L Ablish",2011
2011_46,2011.0,2011-05-07,Kolkata Knight Riders,Chennai Super Kings,Kolkata Knight Riders,Chennai Super Kings,bat,Eden Gardens,Kolkata,10,0,Iqbal Abdulla,61,2,114,4,complete,Raju Mukherjee,Asad Rauf,PR Reiffel,S Asnani,S Das,20,"EJG Morgan, JH Kallis, G Gambhir, MK Tiwary, YK Pathan, MV Boucher, R Bhatia, Iqbal Abdulla, B Lee, L Balaji, JD Unadkat","MEK Hussey, M Vijay, SK Raina, S Badrinath, JA Morkel, MS Dhoni, WP Saha, R Ashwin, DE Bollinger, SB Jakati, S Randiv",2011
2011_47,2011.0,2011-05-07,Mumbai Indians,Delhi Capitals,Mumbai Indians,Delhi Capitals,field,Wankhede Stadium,Mumbai,32,0,AT Rayudu,178,4,146,10,complete,RS Mahanama,K Hariharan,SJA Taufel,HDPK Dharmasena,VA Kulkarni,20,"AC Blizzard, SR Tendulkar, AT Rayudu, RG Sharma, KA Pollard, A Symonds, TL Suman, DS Kulkarni, Harbhajan Singh, MM Patel, SL Malinga","V Sehwag, DA Warner, CA Ingram, NV Ojha, Y Venugopal Rao, JR Hopes, IK Pathan, Y Nagar, AB Agarkar, M Morkel, S Nadeem",2011
2011_48,2011.0,2011-05-08,Royal Challengers Bengaluru,Kochi Tuskers Kerala,Royal Challengers Bengaluru,Kochi Tuskers Kerala,bat,M Chinnaswamy Stadium,Bangalore,0,9,CH Gayle,128,1,125,9,complete,AJ Pycroft,Aleem Dar,SS Hazare,RB Tiffin,CK Nandan,20,"CH Gayle, TM Dilshan, V Kohli, AB de Villiers, CA Pujara, M Kaif, SS Tiwary, DL Vettori, Z Khan, S Aravind, A Mithun","M Klinger, BB McCullum, PA Patel, DPMD Jayawardene, BJ Hodge, RA Jadeja, RV Gomez, R Vinay Kumar, RR Powar, RP Singh, P Parameswaran",2011
2011_49,2011.0,2011-05-08,Punjab Kings,Pune Warriors India,Pune Warriors India,Punjab Kings,bat,"Punjab Cricket Association Stadium, Mohali",Chandigarh,0,5,R Sharma,119,8,120,5,complete,D Govindjee,SK Tarapore,RJ Tucker,S Ravi,K Bharatan,20,"AC Gilchrist, PC Valthaty, SE Marsh, KD Karthik, DJ Hussey, Mandeep Singh, SD Chitnis, RJ Harris, P Kumar, SJ Srivastava, BA Bhatt","JD Ryder, MK Pandey, RV Uthappa, Yuvraj Singh, CJ Ferguson, AA Jhunjhunwala, MR Marsh, SB Wagh, R Sharma, WD Parnell, B Kumar",2011
2011_5,2011.0,2011-04-11,Kolkata Knight Riders,Deccan Chargers,Kolkata Knight Riders,Kolkata Knight Riders,bat,Eden Gardens,Kolkata,9,0,JH Kallis,163,4,154,8,complete,D Govindjee,RE Koertzen,SK Tarapore,S Ravi,S Das,20,"JH Kallis, MS Bisla, G Gambhir, MK Tiwary, YK Pathan, EJG Morgan, RN ten Doeschate, Iqbal Abdulla, R Bhatia, L Balaji, JD Unadkat","S Dhawan, IR Jaggi, B Chipli, KC Sangakkara, JP Duminy, DT Christian, DB Ravi Teja, DW Steyn, A Mishra, I Sharma, PP Ojha",2011
2011_50,2011.0,2011-05-09,Rajasthan Royals,Chennai Super Kings,Chennai Super Kings,Rajasthan Royals,field,Sawai Mansingh Stadium,Jaipur,63,0,M Vijay,133,10,196,3,complete,RS Mahanama,K Hariharan,SJA Taufel,HDPK Dharmasena,R Subramanian,20,"SR Watson, R Dravid, AM Rahane, LRPL Taylor, AL Menaria, J Botha, AS Raut, DH Yagnik, A Singh, SK Trivedi, SK Warne","MEK Hussey, M Vijay, SK Raina, MS Dhoni, JA Morkel, S Badrinath, DJ Bravo, WP Saha, R Ashwin, DE Bollinger, SB Jakati",2011
2011_51,2011.0,2011-05-10,Punjab Kings,Mumbai Indians,Punjab Kings,Mumbai Indians,field,"Punjab Cricket Association Stadium, Mohali",Chandigarh,76,0,BA Bhatt,163,8,87,10,complete,D Govindjee,SK Tarapore,RJ Tucker,Unknown,K Bharatan,20,"PC Valthaty, AC Gilchrist, SE Marsh, KD Karthik, DJ Hussey, Mandeep Singh, Bipul Sharma, RJ Harris, P Kumar, SJ Srivastava, BA Bhatt","AC Blizzard, SR Tendulkar, RG Sharma, A Symonds, AT Rayudu, TL Suman, KA Pollard, Harbhajan Singh, DS Kulkarni, SL Malinga, MM Patel",2011
2011_52,2011.0,2011-05-10,Deccan Chargers,Pune Warriors India,Pune Warriors India,Deccan Chargers,bat,"Rajiv Gandhi International Stadium, Uppal",Hyderabad,0,6,MR Marsh,136,8,137,4,complete,GF Labrooy,Asad Rauf,AM Saheba,SL Shastri,C Shamshuddin,20,"S Dhawan, DB Ravi Teja, KC Sangakkara, JP Duminy, DT Christian, B Chipli, S Sohal, A Mishra, DW Steyn, I Sharma, PP Ojha","JD Ryder, MK Pandey, SC Ganguly, RV Uthappa, Yuvraj Singh, CJ Ferguson, MR Marsh, WD Parnell, SB Wagh, R Sharma, B Kumar",2011
2011_53,2011.0,2011-05-11,Rajasthan Royals,Royal Challengers Bengaluru,Royal Challengers Bengaluru,Royal Challengers Bengaluru,field,Sawai Mansingh Stadium,Jaipur,0,9,S Aravind,146,6,151,1,complete,RS Mahanama,HDPK Dharmasena,K Hariharan,SJA Taufel,R Subramanian,20,"SR Watson, R Dravid, AM Rahane, J Botha, LRPL Taylor, AL Menaria, AS Raut, DH Yagnik, SK Warne, SK Trivedi, Pankaj Singh","CH Gayle, TM Dilshan, V Kohli, AB de Villiers, KB Arun Karthik, M Kaif, SS Tiwary, AA Kazi, Z Khan, S Aravind, CK Langeveldt",2011
2011_54,2011.0,2011-05-12,Chennai Super Kings,Delhi Capitals,Chennai Super Kings,Chennai Super Kings,bat,"MA Chidambaram Stadium, Chepauk",Chennai,18,0,MS Dhoni,176,4,158,6,complete,GF Labrooy,AM Saheba,SL Shastri,Asad Rauf,K Srinath,20,"MEK Hussey, M Vijay, SK Raina, S Badrinath, MS Dhoni, WP Saha, JA Morkel, DJ Bravo, R Ashwin, DE Bollinger, SB Jakati","NV Ojha, DA Warner, CA Ingram, IK Pathan, Y Venugopal Rao, JR Hopes, AB McDonald, Y Nagar, AB Agarkar, S Nadeem, VR Aaron",2011
2011_55,2011.0,2011-05-13,Kochi Tuskers Kerala,Punjab Kings,Punjab Kings,Punjab Kings,field,Holkar Cricket Stadium,Indore,0,6,KD Karthik,178,7,181,4,complete,Raju Mukherjee,S Asnani,RJ Tucker,PR Reiffel,NA Patwardhan,20,"BB McCullum, DPMD Jayawardene, RA Jadeja, BJ Hodge, OA Shah, PA Patel, RV Gomez, R Vinay Kumar, RP Singh, P Parameswaran, S Sreesanth","AC Gilchrist, PC Valthaty, SE Marsh, KD Karthik, DJ Hussey, Mandeep Singh, Bipul Sharma, SJ Srivastava, PP Chawla, RJ Harris, BA Bhatt",2011
2011_56,2011.0,2011-05-14,Royal Challengers Bengaluru,Kolkata Knight Riders,Royal Challengers Bengaluru,Royal Challengers Bengaluru,field,M Chinnaswamy Stadium,Bangalore,0,4,CH Gayle,105,6,89,4,complete,AJ Pycroft,RE Koertzen,RB Tiffin,SS Hazare,CK Nandan,20,"CH Gayle, LA Pomersbach, V Kohli, AB de Villiers, M Kaif, KB Arun Karthik, SS Tiwary, A Mithun, Z Khan, S Aravind, CK Langeveldt","JH Kallis, EJG Morgan, G Gambhir, MK Tiwary, YK Pathan, MV Boucher, R Bhatia, Iqbal Abdulla, B Lee, L Balaji, JD Unadkat",2011
2011_57,2011.0,2011-05-14,Mumbai Indians,Deccan Chargers,Deccan Chargers,Deccan Chargers,bat,Wankhede Stadium,Mumbai,10,0,A Mishra,125,8,135,6,complete,D Govindjee,S Ravi,SK Tarapore,SJA Taufel,VA Kulkarni,20,"SR Tendulkar, AC Blizzard, AT Rayudu, RG Sharma, A Symonds, TL Suman, KA Pollard, Harbhajan Singh, SL Malinga, DS Kulkarni, MM Patel","MJ Lumb, S Sohal, KC Sangakkara, JP Duminy, B Chipli, DT Christian, S Dhawan, A Mishra, PP Ojha, I Sharma, Anand Rajan",2011
2011_58,2011.0,2011-05-15,Punjab Kings,Delhi Capitals,Punjab Kings,Delhi Capitals,field,Himachal Pradesh Cricket Association Stadium,Dharamsala,29,0,PP Chawla,170,6,141,8,complete,GF Labrooy,Asad Rauf,SL Shastri,AM Saheba,K Bharatan,20,"PC Valthaty, AC Gilchrist, SE Marsh, KD Karthik, DJ Hussey, Mandeep Singh, RJ Harris, PP Chawla, SJ Srivastava, P Kumar, BA Bhatt","NV Ojha, DA Warner, Y Venugopal Rao, S Sriram, IK Pathan, JR Hopes, TR Birt, Y Nagar, M Morkel, VR Aaron, AM Salvi",2011
2011_59,2011.0,2011-05-15,Kochi Tuskers Kerala,Rajasthan Royals,Kochi Tuskers Kerala,Kochi Tuskers Kerala,field,Holkar Cricket Stadium,Indore,0,8,BJ Hodge,98,2,97,10,complete,RS Mahanama,PR Reiffel,RJ Tucker,S Asnani,NA Patwardhan,20,"BB McCullum, DPMD Jayawardene, PA Patel, BJ Hodge, OA Shah, RA Jadeja, RP Singh, P Parameswaran, P Prasanth, S Sreesanth, Y Gnaneswara Rao","FY Fazal, R Dravid, SR Watson, AM Rahane, AL Menaria, PR Shah, JDP Oram, SK Warne, AA Chavan, SW Tait, ND Doshi",2011
2011_6,2011.0,2011-04-12,Royal Challengers Bengaluru,Mumbai Indians,Mumbai Indians,Mumbai Indians,field,M Chinnaswamy Stadium,Bangalore,0,9,SR Tendulkar,140,4,143,1,complete,Raju Mukherjee,HDPK Dharmasena,AL Hill,K Hariharan,CK Nandan,20,"MA Agarwal, TM Dilshan, V Kohli, AB de Villiers, AUK Pathan, SS Tiwary, CA Pujara, Z Khan, DL Vettori, DP Nannes, A Mithun","DJ Jacobs, SR Tendulkar, AT Rayudu, RG Sharma, KA Pollard, JEC Franklin, R Sathish, Harbhajan Singh, AG Murtaza, MM Patel, SL Malinga",2011
2011_60,2011.0,2011-05-16,Pune Warriors India,Deccan Chargers,Deccan Chargers,Deccan Chargers,field,Dr DY Patil Sports Academy,Mumbai,0,6,A Mishra,136,9,138,4,complete,D Govindjee,S Ravi,SK Tarapore,SJA Taufel,NA Patwardhan,20,"JD Ryder, MK Pandey, SC Ganguly, RV Uthappa, Yuvraj Singh, M Manhas, CJ Ferguson, MR Marsh, WD Parnell, B Kumar, R Sharma","S Sohal, S Dhawan, KC Sangakkara, JP Duminy, DT Christian, B Chipli, DB Ravi Teja, PP Ojha, A Mishra, I Sharma, DW Steyn",2011
2011_61,2011.0,2011-05-17,Punjab Kings,Royal Challengers Bengaluru,Punjab Kings,Punjab Kings,bat,Himachal Pradesh Cricket Association Stadium,Dharamsala,111,0,AC Gilchrist,232,2,121,10,complete,GF Labrooy,Asad Rauf,AM Saheba,SL Shastri,K Bharatan,20,"PC Valthaty, AC Gilchrist, SE Marsh, DJ Hussey, KD Karthik, Mandeep Singh, AM Nayar, SJ Srivastava, PP Chawla, P Kumar, RJ Harris","CH Gayle, SS Tiwary, V Kohli, AB de Villiers, AUK Pathan, M Kaif, KB Arun Karthik, JJ van der Wath, A Mithun, CK Langeveldt, S Aravind",2011
2011_62,2011.0,2011-05-18,Chennai Super Kings,Kochi Tuskers Kerala,Chennai Super Kings,Chennai Super Kings,bat,"MA Chidambaram Stadium, Chepauk",Chennai,11,0,WP Saha,152,5,141,5,complete,RS Mahanama,HDPK Dharmasena,RE Koertzen,K Hariharan,K Srinath,20,"MEK Hussey, M Vijay, SK Raina, S Badrinath, WP Saha, MS Dhoni, JA Morkel, DJ Bravo, R Ashwin, DE Bollinger, SB Jakati","PA Patel, BB McCullum, Y Gnaneswara Rao, BJ Hodge, RA Jadeja, OA Shah, KM Jadhav, R Vinay Kumar, M Muralitharan, RP Singh, S Sreesanth",2011
2011_63,2011.0,2011-05-19,Pune Warriors India,Kolkata Knight Riders,Kolkata Knight Riders,Kolkata Knight Riders,field,Dr DY Patil Sports Academy,Mumbai,0,7,YK Pathan,118,7,119,3,complete,D Govindjee,S Ravi,SJA Taufel,SK Tarapore,NA Patwardhan,20,"JD Ryder, MK Pandey, CJ Ferguson, SC Ganguly, RV Uthappa, Yuvraj Singh, S Rana, WD Parnell, AC Thomas, R Sharma, B Kumar","G Gambhir, SP Goswami, MK Tiwary, YK Pathan, R Bhatia, JH Kallis, RN ten Doeschate, Shakib Al Hasan, B Lee, L Balaji, Iqbal Abdulla",2011
2011_64,2011.0,2011-05-20,Mumbai Indians,Rajasthan Royals,Rajasthan Royals,Mumbai Indians,bat,Wankhede Stadium,Mumbai,0,10,SR Watson,133,5,134,0,complete,J Srinath,RE Koertzen,PR Reiffel,S Asnani,VA Kulkarni,20,"TL Suman, SR Tendulkar, AT Rayudu, RG Sharma, KA Pollard, JEC Franklin, Harbhajan Singh, A Symonds, DS Kulkarni, MM Patel, SL Malinga","SR Watson, R Dravid, J Botha, AL Menaria, AM Rahane, LRPL Taylor, PR Shah, AA Chavan, SK Warne, A Singh, SK Trivedi",2011
2011_65,2011.0,2011-05-21,Punjab Kings,Deccan Chargers,Deccan Chargers,Punjab Kings,field,Himachal Pradesh Cricket Association Stadium,Dharamsala,82,0,S Dhawan,116,10,198,2,complete,GF Labrooy,Asad Rauf,AM Saheba,SL Shastri,K Bharatan,20,"PC Valthaty, AC Gilchrist, SE Marsh, KD Karthik, R McLaren, AM Nayar, Mandeep Singh, PP Chawla, RJ Harris, P Kumar, BA Bhatt","S Dhawan, DB Ravi Teja, JP Duminy, CL White, KH Devdhar, B Chipli, DT Christian, PP Ojha, A Mishra, DW Steyn, Anand Rajan",2011
2011_66,2011.0,2011-05-21,Delhi Capitals,Pune Warriors India,,Delhi Capitals,bat,Feroz Shah Kotla,Delhi,0,0,,56,3,0,0,no result,AJ Pycroft,SS Hazare,RJ Tucker,RB Tiffin,AK Chaudhary,20,"NV Ojha, DA Warner, MS Wade, CA Ingram, Y Venugopal Rao, JR Hopes, IK Pathan, Y Nagar, VR Aaron, UT Yadav, AB Dinda","MK Pandey, JP Faulkner, SC Ganguly, RV Uthappa, Yuvraj Singh, CJ Ferguson, S Rana, MR Marsh, SS Mundhe, R Sharma, AC Thomas",2011
2011_67,2011.0,2011-05-22,Royal Challengers Bengaluru,Chennai Super Kings,Royal Challengers Bengaluru,Royal Challengers Bengaluru,field,M Chinnaswamy Stadium,Bangalore,0,8,CH Gayle,129,2,128,8,complete,RS Mahanama,K Hariharan,RE Koertzen,HDPK Dharmasena,CK Nandan,20,"AB de Villiers, CH Gayle, V Kohli, SS Tiwary, MA Agarwal, M Kaif, LA Pomersbach, DL Vettori, S Aravind, A Mithun, Z Khan","MEK Hussey, M Vijay, SK Raina, S Badrinath, WP Saha, MS Dhoni, DJ Bravo, JA Morkel, R Ashwin, SB Jakati, DE Bollinger",2011
2011_68,2011.0,2011-05-22,Kolkata Knight Riders,Mumbai Indians,Mumbai Indians,Mumbai Indians,field,Eden Gardens,Kolkata,0,5,JEC Franklin,175,7,178,5,complete,D Govindjee,SK Tarapore,SJA Taufel,S Ravi,S Das,20,"JH Kallis, SP Goswami, G Gambhir, MK Tiwary, YK Pathan, RN ten Doeschate, R Bhatia, Shakib Al Hasan, B Lee, L Balaji, Iqbal Abdulla","TL Suman, SR Tendulkar, Harbhajan Singh, RG Sharma, KA Pollard, JEC Franklin, AT Rayudu, R Sathish, AN Ahmed, RW Price, SL Malinga",2011
2011_69,2011.0,2011-05-24,Royal Challengers Bengaluru,Chennai Super Kings,Chennai Super Kings,Chennai Super Kings,field,Wankhede Stadium,Mumbai,0,6,SK Raina,175,4,177,4,complete,RS Mahanama,Asad Rauf,SJA Taufel,PR Reiffel,VA Kulkarni,20,"MA Agarwal, CH Gayle, V Kohli, AB de Villiers, LA Pomersbach, SS Tiwary, M Kaif, DL Vettori, S Aravind, A Mithun, Z Khan","MEK Hussey, M Vijay, SK Raina, S Badrinath, MS Dhoni, JA Morkel, DJ Bravo, WP Saha, R Ashwin, DE Bollinger, SB Jakati",2011
2011_7,2011.0,2011-04-12,Rajasthan Royals,Delhi Capitals,Rajasthan Royals,Delhi Capitals,bat,Sawai Mansingh Stadium,Jaipur,0,6,SK Warne,152,4,151,6,complete,AJ Pycroft,Aleem Dar,RB Tiffin,SS Hazare,R Subramanian,20,"AG Paunikar, R Dravid, J Botha, AL Menaria, AM Rahane, LRPL Taylor, AS Raut, SK Warne, A Singh, SK Trivedi, SW Tait","DA Warner, V Sehwag, AJ Finch, UBT Chand, NV Ojha, Y Venugopal Rao, IK Pathan, RE van der Merwe, M Morkel, S Nadeem, AB Dinda",2011
2011_70,2011.0,2011-05-25,Mumbai Indians,Kolkata Knight Riders,Mumbai Indians,Mumbai Indians,field,Wankhede Stadium,Mumbai,0,4,MM Patel,148,6,147,7,complete,RS Mahanama,Asad Rauf,SJA Taufel,PR Reiffel,VN Kulkarni,20,"AC Blizzard, SR Tendulkar, RG Sharma, AT Rayudu, JEC Franklin, KA Pollard, TL Suman, Harbhajan Singh, DS Kulkarni, MM Patel, SL Malinga","G Gambhir, JH Kallis, SP Goswami, MK Tiwary, YK Pathan, RN ten Doeschate, Shakib Al Hasan, R Bhatia, B Lee, L Balaji, Iqbal Abdulla",2011
2011_71,2011.0,2011-05-27,Royal Challengers Bengaluru,Mumbai Indians,Royal Challengers Bengaluru,Mumbai Indians,field,"MA Chidambaram Stadium, Chepauk",Chennai,43,0,CH Gayle,185,4,142,8,complete,RS Mahanama,Asad Rauf,SJA Taufel,HDPK Dharmasena,K Srinath,20,"MA Agarwal, CH Gayle, V Kohli, AB de Villiers, LA Pomersbach, SS Tiwary, DL Vettori, S Aravind, A Mithun, Z Khan, J Syed Mohammad","AC Blizzard, SR Tendulkar, Harbhajan Singh, RG Sharma, JEC Franklin, AT Rayudu, KA Pollard, R Sathish, SL Malinga, AN Ahmed, MM Patel",2011
2011_72,2011.0,2011-05-28,Chennai Super Kings,Royal Challengers Bengaluru,Chennai Super Kings,Chennai Super Kings,bat,"MA Chidambaram Stadium, Chepauk",Chennai,58,0,M Vijay,205,5,147,8,complete,RS Mahanama,Asad Rauf,SJA Taufel,HDPK Dharmasena,K Srinath,20,"MEK Hussey, M Vijay, MS Dhoni, SK Raina, JA Morkel, S Badrinath, DJ Bravo, WP Saha, R Ashwin, DE Bollinger, SB Jakati","MA Agarwal, CH Gayle, V Kohli, AB de Villiers, LA Pomersbach, SS Tiwary, DL Vettori, A Mithun, Z Khan, J Syed Mohammad, S Aravind",2011
2011_8,2011.0,2011-04-13,Punjab Kings,Chennai Super Kings,Punjab Kings,Punjab Kings,field,"Punjab Cricket Association Stadium, Mohali",Chandigarh,0,6,PC Valthaty,193,4,188,4,complete,S Venkataraghavan,Asad Rauf,SL Shastri,AM Saheba,K Bharatan,20,"PC Valthaty, AC Gilchrist, SE Marsh, Sunny Singh, AM Nayar, KD Karthik, R McLaren, P Kumar, RJ Harris, PP Chawla, BA Bhatt","S Anirudha, M Vijay, SK Raina, S Badrinath, MS Dhoni, SB Styris, JA Morkel, R Ashwin, SB Jakati, TG Southee, S Randiv",2011
2011_9,2011.0,2011-04-13,Pune Warriors India,Kochi Tuskers Kerala,Pune Warriors India,Kochi Tuskers Kerala,bat,Dr DY Patil Sports Academy,Mumbai,0,4,MD Mishra,151,6,148,8,complete,J Srinath,S Asnani,PR Reiffel,BR Doctrove,NA Patwardhan,20,"JD Ryder, GC Smith, M Manhas, Yuvraj Singh, RV Uthappa, MD Mishra, WD Parnell, R Sharma, M Kartik, SB Wagh, AC Thomas","BB McCullum, VVS Laxman, PA Patel, DPMD Jayawardene, BJ Hodge, RA Jadeja, RV Gomez, R Vinay Kumar, S Sreesanth, RP Singh, M Muralitharan",2011
2012_0,2012.0,2012-04-04,Chennai Super Kings,Mumbai Indians,Mumbai Indians,Mumbai Indians,field,"MA Chidambaram Stadium, Chepauk",Chennai,0,8,RE Levi,112,10,115,3,complete,RS Madugalle,JD Cloete,SJA Taufel,S Ravi,K Srinath,20,"F du Plessis, M Vijay, SK Raina, DJ Bravo, JA Morkel, S Badrinath, MS Dhoni, RA Jadeja, R Ashwin, SB Jakati, DE Bollinger","RE Levi, SR Tendulkar, RG Sharma, AT Rayudu, JEC Franklin, KD Karthik, KA Pollard, Harbhajan Singh, SL Malinga, AN Ahmed, PP Ojha",2012
2012_1,2012.0,2012-05-04,Kolkata Knight Riders,Delhi Capitals,Delhi Capitals,Delhi Capitals,field,Eden Gardens,Kolkata,0,8,IK Pathan,97,9,100,2,complete,GF Labrooy,S Asnani,HDPK Dharmasena,S Das,Premdip Chatterjee,20,"BB McCullum, JH Kallis, G Gambhir, MK Tiwary, YK Pathan, DB Das, LR Shukla, R Bhatia, B Lee, Iqbal Abdulla, M de Lange","AJ Finch, V Sehwag, IK Pathan, GJ Maxwell, NV Ojha, Y Venugopal Rao, M Morkel, Y Nagar, RE van der Merwe, UT Yadav, S Nadeem",2012
2012_10,2012.0,2012-10-04,Royal Challengers Bengaluru,Kolkata Knight Riders,Kolkata Knight Riders,Royal Challengers Bengaluru,field,M Chinnaswamy Stadium,Bangalore,42,0,L Balaji,123,9,165,8,complete,Raju Mukherjee,S Ravi,RJ Tucker,S Asnani,BK Ravi,20,"CA Pujara, CH Gayle, V Kohli, AB de Villiers, SS Tiwary, MA Agarwal, DL Vettori, R Vinay Kumar, HV Patel, Z Khan, M Muralitharan","JH Kallis, G Gambhir, MS Bisla, YK Pathan, MK Tiwary, RN ten Doeschate, Shakib Al Hasan, LR Shukla, B Lee, R Bhatia, L Balaji",2012
2012_11,2012.0,2012-11-04,Mumbai Indians,Rajasthan Royals,Mumbai Indians,Rajasthan Royals,field,Wankhede Stadium,Mumbai,27,0,KA Pollard,197,6,170,10,complete,J Srinath,Aleem Dar,BNJ Oxenford,S Das,PG Pathak,20,"RE Levi, TL Suman, RG Sharma, AT Rayudu, KA Pollard, KD Karthik, JEC Franklin, Harbhajan Singh, SL Malinga, PP Ojha, MM Patel","R Dravid, AM Rahane, SP Goswami, OA Shah, AL Menaria, J Botha, KK Cooper, AA Chavan, GB Hogg, A Singh, SK Trivedi",2012
2012_12,2012.0,2012-12-04,Chennai Super Kings,Royal Challengers Bengaluru,Chennai Super Kings,Royal Challengers Bengaluru,bat,"MA Chidambaram Stadium, Chepauk",Chennai,0,5,F du Plessis,208,5,205,8,complete,Raju Mukherjee,HDPK Dharmasena,RJ Tucker,S Ravi,K Srinath,20,"M Vijay, F du Plessis, SK Raina, MS Dhoni, DJ Bravo, JA Morkel, RA Jadeja, S Badrinath, R Ashwin, SB Jakati, DE Bollinger","MA Agarwal, CH Gayle, V Kohli, AB de Villiers, SS Tiwary, RR Bhatkal, CA Pujara, DL Vettori, R Vinay Kumar, Z Khan, M Muralitharan",2012
2012_13,2012.0,2012-12-04,Punjab Kings,Pune Warriors India,Punjab Kings,Punjab Kings,field,"Punjab Cricket Association Stadium, Mohali",Chandigarh,0,7,AD Mascarenhas,116,3,115,10,complete,RS Madugalle,VA Kulkarni,SK Tarapore,BF Bowden,B Vij,20,"PC Valthaty, AC Gilchrist, SE Marsh, Mandeep Singh, PP Chawla, DJ Hussey, AD Mascarenhas, P Awana, Bipul Sharma, Harmeet Singh, P Kumar","JD Ryder, SC Ganguly, MN Samuels, RV Uthappa, AD Mathews, M Manhas, SPD Smith, MK Pandey, R Sharma, A Nehra, AB Dinda",2012
2012_14,2012.0,,Kolkata Knight Riders,Rajasthan Royals,Kolkata Knight Riders,Rajasthan Royals,bat,Eden Gardens,Kolkata,0,5,Shakib Al Hasan,137,5,131,5,complete,GF Labrooy,Asad Rauf,S Asnani,S Das,Premdip Chatterjee,20,"JH Kallis, G Gambhir, MS Bisla, MK Tiwary, Shakib Al Hasan, YK Pathan, RN ten Doeschate, DB Das, R Bhatia, L Balaji, SP Narine","R Dravid, AM Rahane, AL Menaria, SP Goswami, OA Shah, BJ Hodge, J Botha, GB Hogg, AA Chavan, A Singh, SK Trivedi",2012
2012_15,2012.0,,Pune Warriors India,Chennai Super Kings,Pune Warriors India,Chennai Super Kings,bat,Subrata Roy Sahara Stadium,Pune,0,7,JD Ryder,156,3,155,5,complete,RR Jadeja,Aleem Dar,BNJ Oxenford,AK Chaudhary,SD Ranade,20,"RV Uthappa, JD Ryder, SC Ganguly, MN Samuels, SPD Smith, AD Mathews, M Manhas, R Sharma, M Kartik, AB Dinda, A Nehra","F du Plessis, M Vijay, SK Raina, MS Dhoni, RA Jadeja, JA Morkel, DJ Bravo, S Badrinath, KMDN Kulasekara, R Ashwin, VY Mahesh",2012
2012_16,2012.0,,Royal Challengers Bengaluru,Rajasthan Royals,Rajasthan Royals,Rajasthan Royals,bat,M Chinnaswamy Stadium,Bangalore,59,0,AM Rahane,136,10,195,2,complete,Raju Mukherjee,JD Cloete,RJ Tucker,S Ravi,BK Ravi,20,"MA Agarwal, CH Gayle, V Kohli, AB de Villiers, SS Tiwary, M Kaif, DL Vettori, R Vinay Kumar, Z Khan, S Aravind, M Muralitharan","R Dravid, AM Rahane, OA Shah, BJ Hodge, AL Menaria, J Botha, GB Hogg, SP Goswami, A Singh, SK Trivedi, Pankaj Singh",2012
2012_17,2012.0,,Kolkata Knight Riders,Punjab Kings,Punjab Kings,Kolkata Knight Riders,field,Eden Gardens,Kolkata,2,0,SP Narine,132,7,134,9,complete,GF Labrooy,Asad Rauf,S Asnani,S Das,Premdip Chatterjee,20,"JH Kallis, G Gambhir, MS Bisla, MK Tiwary, Shakib Al Hasan, YK Pathan, DB Das, RN ten Doeschate, R Bhatia, SP Narine, JD Unadkat","AC Gilchrist, Mandeep Singh, SE Marsh, DJ Hussey, P Dogra, Bipul Sharma, AD Mascarenhas, PP Chawla, P Kumar, Harmeet Singh, BA Bhatt",2012
2012_18,2012.0,,Mumbai Indians,Delhi Capitals,Delhi Capitals,Delhi Capitals,field,Wankhede Stadium,Mumbai,0,7,S Nadeem,92,10,93,3,complete,RS Madugalle,BF Bowden,SK Tarapore,VA Kulkarni,PG Pathak,20,"RE Levi, DJ Jacobs, RG Sharma, AT Rayudu, KA Pollard, KD Karthik, Harbhajan Singh, CJ McKay, RP Singh, PP Ojha, MM Patel","NV Ojha, V Sehwag, KP Pietersen, DPMD Jayawardene, LRPL Taylor, IK Pathan, Y Nagar, AB Agarkar, M Morkel, UT Yadav, S Nadeem",2012
2012_19,2012.0,,Rajasthan Royals,Deccan Chargers,Rajasthan Royals,Deccan Chargers,bat,Sawai Mansingh Stadium,Jaipur,0,5,BJ Hodge,197,5,196,2,complete,RR Jadeja,Aleem Dar,BNJ Oxenford,AK Chaudhary,PK Khakhar,20,"R Dravid, AM Rahane, AL Menaria, OA Shah, BJ Hodge, J Botha, DH Yagnik, GB Hogg, A Singh, SK Trivedi, Pankaj Singh","KC Sangakkara, S Dhawan, DT Christian, JP Duminy, B Chipli, T Mishra, AA Jhunjhunwala, Ankit Sharma, A Mishra, DW Steyn, Anand Rajan",2012
2012_2,2012.0,2012-06-04,Rajasthan Royals,Punjab Kings,Rajasthan Royals,Punjab Kings,field,Sawai Mansingh Stadium,Jaipur,31,0,AM Rahane,191,4,160,9,complete,RS Madugalle,BF Bowden,SK Tarapore,VA Kulkarni,PK Khakhar,20,"R Dravid, AM Rahane, AL Menaria, BJ Hodge, OA Shah, KK Cooper, J Botha, AA Chavan, SP Goswami, A Singh, SK Trivedi","AC Gilchrist, PC Valthaty, SE Marsh, AM Nayar, DJ Hussey, Mandeep Singh, Bipul Sharma, PP Chawla, JP Faulkner, P Kumar, Harmeet Singh",2012
2012_20,2012.0,,Royal Challengers Bengaluru,Pune Warriors India,Royal Challengers Bengaluru,Pune Warriors India,bat,M Chinnaswamy Stadium,Bangalore,0,6,CH Gayle,186,4,182,6,complete,GF Labrooy,S Asnani,S Das,Asad Rauf,BK Ravi,20,"TM Dilshan, CH Gayle, MA Agarwal, V Kohli, SS Tiwary, AB de Villiers, DL Vettori, R Vinay Kumar, Z Khan, HV Patel, KP Appanna","RV Uthappa, JD Ryder, SC Ganguly, MN Samuels, SPD Smith, AD Mathews, M Manhas, B Kumar, R Sharma, AB Dinda, A Nehra",2012
2012_21,2012.0,,Punjab Kings,Kolkata Knight Riders,Kolkata Knight Riders,Punjab Kings,bat,"Punjab Cricket Association Stadium, Mohali",Chandigarh,0,8,G Gambhir,124,7,127,2,complete,RS Mahanama,JD Cloete,RJ Tucker,S Ravi,B Vij,20,"AC Gilchrist, PC Valthaty, SE Marsh, Mandeep Singh, DJ Hussey, P Dogra, AD Mascarenhas, PP Chawla, Harmeet Singh, P Kumar, BA Bhatt","BB McCullum, G Gambhir, MS Bisla, JH Kallis, MK Tiwary, YK Pathan, R Bhatia, DB Das, SP Narine, L Balaji, B Lee",2012
2012_22,2012.0,,Delhi Capitals,Deccan Chargers,Delhi Capitals,Deccan Chargers,bat,Feroz Shah Kotla,Delhi,0,5,KP Pietersen,162,5,157,8,complete,RS Madugalle,BF Bowden,SK Tarapore,VA Kulkarni,S Dua,20,"NV Ojha, V Sehwag, KP Pietersen, DPMD Jayawardene, LRPL Taylor, IK Pathan, Y Nagar, AB Agarkar, M Morkel, UT Yadav, S Nadeem","KC Sangakkara, S Dhawan, PA Patel, DT Christian, JP Duminy, B Chipli, AA Jhunjhunwala, DW Steyn, A Mishra, Ankit Sharma, V Pratap Singh",2012
2012_23,2012.0,,Chennai Super Kings,Pune Warriors India,Chennai Super Kings,Pune Warriors India,field,"MA Chidambaram Stadium, Chepauk",Chennai,13,0,KMDN Kulasekara,164,5,151,7,complete,GF Labrooy,Asad Rauf,S Das,S Asnani,K Srinath,20,"F du Plessis, S Badrinath, SK Raina, MS Dhoni, DJ Bravo, RA Jadeja, WP Saha, KMDN Kulasekara, R Ashwin, SB Jakati, DE Bollinger","RV Uthappa, JD Ryder, SC Ganguly, MK Pandey, MN Samuels, SPD Smith, AD Mathews, B Kumar, M Kartik, R Sharma, A Nehra",2012
2012_24,2012.0,,Punjab Kings,Royal Challengers Bengaluru,Royal Challengers Bengaluru,Royal Challengers Bengaluru,field,"Punjab Cricket Association Stadium, Mohali",Chandigarh,0,5,CH Gayle,163,6,166,5,complete,RS Mahanama,S Ravi,RJ Tucker,JD Cloete,B Vij,20,"N Saini, PC Valthaty, SE Marsh, DJ Hussey, DA Miller, Mandeep Singh, Azhar Mahmood, PP Chawla, P Awana, P Kumar, Harmeet Singh","MA Agarwal, CH Gayle, V Kohli, SS Tiwary, AB de Villiers, AB McDonald, DL Vettori, KB Arun Karthik, R Vinay Kumar, HV Patel, Z Khan",2012
2012_25,2012.0,,Delhi Capitals,Pune Warriors India,Pune Warriors India,Delhi Capitals,field,Feroz Shah Kotla,Delhi,20,0,SC Ganguly,172,7,192,3,complete,GF Labrooy,Asad Rauf,S Das,S Asnani,S Dua,20,"DPMD Jayawardene, V Sehwag, KP Pietersen, IK Pathan, P Negi, LRPL Taylor, Y Nagar, NV Ojha, M Morkel, S Nadeem, UT Yadav","RV Uthappa, JD Ryder, SC Ganguly, SPD Smith, AD Mathews, MK Pandey, AC Thomas, M Manhas, M Kartik, R Sharma, A Nehra",2012
2012_26,2012.0,,Chennai Super Kings,Rajasthan Royals,Chennai Super Kings,Rajasthan Royals,bat,"MA Chidambaram Stadium, Chepauk",Chennai,0,7,F du Plessis,147,3,146,4,complete,J Srinath,Aleem Dar,BNJ Oxenford,AK Chaudhary,K Srinath,20,"S Badrinath, F du Plessis, SK Raina, MS Dhoni, DJ Bravo, RA Jadeja, WP Saha, R Ashwin, KMDN Kulasekara, SB Jakati, DE Bollinger","R Dravid, AM Rahane, OA Shah, AL Menaria, BJ Hodge, SP Goswami, STR Binny, KK Cooper, GB Hogg, A Singh, SK Trivedi",2012
2012_27,2012.0,,Mumbai Indians,Punjab Kings,Punjab Kings,Mumbai Indians,bat,Wankhede Stadium,Mumbai,0,6,SE Marsh,163,6,164,4,complete,Raju Mukherjee,S Ravi,RJ Tucker,JD Cloete,PG Pathak,20,"JEC Franklin, SR Tendulkar, RG Sharma, KD Karthik, KA Pollard, Harbhajan Singh, NLTC Perera, AT Rayudu, PP Ojha, RP Singh, MM Patel","N Saini, Mandeep Singh, SE Marsh, DJ Hussey, Azhar Mahmood, DA Miller, SD Chitnis, PP Chawla, BA Bhatt, P Kumar, P Awana",2012
2012_28,2012.0,,Deccan Chargers,Kolkata Knight Riders,Kolkata Knight Riders,Kolkata Knight Riders,field,Barabati Stadium,Cuttack,0,5,B Lee,126,7,127,5,complete,RS Mahanama,BF Bowden,SK Tarapore,VA Kulkarni,R Subramanian,20,"KC Sangakkara, S Dhawan, PA Patel, CL White, JP Duminy, IR Jaggi, Ankit Sharma, DW Steyn, A Mishra, Anand Rajan, V Pratap Singh","BB McCullum, G Gambhir, MS Bisla, JH Kallis, YK Pathan, MK Tiwary, DB Das, R Bhatia, SP Narine, L Balaji, B Lee",2012
2012_29,2012.0,,Rajasthan Royals,Royal Challengers Bengaluru,Royal Challengers Bengaluru,Rajasthan Royals,field,Sawai Mansingh Stadium,Jaipur,46,0,AB de Villiers,143,7,189,3,complete,RS Madugalle,Asad Rauf,S Asnani,S Das,PK Khakhar,20,"R Dravid, AM Rahane, OA Shah, SP Goswami, BJ Hodge, STR Binny, KK Cooper, GB Hogg, Pankaj Singh, SK Trivedi, A Chandila","V Kohli, TM Dilshan, MA Agarwal, CH Gayle, AB de Villiers, SS Tiwary, DL Vettori, R Vinay Kumar, Z Khan, HV Patel, KP Appanna",2012
2012_3,2012.0,2012-06-04,Mumbai Indians,Pune Warriors India,Pune Warriors India,Mumbai Indians,field,Wankhede Stadium,Mumbai,28,0,SPD Smith,101,9,129,9,complete,RR Jadeja,AK Chaudhary,SJA Taufel,JD Cloete,PG Pathak,20,"RE Levi, AT Rayudu, RG Sharma, JEC Franklin, KD Karthik, SA Yadav, KA Pollard, Harbhajan Singh, SL Malinga, PP Ojha, MM Patel","MK Pandey, SC Ganguly, WD Parnell, RV Uthappa, CJ Ferguson, SPD Smith, MN Samuels, B Kumar, M Kartik, R Sharma, AB Dinda",2012
2012_30,2012.0,,Pune Warriors India,Delhi Capitals,Delhi Capitals,Pune Warriors India,bat,Subrata Roy Sahara Stadium,Pune,0,8,V Sehwag,146,2,148,2,complete,Raju Mukherjee,S Ravi,RJ Tucker,JD Cloete,SD Ranade,20,"JD Ryder, MK Pandey, SC Ganguly, RV Uthappa, SPD Smith, LJ Wright, AC Thomas, M Manhas, M Kartik, R Sharma, A Nehra","DPMD Jayawardene, V Sehwag, KP Pietersen, LRPL Taylor, NV Ojha, IK Pathan, Y Nagar, M Morkel, P Negi, S Nadeem, UT Yadav",2012
2012_31,2012.0,,Punjab Kings,Mumbai Indians,Mumbai Indians,Punjab Kings,bat,"Punjab Cricket Association Stadium, Mohali",Chandigarh,0,4,AT Rayudu,168,3,171,6,complete,RS Mahanama,Aleem Dar,BNJ Oxenford,AK Chaudhary,B Vij,20,"N Saini, Mandeep Singh, SE Marsh, DJ Hussey, DA Miller, SD Chitnis, Azhar Mahmood, PP Chawla, BA Bhatt, P Kumar, P Awana","JEC Franklin, SR Tendulkar, RG Sharma, KD Karthik, KA Pollard, AT Rayudu, Harbhajan Singh, RJ Peterson, RP Singh, MM Patel, CJ McKay",2012
2012_32,2012.0,,Pune Warriors India,Deccan Chargers,Deccan Chargers,Deccan Chargers,bat,Subrata Roy Sahara Stadium,Pune,18,0,CL White,159,7,177,4,complete,Raju Mukherjee,S Ravi,RJ Tucker,JD Cloete,SD Ranade,20,"MK Pandey, JD Ryder, SC Ganguly, RV Uthappa, MN Samuels, SPD Smith, M Manhas, AC Thomas, B Kumar, R Sharma, A Nehra","PA Patel, S Dhawan, CL White, KC Sangakkara, JP Duminy, IR Jaggi, Ankit Sharma, A Ashish Reddy, A Mishra, J Theron, MS Gony",2012
2012_33,2012.0,,Delhi Capitals,Mumbai Indians,Delhi Capitals,Mumbai Indians,field,Feroz Shah Kotla,Delhi,37,0,V Sehwag,207,5,170,9,complete,J Srinath,Aleem Dar,BNJ Oxenford,AK Chaudhary,S Dua,20,"DPMD Jayawardene, V Sehwag, KP Pietersen, IK Pathan, LRPL Taylor, Y Nagar, NV Ojha, M Morkel, S Nadeem, UT Yadav, AB Agarkar","AC Blizzard, SR Tendulkar, RG Sharma, KD Karthik, AT Rayudu, KA Pollard, RJ Peterson, Harbhajan Singh, SL Malinga, RP Singh, R Shukla",2012
2012_34,2012.0,,Chennai Super Kings,Punjab Kings,Punjab Kings,Punjab Kings,bat,"MA Chidambaram Stadium, Chepauk",Chennai,7,0,Mandeep Singh,149,8,156,8,complete,RS Mahanama,BF Bowden,SK Tarapore,C Shamshuddin,K Srinivasan,20,"F du Plessis, S Badrinath, SK Raina, WP Saha, RA Jadeja, MS Dhoni, DJ Bravo, JA Morkel, KMDN Kulasekara, R Ashwin, SB Jakati","Mandeep Singh, SE Marsh, Azhar Mahmood, DA Miller, DJ Hussey, Bipul Sharma, PP Chawla, N Saini, P Kumar, P Awana, BA Bhatt",2012
2012_35,2012.0,,Kolkata Knight Riders,Royal Challengers Bengaluru,Kolkata Knight Riders,Kolkata Knight Riders,bat,Eden Gardens,Kolkata,47,0,G Gambhir,190,4,143,6,complete,RR Jadeja,Asad Rauf,BR Doctrove,S Asnani,AS Pathania,20,"BB McCullum, G Gambhir, JH Kallis, YK Pathan, MK Tiwary, LR Shukla, R Bhatia, DB Das, SP Narine, B Lee, Iqbal Abdulla","TM Dilshan, CH Gayle, V Kohli, AB de Villiers, SS Tiwary, MA Agarwal, DL Vettori, R Vinay Kumar, Z Khan, HV Patel, KP Appanna",2012
2012_36,2012.0,,Mumbai Indians,Deccan Chargers,Mumbai Indians,Mumbai Indians,field,Wankhede Stadium,Mumbai,0,5,DW Steyn,101,5,100,10,complete,J Srinath,AK Chaudhary,BNJ Oxenford,Aleem Dar,RM Deshpande,20,"RE Levi, SR Tendulkar, RG Sharma, KD Karthik, JEC Franklin, AT Rayudu, RJ Peterson, Harbhajan Singh, SL Malinga, RP Singh, MM Patel","PA Patel, S Dhawan, IR Jaggi, CL White, JP Duminy, DT Christian, B Chipli, A Ashish Reddy, A Mishra, DW Steyn, V Pratap Singh",2012
2012_37,2012.0,,Delhi Capitals,Rajasthan Royals,Delhi Capitals,Delhi Capitals,bat,Feroz Shah Kotla,Delhi,1,0,V Sehwag,152,6,151,3,complete,Raju Mukherjee,S Ravi,RJ Tucker,JD Cloete,R Risodkar,20,"DPMD Jayawardene, V Sehwag, KP Pietersen, LRPL Taylor, Y Nagar, NV Ojha, IK Pathan, AB Agarkar, M Morkel, S Nadeem, UT Yadav","R Dravid, AM Rahane, BJ Hodge, OA Shah, SP Goswami, AL Menaria, KK Cooper, GB Hogg, AA Chavan, A Singh, Pankaj Singh",2012
2012_38,2012.0,,Chennai Super Kings,Kolkata Knight Riders,Kolkata Knight Riders,Chennai Super Kings,bat,"MA Chidambaram Stadium, Chepauk",Chennai,0,5,G Gambhir,139,5,140,5,complete,RS Mahanama,BF Bowden,C Shamshuddin,SK Tarapore,K Srinivasan,20,"F du Plessis, MEK Hussey, SK Raina, DJ Bravo, MS Dhoni, RA Jadeja, JA Morkel, S Badrinath, R Ashwin, SB Jakati, VY Mahesh","G Gambhir, BB McCullum, JH Kallis, MK Tiwary, YK Pathan, DB Das, LR Shukla, R Bhatia, SP Narine, B Lee, Iqbal Abdulla",2012
2012_39,2012.0,2012-01-05,Rajasthan Royals,Delhi Capitals,Delhi Capitals,Rajasthan Royals,bat,Sawai Mansingh Stadium,Jaipur,0,6,P Negi,141,6,144,4,complete,Raju Mukherjee,JD Cloete,SJA Taufel,S Ravi,K Bharatan,20,"R Dravid, AM Rahane, SR Watson, OA Shah, BJ Hodge, AL Menaria, SP Goswami, AA Chavan, GB Hogg, A Singh, Pankaj Singh","DPMD Jayawardene, V Sehwag, KP Pietersen, LRPL Taylor, Y Nagar, NV Ojha, IK Pathan, P Negi, M Morkel, S Nadeem, UT Yadav",2012
2012_4,2012.0,2012-07-04,Royal Challengers Bengaluru,Delhi Capitals,Royal Challengers Bengaluru,Delhi Capitals,field,M Chinnaswamy Stadium,Bangalore,20,0,AB de Villiers,157,8,137,7,complete,Raju Mukherjee,S Asnani,S Ravi,S Das,BK Ravi,20,"AB McDonald, CA Pujara, V Kohli, AB de Villiers, SS Tiwary, MA Agarwal, DL Vettori, R Vinay Kumar, HV Patel, Z Khan, M Muralitharan","AJ Finch, V Sehwag, NV Ojha, Y Venugopal Rao, GJ Maxwell, Y Nagar, IK Pathan, DAJ Bracewell, M Morkel, UT Yadav, S Nadeem",2012
2012_40,2012.0,2012-01-05,Deccan Chargers,Pune Warriors India,Deccan Chargers,Deccan Chargers,bat,Barabati Stadium,Cuttack,13,0,KC Sangakkara,186,4,173,5,complete,AJ Pycroft,Aleem Dar,AK Chaudhary,BNJ Oxenford,R Subramanian,20,"PA Patel, S Dhawan, CL White, KC Sangakkara, JP Duminy, BB Samantray, Ankit Sharma, A Ashish Reddy, A Mishra, DW Steyn, V Pratap Singh","MK Pandey, MJ Clarke, SC Ganguly, SPD Smith, RV Uthappa, M Manhas, MN Samuels, WD Parnell, M Kartik, B Kumar, A Nehra",2012
2012_41,2012.0,2012-02-05,Royal Challengers Bengaluru,Punjab Kings,Punjab Kings,Punjab Kings,field,M Chinnaswamy Stadium,Bangalore,0,4,Azhar Mahmood,158,5,163,6,complete,RS Mahanama,BF Bowden,C Shamshuddin,SK Tarapore,CK Nandan,20,"MA Agarwal, CH Gayle, V Kohli, AB de Villiers, AB McDonald, AUK Pathan, SS Tiwary, DL Vettori, R Vinay Kumar, Z Khan, KP Appanna","Mandeep Singh, SE Marsh, N Saini, DJ Hussey, Azhar Mahmood, AM Nayar, P Dogra, PP Chawla, RJ Harris, P Kumar, P Awana",2012
2012_42,2012.0,2012-03-05,Pune Warriors India,Mumbai Indians,Mumbai Indians,Mumbai Indians,bat,Subrata Roy Sahara Stadium,Pune,1,0,SL Malinga,119,6,120,9,complete,AJ Pycroft,Asad Rauf,S Asnani,BR Doctrove,NA Patwardhan,20,"RV Uthappa, JD Ryder, MJ Clarke, SC Ganguly, SPD Smith, M Manhas, WD Parnell, B Kumar, M Kartik, A Nehra, AB Dinda","JEC Franklin, SR Tendulkar, RG Sharma, RJ Peterson, KD Karthik, AT Rayudu, NLTC Perera, Harbhajan Singh, SL Malinga, PP Ojha, MM Patel",2012
2012_43,2012.0,2012-04-05,Chennai Super Kings,Deccan Chargers,Chennai Super Kings,Chennai Super Kings,bat,"MA Chidambaram Stadium, Chepauk",Chennai,10,0,SK Raina,160,6,150,5,complete,RS Mahanama,HDPK Dharmasena,BNJ Oxenford,Aleem Dar,K Srinivasan,20,"F du Plessis, M Vijay, SK Raina, MS Dhoni, JA Morkel, RA Jadeja, DJ Bravo, S Badrinath, R Ashwin, SB Jakati, BW Hilfenhaus","PA Patel, S Dhawan, CL White, KC Sangakkara, DT Christian, A Ashish Reddy, AA Jhunjhunwala, Ankit Sharma, A Mishra, DW Steyn, V Pratap Singh",2012
2012_44,2012.0,2012-05-05,Kolkata Knight Riders,Pune Warriors India,Kolkata Knight Riders,Kolkata Knight Riders,bat,Eden Gardens,Kolkata,7,0,SP Narine,150,5,143,8,complete,J Srinath,BF Bowden,SK Tarapore,C Shamshuddin,AS Pathania,20,"G Gambhir, BB McCullum, YK Pathan, JH Kallis, DB Das, LR Shukla, MK Tiwary, R Bhatia, SP Narine, M de Lange, Iqbal Abdulla","RV Uthappa, MJ Clarke, MK Pandey, SPD Smith, M Manhas, AD Mathews, SC Ganguly, WD Parnell, B Kumar, M Kartik, AB Dinda",2012
2012_45,2012.0,2012-05-05,Punjab Kings,Rajasthan Royals,Rajasthan Royals,Rajasthan Royals,bat,"Punjab Cricket Association Stadium, Mohali",Chandigarh,43,0,SR Watson,134,8,177,6,complete,AJ Pycroft,JD Cloete,SJA Taufel,S Ravi,B Vij,20,"SE Marsh, Mandeep Singh, N Saini, DJ Hussey, Azhar Mahmood, Gurkeerat Singh, AM Nayar, PP Chawla, RJ Harris, P Kumar, P Awana","R Dravid, AM Rahane, SR Watson, AL Menaria, BJ Hodge, J Botha, STR Binny, AA Chavan, DH Yagnik, SW Tait, SK Trivedi",2012
2012_46,2012.0,2012-06-05,Mumbai Indians,Chennai Super Kings,Mumbai Indians,Mumbai Indians,field,Wankhede Stadium,Mumbai,0,2,DR Smith,174,8,173,8,complete,GF Labrooy,Asad Rauf,S Asnani,BR Doctrove,RM Deshpande,20,"JEC Franklin, SR Tendulkar, RG Sharma, KD Karthik, AT Rayudu, DR Smith, RJ Peterson, Harbhajan Singh, SL Malinga, RP Singh, MM Patel","M Vijay, F du Plessis, SK Raina, DJ Bravo, MS Dhoni, JA Morkel, RA Jadeja, S Badrinath, R Ashwin, SB Jakati, BW Hilfenhaus",2012
2012_47,2012.0,2012-06-05,Royal Challengers Bengaluru,Deccan Chargers,Royal Challengers Bengaluru,Royal Challengers Bengaluru,field,M Chinnaswamy Stadium,Bangalore,0,5,AB de Villiers,185,5,181,2,complete,RS Mahanama,HDPK Dharmasena,BNJ Oxenford,Aleem Dar,CK Nandan,20,"TM Dilshan, CH Gayle, V Kohli, AUK Pathan, AB de Villiers, MA Agarwal, J Syed Mohammad, Z Khan, A Mithun, P Parameswaran, M Muralitharan","DJ Harris, S Dhawan, CL White, KC Sangakkara, PA Patel, PA Reddy, A Ashish Reddy, A Mishra, DW Steyn, Anand Rajan, V Pratap Singh",2012
2012_48,2012.0,2012-07-05,Delhi Capitals,Kolkata Knight Riders,Kolkata Knight Riders,Delhi Capitals,bat,Feroz Shah Kotla,Delhi,0,6,JH Kallis,153,9,154,4,complete,AJ Pycroft,JD Cloete,S Ravi,SJA Taufel,R Risodkar,20,"DA Warner, V Sehwag, DPMD Jayawardene, LRPL Taylor, IK Pathan, Y Nagar, NV Ojha, M Morkel, S Nadeem, VR Aaron, UT Yadav","BB McCullum, G Gambhir, JH Kallis, MK Tiwary, YK Pathan, DB Das, LR Shukla, R Bhatia, B Lee, PJ Sangwan, SP Narine",2012
2012_49,2012.0,2012-08-05,Pune Warriors India,Rajasthan Royals,Rajasthan Royals,Pune Warriors India,bat,Subrata Roy Sahara Stadium,Pune,0,7,SR Watson,125,6,126,3,complete,GF Labrooy,Asad Rauf,BR Doctrove,S Asnani,NA Patwardhan,20,"SC Ganguly, MJ Clarke, RV Uthappa, AP Majumdar, SPD Smith, AD Mathews, M Manhas, WD Parnell, B Kumar, M Kartik, A Nehra","R Dravid, AM Rahane, SR Watson, AL Menaria, OA Shah, AA Chavan, J Botha, STR Binny, DH Yagnik, SW Tait, SK Trivedi",2012
2012_5,2012.0,2012-07-04,Deccan Chargers,Chennai Super Kings,Chennai Super Kings,Deccan Chargers,field,Dr. Y.S. Rajasekhara Reddy ACA-VDCA Cricket Stadium,Visakhapatnam,74,0,RA Jadeja,119,10,193,6,complete,GF Labrooy,JD Cloete,HDPK Dharmasena,AK Chaudhary,R Subramanian,20,"DJ Harris, S Dhawan, PA Patel, CL White, B Chipli, DT Christian, MS Gony, DB Ravi Teja, Ankit Sharma, DW Steyn, TP Sudhindra","M Vijay, F du Plessis, SK Raina, S Badrinath, RA Jadeja, MS Dhoni, DJ Bravo, JA Morkel, R Ashwin, SB Jakati, DE Bollinger",2012
2012_50,2012.0,2012-08-05,Deccan Chargers,Punjab Kings,Punjab Kings,Deccan Chargers,field,"Rajiv Gandhi International Stadium, Uppal",Hyderabad,25,0,Mandeep Singh,145,8,170,5,complete,J Srinath,HDPK Dharmasena,BNJ Oxenford,C Shamshuddin,KN Ananthapadmanabhan,20,"DJ Harris, S Dhawan, PA Patel, CL White, KC Sangakkara, PA Reddy, AA Jhunjhunwala, A Ashish Reddy, J Theron, A Mishra, V Pratap Singh","Mandeep Singh, SE Marsh, N Saini, DJ Hussey, Azhar Mahmood, DA Miller, SD Chitnis, PP Chawla, RR Powar, P Kumar, P Awana",2012
2012_51,2012.0,2012-09-05,Mumbai Indians,Royal Challengers Bengaluru,Royal Challengers Bengaluru,Royal Challengers Bengaluru,field,Wankhede Stadium,Mumbai,0,9,CH Gayle,141,6,142,1,complete,RS Madugalle,BF Bowden,VA Kulkarni,SK Tarapore,RM Deshpande,20,"JEC Franklin, SR Tendulkar, RG Sharma, KD Karthik, AT Rayudu, DR Smith, KA Pollard, Harbhajan Singh, SL Malinga, PP Ojha, RP Singh","TM Dilshan, CH Gayle, V Kohli, AB de Villiers, MA Agarwal, SS Tiwary, J Syed Mohammad, R Vinay Kumar, Z Khan, HV Patel, M Muralitharan",2012
2012_52,2012.0,2012-10-05,Rajasthan Royals,Chennai Super Kings,Chennai Super Kings,Chennai Super Kings,field,Sawai Mansingh Stadium,Jaipur,0,4,BW Hilfenhaus,126,6,127,6,complete,AJ Pycroft,BNJ Oxenford,C Shamshuddin,HDPK Dharmasena,K Bharatan,20,"R Dravid, AM Rahane, SR Watson, STR Binny, BJ Hodge, J Botha, AL Menaria, DH Yagnik, SW Tait, SK Trivedi, Pankaj Singh","MEK Hussey, M Vijay, SK Raina, DJ Bravo, MS Dhoni, RA Jadeja, JA Morkel, S Anirudha, R Ashwin, BW Hilfenhaus, VY Mahesh",2012
2012_53,2012.0,2012-10-05,Deccan Chargers,Delhi Capitals,Delhi Capitals,Deccan Chargers,bat,"Rajiv Gandhi International Stadium, Uppal",Hyderabad,0,9,DA Warner,187,4,193,1,complete,J Srinath,JD Cloete,SJA Taufel,S Ravi,KN Ananthapadmanabhan,20,"DJ Harris, S Dhawan, KC Sangakkara, CL White, JP Duminy, PA Patel, Ankit Sharma, A Ashish Reddy, A Mishra, MS Gony, TP Sudhindra","V Sehwag, DA Warner, NV Ojha, DPMD Jayawardene, Y Nagar, AD Russell, Y Venugopal Rao, IK Pathan, M Morkel, S Nadeem, VR Aaron",2012
2012_54,2012.0,2012-11-05,Pune Warriors India,Royal Challengers Bengaluru,Royal Challengers Bengaluru,Pune Warriors India,field,Subrata Roy Sahara Stadium,Pune,35,0,CH Gayle,138,9,173,3,complete,RS Madugalle,BF Bowden,SK Tarapore,VA Kulkarni,NA Patwardhan,20,"MD Mishra, MJ Clarke, MK Pandey, RV Uthappa, AP Majumdar, AD Mathews, SPD Smith, B Kumar, AC Thomas, R Sharma, K Upadhyay","CH Gayle, TM Dilshan, V Kohli, SS Tiwary, AB de Villiers, MA Agarwal, R Vinay Kumar, Z Khan, HV Patel, M Muralitharan, KP Appanna",2012
2012_55,2012.0,2012-12-05,Chennai Super Kings,Delhi Capitals,Chennai Super Kings,Chennai Super Kings,field,"MA Chidambaram Stadium, Chepauk",Chennai,0,9,BW Hilfenhaus,115,1,114,5,complete,GF Labrooy,S Das,BR Doctrove,S Asnani,K Srinivasan,20,"MEK Hussey, M Vijay, SK Raina, MS Dhoni, RA Jadeja, S Anirudha, DJ Bravo, JA Morkel, R Ashwin, BW Hilfenhaus, SB Jakati","DA Warner, V Sehwag, NV Ojha, DPMD Jayawardene, Y Venugopal Rao, Y Nagar, IK Pathan, RE van der Merwe, M Morkel, VR Aaron, UT Yadav",2012
2012_56,2012.0,2012-12-05,Kolkata Knight Riders,Mumbai Indians,Mumbai Indians,Mumbai Indians,bat,Eden Gardens,Kolkata,27,0,RG Sharma,155,4,182,1,complete,J Srinath,S Ravi,SJA Taufel,JD Cloete,AS Pathania,20,"MS Bisla, G Gambhir, JH Kallis, MK Tiwary, YK Pathan, DB Das, Shakib Al Hasan, LR Shukla, R Bhatia, B Lee, SP Narine","HH Gibbs, SR Tendulkar, RG Sharma, KD Karthik, AT Rayudu, DR Smith, KA Pollard, Harbhajan Singh, SL Malinga, PP Ojha, MM Patel",2012
2012_57,2012.0,,Punjab Kings,Deccan Chargers,Punjab Kings,Deccan Chargers,bat,"Punjab Cricket Association Stadium, Mohali",Chandigarh,0,4,DJ Hussey,194,6,190,4,complete,AJ Pycroft,HDPK Dharmasena,BNJ Oxenford,C Shamshuddin,B Vij,20,"N Saini, Mandeep Singh, SE Marsh, Azhar Mahmood, DJ Hussey, SD Chitnis, PP Chawla, Gurkeerat Singh, P Kumar, P Awana, RJ Harris","S Dhawan, PA Patel, KC Sangakkara, CL White, DT Christian, PA Reddy, AA Jhunjhunwala, A Mishra, DW Steyn, MS Gony, TP Sudhindra",2012
2012_58,2012.0,,Rajasthan Royals,Pune Warriors India,Rajasthan Royals,Rajasthan Royals,bat,Sawai Mansingh Stadium,Jaipur,45,0,A Chandila,170,4,125,9,complete,RS Madugalle,BF Bowden,SK Tarapore,VA Kulkarni,K Bharatan,20,"R Dravid, AM Rahane, SR Watson, BJ Hodge, STR Binny, J Botha, SP Goswami, AL Menaria, SW Tait, SK Trivedi, A Chandila","SC Ganguly, JD Ryder, RV Uthappa, AP Majumdar, CJ Ferguson, SPD Smith, AD Mathews, B Kumar, M Kartik, R Sharma, A Nehra",2012
2012_59,2012.0,,Kolkata Knight Riders,Chennai Super Kings,Chennai Super Kings,Chennai Super Kings,field,Eden Gardens,Kolkata,0,5,MEK Hussey,158,6,160,5,complete,Raju Mukherjee,JD Cloete,SJA Taufel,S Ravi,AS Pathania,20,"G Gambhir, BB McCullum, JH Kallis, MK Tiwary, YK Pathan, DB Das, LR Shukla, R Bhatia, SP Narine, L Balaji, M de Lange","MEK Hussey, M Vijay, SK Raina, F du Plessis, MS Dhoni, DJ Bravo, RA Jadeja, S Anirudha, R Ashwin, BW Hilfenhaus, SB Jakati",2012
2012_6,2012.0,2012-08-04,Pune Warriors India,Punjab Kings,Pune Warriors India,Pune Warriors India,bat,Subrata Roy Sahara Stadium,Pune,22,0,MN Samuels,166,6,144,8,complete,RR Jadeja,S Das,SJA Taufel,S Asnani,SD Ranade,20,"JD Ryder, SC Ganguly, MN Samuels, RV Uthappa, CJ Ferguson, SPD Smith, MK Pandey, R Sharma, M Kartik, AB Dinda, A Nehra","AC Gilchrist, PC Valthaty, Mandeep Singh, AM Nayar, DJ Hussey, PP Chawla, AD Mascarenhas, Bipul Sharma, JP Faulkner, P Kumar, Harmeet Singh",2012
2012_60,2012.0,,Royal Challengers Bengaluru,Mumbai Indians,Mumbai Indians,Mumbai Indians,field,M Chinnaswamy Stadium,Bangalore,0,5,AT Rayudu,171,6,173,5,complete,GF Labrooy,S Das,BR Doctrove,S Asnani,CK Nandan,20,"CH Gayle, TM Dilshan, V Kohli, SS Tiwary, AB de Villiers, MA Agarwal, R Vinay Kumar, Z Khan, HV Patel, M Muralitharan, KP Appanna","HH Gibbs, SR Tendulkar, RG Sharma, KD Karthik, AT Rayudu, DR Smith, KA Pollard, Harbhajan Singh, SL Malinga, RP Singh, MM Patel",2012
2012_61,2012.0,,Delhi Capitals,Punjab Kings,Delhi Capitals,Punjab Kings,bat,Feroz Shah Kotla,Delhi,0,5,UT Yadav,140,5,136,8,complete,AJ Pycroft,HDPK Dharmasena,BNJ Oxenford,C Shamshuddin,R Risodkar,20,"DA Warner, V Sehwag, Y Venugopal Rao, DPMD Jayawardene, LRPL Taylor, NV Ojha, IK Pathan, P Negi, M Morkel, VR Aaron, UT Yadav","Mandeep Singh, SE Marsh, N Saini, DJ Hussey, DA Miller, Azhar Mahmood, Gurkeerat Singh, PP Chawla, P Kumar, P Awana, Harmeet Singh",2012
2012_62,2012.0,,Mumbai Indians,Kolkata Knight Riders,Kolkata Knight Riders,Mumbai Indians,field,Wankhede Stadium,Mumbai,32,0,SP Narine,108,10,140,7,complete,GF Labrooy,S Das,BR Doctrove,S Asnani,RM Deshpande,20,"HH Gibbs, SR Tendulkar, KD Karthik, RG Sharma, AT Rayudu, KA Pollard, DR Smith, Harbhajan Singh, SL Malinga, RP Singh, MM Patel","G Gambhir, BB McCullum, JH Kallis, MK Tiwary, Shakib Al Hasan, YK Pathan, DB Das, R Bhatia, SP Narine, L Balaji, Iqbal Abdulla",2012
2012_63,2012.0,,Punjab Kings,Chennai Super Kings,Punjab Kings,Punjab Kings,field,Himachal Pradesh Cricket Association Stadium,Dharamsala,0,6,AC Gilchrist,123,4,120,7,complete,RS Madugalle,VA Kulkarni,SK Tarapore,BF Bowden,VK Sharma,20,"AC Gilchrist, Mandeep Singh, N Saini, DJ Hussey, SD Chitnis, Azhar Mahmood, Gurkeerat Singh, PP Chawla, RJ Harris, P Kumar, P Awana","M Vijay, MEK Hussey, SK Raina, MS Dhoni, DJ Bravo, RA Jadeja, JA Morkel, S Anirudha, R Ashwin, BW Hilfenhaus, VY Mahesh",2012
2012_64,2012.0,,Delhi Capitals,Royal Challengers Bengaluru,Royal Challengers Bengaluru,Delhi Capitals,field,Feroz Shah Kotla,Delhi,21,0,CH Gayle,194,9,215,1,complete,AJ Pycroft,HDPK Dharmasena,C Shamshuddin,BNJ Oxenford,R Risodkar,20,"UBT Chand, DA Warner, Y Venugopal Rao, DPMD Jayawardene, LRPL Taylor, NV Ojha, AD Russell, IK Pathan, P Negi, UT Yadav, VR Aaron","CH Gayle, TM Dilshan, V Kohli, AB de Villiers, SS Tiwary, MA Agarwal, R Vinay Kumar, Z Khan, HV Patel, P Parameswaran, M Muralitharan",2012
2012_65,2012.0,,Deccan Chargers,Rajasthan Royals,Deccan Chargers,Rajasthan Royals,bat,"Rajiv Gandhi International Stadium, Uppal",Hyderabad,0,5,DW Steyn,128,5,126,8,complete,J Srinath,S Ravi,SJA Taufel,JD Cloete,KN Ananthapadmanabhan,20,"PA Reddy, S Dhawan, JP Duminy, CL White, CA Lynn, PA Patel, A Ashish Reddy, A Mishra, DW Steyn, MS Gony, V Pratap Singh","R Dravid, AM Rahane, SR Watson, STR Binny, OA Shah, AL Menaria, J Botha, SP Goswami, A Chandila, SW Tait, SK Trivedi",2012
2012_66,2012.0,,Punjab Kings,Delhi Capitals,Delhi Capitals,Delhi Capitals,field,Himachal Pradesh Cricket Association Stadium,Dharamsala,0,6,UT Yadav,141,8,145,4,complete,RS Madugalle,BF Bowden,VA Kulkarni,SK Tarapore,VK Sharma,20,"AC Gilchrist, Mandeep Singh, PC Valthaty, DJ Hussey, SD Chitnis, Azhar Mahmood, Gurkeerat Singh, PP Chawla, RJ Harris, P Kumar, P Awana","UBT Chand, DA Warner, Y Venugopal Rao, IK Pathan, DPMD Jayawardene, NV Ojha, AD Russell, P Negi, VR Aaron, M Morkel, UT Yadav",2012
2012_67,2012.0,,Pune Warriors India,Kolkata Knight Riders,Kolkata Knight Riders,Kolkata Knight Riders,bat,Subrata Roy Sahara Stadium,Pune,34,0,Shakib Al Hasan,102,8,136,4,complete,GF Labrooy,S Asnani,BR Doctrove,S Das,NA Patwardhan,20,"RV Uthappa, JD Ryder, MJ Clarke, SC Ganguly, AP Majumdar, CJ Ferguson, Harpreet Singh, WD Parnell, B Kumar, AG Murtaza, A Nehra","BB McCullum, G Gambhir, JH Kallis, Shakib Al Hasan, MK Tiwary, YK Pathan, DB Das, R Bhatia, Iqbal Abdulla, SP Narine, L Balaji",2012
2012_68,2012.0,,Deccan Chargers,Royal Challengers Bengaluru,Deccan Chargers,Royal Challengers Bengaluru,field,"Rajiv Gandhi International Stadium, Uppal",Hyderabad,9,0,DW Steyn,132,7,123,9,complete,AJ Pycroft,S Ravi,SJA Taufel,JD Cloete,KN Ananthapadmanabhan,20,"S Dhawan, PA Reddy, KC Sangakkara, CL White, JP Duminy, PA Patel, A Ashish Reddy, DW Steyn, A Mishra, MS Gony, V Pratap Singh","CH Gayle, TM Dilshan, V Kohli, SS Tiwary, AB de Villiers, MA Agarwal, Z Khan, R Vinay Kumar, HV Patel, M Muralitharan, P Parameswaran",2012
2012_69,2012.0,,Rajasthan Royals,Mumbai Indians,Mumbai Indians,Rajasthan Royals,bat,Sawai Mansingh Stadium,Jaipur,0,10,DR Smith,162,6,163,0,complete,Raju Mukherjee,HDPK Dharmasena,C Shamshuddin,BNJ Oxenford,K Bharatan,20,"R Dravid, AM Rahane, SR Watson, STR Binny, OA Shah, AL Menaria, DH Yagnik, GB Hogg, SW Tait, SK Trivedi, A Chandila","SR Tendulkar, DR Smith, RG Sharma, KD Karthik, JEC Franklin, AT Rayudu, KA Pollard, Harbhajan Singh, SL Malinga, RP Singh, DS Kulkarni",2012
2012_7,2012.0,2012-08-04,Rajasthan Royals,Kolkata Knight Riders,Rajasthan Royals,Kolkata Knight Riders,field,Sawai Mansingh Stadium,Jaipur,22,0,BJ Hodge,164,5,142,10,complete,RS Madugalle,BF Bowden,VA Kulkarni,SK Tarapore,PK Khakhar,20,"R Dravid, AM Rahane, SP Goswami, AL Menaria, BJ Hodge, OA Shah, KK Cooper, J Botha, AA Chavan, A Singh, SK Trivedi","JH Kallis, BB McCullum, G Gambhir, MK Tiwary, DB Das, YK Pathan, R Bhatia, LR Shukla, B Lee, SP Narine, Iqbal Abdulla",2012
2012_70,2012.0,,Delhi Capitals,Kolkata Knight Riders,Kolkata Knight Riders,Kolkata Knight Riders,bat,Subrata Roy Sahara Stadium,Pune,18,0,YK Pathan,144,8,162,4,complete,AJ Pycroft,BR Doctrove,SJA Taufel,HDPK Dharmasena,NA Patwardhan,20,"DA Warner, V Sehwag, NV Ojha, DPMD Jayawardene, Y Venugopal Rao, P Negi, LRPL Taylor, IK Pathan, M Morkel, UT Yadav, VR Aaron","BB McCullum, G Gambhir, JH Kallis, Shakib Al Hasan, YK Pathan, LR Shukla, DB Das, R Bhatia, Iqbal Abdulla, SP Narine, L Balaji",2012
2012_71,2012.0,,Chennai Super Kings,Mumbai Indians,Chennai Super Kings,Mumbai Indians,field,M Chinnaswamy Stadium,Bangalore,38,0,MS Dhoni,187,5,149,9,complete,RS Madugalle,BF Bowden,HDPK Dharmasena,SJA Taufel,CK Nandan,20,"M Vijay, MEK Hussey, SK Raina, S Badrinath, MS Dhoni, RA Jadeja, DJ Bravo, JA Morkel, R Ashwin, BW Hilfenhaus, SB Jakati","SR Tendulkar, DR Smith, RG Sharma, KD Karthik, JEC Franklin, AT Rayudu, KA Pollard, Harbhajan Singh, SL Malinga, DS Kulkarni, RP Singh",2012
2012_72,2012.0,,Delhi Capitals,Chennai Super Kings,Chennai Super Kings,Delhi Capitals,field,"MA Chidambaram Stadium, Chepauk",Chennai,86,0,M Vijay,136,10,222,5,complete,RS Madugalle,BR Doctrove,SJA Taufel,BF Bowden,K Srinath,20,"DPMD Jayawardene, DA Warner, V Sehwag, LRPL Taylor, AD Russell, NV Ojha, Y Venugopal Rao, P Negi, Sunny Gupta, UT Yadav, VR Aaron","M Vijay, MEK Hussey, SK Raina, MS Dhoni, JA Morkel, DJ Bravo, RA Jadeja, R Ashwin, BW Hilfenhaus, SB Jakati, S Badrinath",2012
2012_73,2012.0,,Kolkata Knight Riders,Chennai Super Kings,Kolkata Knight Riders,Chennai Super Kings,bat,"MA Chidambaram Stadium, Chepauk",Chennai,0,5,MS Bisla,192,5,190,3,complete,RS Madugalle,BF Bowden,SJA Taufel,BR Doctrove,K Srinivasan,20,"MS Bisla, G Gambhir, JH Kallis, LR Shukla, YK Pathan, Shakib Al Hasan, MK Tiwary, R Bhatia, Iqbal Abdulla, SP Narine, B Lee","MEK Hussey, M Vijay, SK Raina, MS Dhoni, DJ Bravo, RA Jadeja, JA Morkel, R Ashwin, BW Hilfenhaus, SB Jakati, S Badrinath",2012
2012_8,2012.0,2012-09-04,Deccan Chargers,Mumbai Indians,Mumbai Indians,Deccan Chargers,bat,Dr. Y.S. Rajasekhara Reddy ACA-VDCA Cricket Stadium,Visakhapatnam,0,5,RG Sharma,138,9,142,5,complete,GF Labrooy,AK Chaudhary,JD Cloete,HDPK Dharmasena,R Subramanian,20,"PA Patel, S Dhawan, B Chipli, DT Christian, KC Sangakkara, CL White, DB Ravi Teja, A Mishra, DW Steyn, Ankit Sharma, Anand Rajan","TL Suman, RE Levi, RG Sharma, AT Rayudu, KA Pollard, KD Karthik, JEC Franklin, Harbhajan Singh, SL Malinga, PP Ojha, MM Patel",2012
2012_9,2012.0,2012-10-04,Delhi Capitals,Chennai Super Kings,Delhi Capitals,Delhi Capitals,field,Feroz Shah Kotla,Delhi,0,8,M Morkel,111,2,110,8,complete,RS Madugalle,Asad Rauf,SK Tarapore,VA Kulkarni,S Dua,20,"NV Ojha, V Sehwag, KP Pietersen, DPMD Jayawardene, RE van der Merwe, Y Venugopal Rao, Y Nagar, IK Pathan, M Morkel, UT Yadav, S Nadeem","F du Plessis, M Vijay, SK Raina, S Badrinath, RA Jadeja, DJ Bravo, MS Dhoni, JA Morkel, R Ashwin, SB Jakati, DE Bollinger",2012
2013_0,2013.0,2013-04-03,Kolkata Knight Riders,Delhi Capitals,Kolkata Knight Riders,Kolkata Knight Riders,field,Eden Gardens,Kolkata,0,6,SP Narine,129,4,128,10,complete,DC Boon,S Ravi,SJA Taufel,S Asnani,AS Pathania,20,"MS Bisla, G Gambhir, JH Kallis, MK Tiwary, EJG Morgan, YK Pathan, LR Shukla, R Bhatia, B Lee, SP Narine, L Balaji","UBT Chand, DA Warner, DPMD Jayawardene, MC Juneja, NV Ojha, J Botha, IK Pathan, AD Russell, S Nadeem, A Nehra, UT Yadav",2013
2013_1,2013.0,2013-04-04,Royal Challengers Bengaluru,Mumbai Indians,Royal Challengers Bengaluru,Mumbai Indians,field,M Chinnaswamy Stadium,Bangalore,2,0,CH Gayle,156,5,154,5,complete,AJ Pycroft,VA Kulkarni,C Shamshuddin,K Srinath,KN Ananthapadmanabhan,20,"CH Gayle, TM Dilshan, V Kohli, MA Agarwal, DT Christian, KK Nair, KB Arun Karthik, R Vinay Kumar, M Kartik, JD Unadkat, M Muralitharan","RT Ponting, SR Tendulkar, KD Karthik, RG Sharma, AT Rayudu, KA Pollard, Harbhajan Singh, JJ Bumrah, MG Johnson, JDP Oram, MM Patel",2013
2013_10,2013.0,2013-04-10,Punjab Kings,Chennai Super Kings,Chennai Super Kings,Chennai Super Kings,field,"Punjab Cricket Association Stadium, Mohali",Chandigarh,0,10,MEK Hussey,138,10,139,0,complete,AJ Pycroft,Aleem Dar,C Shamshuddin,S Das,Nitin Menon,20,"Mandeep Singh, AC Gilchrist, M Vohra, DJ Hussey, Gurkeerat Singh, Azhar Mahmood, R Sathish, PP Chawla, RJ Harris, P Kumar, P Awana","M Vijay, MEK Hussey, SK Raina, S Badrinath, MS Dhoni, RA Jadeja, DJ Bravo, R Ashwin, DP Nannes, CH Morris, AS Rajpoot",2013
2013_11,2013.0,2013-04-11,Pune Warriors India,Rajasthan Royals,Pune Warriors India,Rajasthan Royals,bat,Subrata Roy Sahara Stadium,Pune,0,7,AJ Finch,148,3,145,5,complete,RS Madugalle,M Erasmus,K Srinath,VA Kulkarni,PG Pathak,20,"RV Uthappa, AJ Finch, LRPL Taylor, Yuvraj Singh, AD Mathews, TL Suman, AM Nayar, MR Marsh, B Kumar, R Sharma, AB Dinda","MDKJ Perera, AM Rahane, R Dravid, STR Binny, BJ Hodge, DH Yagnik, JP Faulkner, KK Cooper, S Sreesanth, Harmeet Singh, SK Trivedi",2013
2013_12,2013.0,2013-04-11,Royal Challengers Bengaluru,Kolkata Knight Riders,Royal Challengers Bengaluru,Royal Challengers Bengaluru,field,M Chinnaswamy Stadium,Bangalore,0,8,CH Gayle,158,2,154,8,complete,DC Boon,Asad Rauf,AK Chaudhary,S Asnani,KN Ananthapadmanabhan,20,"CH Gayle, MA Agarwal, V Kohli, AB de Villiers, MC Henriques, KB Arun Karthik, KL Rahul, R Vinay Kumar, RP Singh, JD Unadkat, M Muralitharan","MS Bisla, G Gambhir, JH Kallis, YK Pathan, MK Tiwary, EJG Morgan, R Bhatia, R McLaren, PJ Sangwan, SP Narine, L Balaji",2013
2013_13,2013.0,2013-04-12,Delhi Capitals,Sunrisers Hyderabad,Sunrisers Hyderabad,Delhi Capitals,bat,Feroz Shah Kotla,Delhi,0,3,A Mishra,114,8,115,7,complete,AJ Pycroft,Aleem Dar,Subroto Das,C Shamshuddin,K Bharatan,20,"DA Warner, V Sehwag, DPMD Jayawardene, MC Juneja, J Botha, IK Pathan, KM Jadhav, M Morkel, S Nadeem, UT Yadav, S Kaul","PA Reddy, PA Patel, KC Sangakkara, GH Vihari, CL White, NLTC Perera, A Ashish Reddy, A Mishra, DW Steyn, I Sharma, Anand Rajan",2013
2013_14,2013.0,2013-04-13,Mumbai Indians,Pune Warriors India,Mumbai Indians,Mumbai Indians,bat,Wankhede Stadium,Mumbai,41,0,RG Sharma,183,3,142,8,complete,DC Boon,S Ravi,SJA Taufel,CK Nandan,RM Deshpande,20,"RT Ponting, SR Tendulkar, KD Karthik, RG Sharma, KA Pollard, AT Rayudu, Harbhajan Singh, R Dhawan, MG Johnson, PP Ojha, SL Malinga","AJ Finch, RV Uthappa, LRPL Taylor, Yuvraj Singh, TL Suman, AD Mathews, MR Marsh, AM Nayar, B Kumar, R Sharma, AB Dinda",2013
2013_15,2013.0,2013-04-13,Chennai Super Kings,Royal Challengers Bengaluru,Chennai Super Kings,Chennai Super Kings,field,"MA Chidambaram Stadium, Chepauk",Chennai,0,4,RA Jadeja,166,6,165,6,complete,J Srinath,Asad Rauf,AK Chaudhary,S Asnani,K Srinivasan,20,"MEK Hussey, M Vijay, SK Raina, S Badrinath, MS Dhoni, RA Jadeja, DJ Bravo, CH Morris, R Ashwin, DP Nannes, MM Sharma","CH Gayle, MA Agarwal, V Kohli, AB de Villiers, DT Christian, R Rampaul, KB Arun Karthik, J Syed Mohammad, R Vinay Kumar, M Kartik, RP Singh",2013
2013_16,2013.0,2013-04-14,Kolkata Knight Riders,Sunrisers Hyderabad,Kolkata Knight Riders,Kolkata Knight Riders,bat,Eden Gardens,Kolkata,48,0,G Gambhir,180,4,132,7,complete,RS Madugalle,M Erasmus,VA Kulkarni,K Srinath,AS Pathania,20,"MS Bisla, G Gambhir, JH Kallis, EJG Morgan, YK Pathan, MK Tiwary, R Bhatia, LR Shukla, SMSM Senanayake, SP Narine, L Balaji","PA Patel, CL White, KC Sangakkara, DB Ravi Teja, NLTC Perera, A Ashish Reddy, KV Sharma, GH Vihari, A Mishra, DW Steyn, I Sharma",2013
2013_17,2013.0,2013-04-14,Rajasthan Royals,Punjab Kings,Rajasthan Royals,Rajasthan Royals,field,Sawai Mansingh Stadium,Jaipur,0,6,JP Faulkner,126,4,124,10,complete,AJ Pycroft,Aleem Dar,C Shamshuddin,S Das,Tapan Sharma,20,"SR Watson, AM Rahane, R Dravid, STR Binny, BJ Hodge, SV Samson, JP Faulkner, KK Cooper, SK Trivedi, A Chandila, S Sreesanth","Mandeep Singh, AC Gilchrist, M Vohra, DJ Hussey, Gurkeerat Singh, R Sathish, Azhar Mahmood, PP Chawla, RJ Harris, P Kumar, P Awana",2013
2013_18,2013.0,2013-04-15,Chennai Super Kings,Pune Warriors India,Pune Warriors India,Pune Warriors India,bat,"MA Chidambaram Stadium, Chepauk",Chennai,24,0,SPD Smith,135,8,159,5,complete,RR Jadeja,Asad Rauf,AK Chaudhary,S Asnani,K Srinivasan,20,"S Anirudha, M Vijay, SK Raina, S Badrinath, RA Jadeja, MS Dhoni, DJ Bravo, JA Morkel, CH Morris, R Ashwin, DP Nannes","RV Uthappa, AJ Finch, LRPL Taylor, SPD Smith, MR Marsh, MK Pandey, AM Nayar, TL Suman, B Kumar, R Sharma, AB Dinda",2013
2013_19,2013.0,2013-04-16,Royal Challengers Bengaluru,Delhi Capitals,,Royal Challengers Bengaluru,field,M Chinnaswamy Stadium,Bangalore,0,0,V Kohli,167,7,163,7,tie,RS Madugalle,M Erasmus,VA Kulkarni,K Srinath,KN Ananthapadmanabhan,20,"CH Gayle, KL Rahul, V Kohli, AB de Villiers, AB McDonald, KB Arun Karthik, J Syed Mohammad, R Vinay Kumar, R Rampaul, RP Singh, JD Unadkat","DA Warner, V Sehwag, MC Juneja, DPMD Jayawardene, BJ Rohrer, KM Jadhav, IK Pathan, M Morkel, S Nadeem, A Nehra, UT Yadav",2013
2013_2,2013.0,2013-04-05,Sunrisers Hyderabad,Pune Warriors India,Sunrisers Hyderabad,Pune Warriors India,field,"Rajiv Gandhi International Stadium, Uppal",Hyderabad,22,0,A Mishra,126,6,104,10,complete,DC Boon,S Ravi,SJA Taufel,CK Nandan,A Nand Kishore,20,"PA Reddy, PA Patel, KC Sangakkara, CL White, NLTC Perera, GH Vihari, A Ashish Reddy, DB Ravi Teja, A Mishra, DW Steyn, I Sharma","RV Uthappa, MK Pandey, MN Samuels, Yuvraj Singh, LRPL Taylor, AM Nayar, AD Mathews, MR Marsh, B Kumar, R Sharma, AB Dinda",2013
2013_20,2013.0,2013-04-16,Punjab Kings,Kolkata Knight Riders,Punjab Kings,Kolkata Knight Riders,field,"Punjab Cricket Association Stadium, Mohali",Chandigarh,4,0,MS Gony,157,9,153,9,complete,RS Mahanama,CK Nandan,SJA Taufel,HDPK Dharmasena,Unknown,20,"AC Gilchrist, Mandeep Singh, M Vohra, DJ Hussey, DA Miller, Azhar Mahmood, Gurkeerat Singh, MS Gony, PP Chawla, P Kumar, P Awana","MS Bisla, G Gambhir, JH Kallis, EJG Morgan, MK Tiwary, YK Pathan, DB Das, R Bhatia, SMSM Senanayake, SP Narine, L Balaji",2013
2013_21,2013.0,2013-04-17,Rajasthan Royals,Mumbai Indians,Rajasthan Royals,Rajasthan Royals,bat,Sawai Mansingh Stadium,Jaipur,87,0,AM Rahane,179,3,92,10,complete,AJ Pycroft,Aleem Dar,C Shamshuddin,S Das,Tapan Sharma,20,"SR Watson, AM Rahane, DH Yagnik, STR Binny, BJ Hodge, R Dravid, JP Faulkner, KK Cooper, AA Chavan, A Chandila, SK Trivedi","SR Tendulkar, RT Ponting, KD Karthik, RG Sharma, KA Pollard, AT Rayudu, R Dhawan, Harbhajan Singh, MG Johnson, SL Malinga, PP Ojha",2013
2013_22,2013.0,2013-04-17,Pune Warriors India,Sunrisers Hyderabad,Sunrisers Hyderabad,Pune Warriors India,field,Maharashtra Cricket Association Stadium,Pune,11,0,A Mishra,108,10,119,8,complete,J Srinath,Asad Rauf,AK Chaudhary,S Asnani,PG Pathak,20,"RV Uthappa, AJ Finch, TL Suman, SPD Smith, AD Mathews, MR Marsh, AM Nayar, MK Pandey, B Kumar, R Sharma, AB Dinda","PA Patel, Q de Kock, GH Vihari, CL White, BB Samantray, KV Sharma, NLTC Perera, A Mishra, A Ashish Reddy, DW Steyn, I Sharma",2013
2013_23,2013.0,2013-04-18,Delhi Capitals,Chennai Super Kings,Chennai Super Kings,Chennai Super Kings,bat,Feroz Shah Kotla,Delhi,86,0,MEK Hussey,83,10,169,4,complete,RS Madugalle,M Erasmus,VA Kulkarni,K Srinath,K Bharatan,20,"DA Warner, V Sehwag, MC Juneja, DPMD Jayawardene, BMAJ Mendis, KM Jadhav, IK Pathan, AB Agarkar, M Morkel, S Nadeem, UT Yadav","MEK Hussey, M Vijay, SK Raina, MS Dhoni, DJ Bravo, S Badrinath, RA Jadeja, JA Morkel, CH Morris, R Ashwin, MM Sharma",2013
2013_24,2013.0,2013-04-19,Sunrisers Hyderabad,Punjab Kings,Sunrisers Hyderabad,Punjab Kings,bat,"Rajiv Gandhi International Stadium, Uppal",Hyderabad,0,5,GH Vihari,127,5,123,9,complete,RS Mahanama,HDPK Dharmasena,CK Nandan,Unknown,A Nand Kishore,20,"Q de Kock, PA Reddy, GH Vihari, CL White, BB Samantray, NLTC Perera, A Ashish Reddy, KV Sharma, A Mishra, DW Steyn, I Sharma","Mandeep Singh, AC Gilchrist, PC Valthaty, DJ Hussey, PP Chawla, Gurkeerat Singh, Azhar Mahmood, MS Gony, M Vohra, AD Mascarenhas, P Kumar",2013
2013_25,2013.0,2013-04-20,Royal Challengers Bengaluru,Rajasthan Royals,Royal Challengers Bengaluru,Royal Challengers Bengaluru,field,M Chinnaswamy Stadium,Bangalore,0,7,R Vinay Kumar,123,3,117,10,complete,AJ Pycroft,Aleem Dar,C Shamshuddin,S Das,KN Ananthapadmanabhan,20,"TM Dilshan, CH Gayle, V Kohli, AB de Villiers, SS Tiwary, KB Arun Karthik, R Rampaul, R Vinay Kumar, M Kartik, RP Singh, JD Unadkat","SR Watson, AM Rahane, R Dravid, STR Binny, BJ Hodge, DH Yagnik, JP Faulkner, A Chandila, S Sreesanth, SW Tait, SK Trivedi",2013
2013_26,2013.0,2013-04-20,Kolkata Knight Riders,Chennai Super Kings,Chennai Super Kings,Kolkata Knight Riders,bat,Eden Gardens,Kolkata,0,4,RA Jadeja,119,9,124,6,complete,Raju Mukherjee,Asad Rauf,AK Chaudhary,S Asnani,AS Pathania,20,"G Gambhir, YK Pathan, JH Kallis, EJG Morgan, MK Tiwary, DB Das, R Bhatia, LR Shukla, SMSM Senanayake, SP Narine, L Balaji","MEK Hussey, R Ashwin, M Vijay, SK Raina, MS Dhoni, S Badrinath, RA Jadeja, DJ Bravo, JA Morkel, CH Morris, MM Sharma",2013
2013_27,2013.0,2013-04-21,Punjab Kings,Pune Warriors India,Punjab Kings,Punjab Kings,field,"Punjab Cricket Association Stadium, Mohali",Chandigarh,0,7,DA Miller,186,3,185,4,complete,RS Madugalle,M Erasmus,K Srinath,VA Kulkarni,Nitin Menon,20,"AC Gilchrist, Mandeep Singh, Azhar Mahmood, M Vohra, DA Miller, DJ Hussey, Gurkeerat Singh, PP Chawla, MS Gony, P Kumar, P Awana","RV Uthappa, AJ Finch, Yuvraj Singh, SPD Smith, LJ Wright, AM Nayar, M Manhas, B Kumar, R Sharma, AB Dinda, BAW Mendis",2013
2013_28,2013.0,2013-04-21,Delhi Capitals,Mumbai Indians,Delhi Capitals,Mumbai Indians,bat,Feroz Shah Kotla,Delhi,0,9,V Sehwag,165,1,161,4,complete,RS Mahanama,HDPK Dharmasena,S Ravi,CK Nandan,K Bharatan,20,"DPMD Jayawardene, V Sehwag, DA Warner, Y Venugopal Rao, KM Jadhav, RE van der Merwe, IK Pathan, AD Russell, AB Agarkar, S Nadeem, UT Yadav","DR Smith, SR Tendulkar, KD Karthik, RG Sharma, KA Pollard, AT Rayudu, RT Ponting, Harbhajan Singh, JJ Bumrah, MM Patel, SL Malinga",2013
2013_29,2013.0,2013-04-22,Chennai Super Kings,Rajasthan Royals,Chennai Super Kings,Rajasthan Royals,bat,"MA Chidambaram Stadium, Chepauk",Chennai,0,5,MEK Hussey,186,5,185,4,complete,RR Jadeja,S Asnani,AK Chaudhary,Asad Rauf,K Srinivasan,20,"M Vijay, MEK Hussey, SK Raina, MS Dhoni, RA Jadeja, DJ Bravo, CH Morris, S Badrinath, R Ashwin, JO Holder, MM Sharma","SR Watson, AM Rahane, DH Yagnik, R Dravid, STR Binny, BJ Hodge, JP Faulkner, KK Cooper, R Shukla, A Chandila, SK Trivedi",2013
2013_3,2013.0,2013-04-06,Chennai Super Kings,Mumbai Indians,Mumbai Indians,Mumbai Indians,bat,"MA Chidambaram Stadium, Chepauk",Chennai,9,0,KA Pollard,139,9,148,6,complete,J Srinath,M Erasmus,VA Kulkarni,K Srinath,K Srinivasan,20,"MEK Hussey, M Vijay, SK Raina, DJ Bravo, S Badrinath, MS Dhoni, RA Jadeja, R Ashwin, B Laughlin, AS Rajpoot, DP Nannes","RT Ponting, SR Tendulkar, KD Karthik, RG Sharma, AT Rayudu, KA Pollard, DR Smith, Harbhajan Singh, MG Johnson, MM Patel, PP Ojha",2013
2013_30,2013.0,2013-04-23,Delhi Capitals,Punjab Kings,Punjab Kings,Punjab Kings,field,Feroz Shah Kotla,Delhi,0,5,Harmeet Singh,120,7,121,5,complete,RS Madugalle,VA Kulkarni,K Srinath,M Erasmus,K Bharatan,20,"DPMD Jayawardene, V Sehwag, RE van der Merwe, DA Warner, MC Juneja, KM Jadhav, J Botha, IK Pathan, AB Agarkar, A Nehra, UT Yadav","AC Gilchrist, Mandeep Singh, LA Pomersbach, DA Miller, M Vohra, DJ Hussey, PP Chawla, P Kumar, Harmeet Singh, BA Bhatt, P Awana",2013
2013_31,2013.0,2013-04-23,Royal Challengers Bengaluru,Pune Warriors India,Royal Challengers Bengaluru,Pune Warriors India,field,M Chinnaswamy Stadium,Bangalore,130,0,CH Gayle,263,5,133,9,complete,AJ Pycroft,Aleem Dar,C Shamshuddin,S Das,KN Ananthapadmanabhan,20,"CH Gayle, TM Dilshan, V Kohli, AB de Villiers, SS Tiwary, R Rampaul, KB Arun Karthik, R Vinay Kumar, M Kartik, RP Singh, JD Unadkat","RV Uthappa, AJ Finch, Yuvraj Singh, LJ Wright, SPD Smith, MR Marsh, M Manhas, B Kumar, AG Murtaza, IC Pandey, AB Dinda",2013
2013_32,2013.0,2013-04-24,Kolkata Knight Riders,Mumbai Indians,Mumbai Indians,Kolkata Knight Riders,bat,Eden Gardens,Kolkata,0,5,DR Smith,159,6,162,5,complete,RS Mahanama,HDPK Dharmasena,S Ravi,CK Nandan,AS Pathania,20,"YK Pathan, G Gambhir, JH Kallis, MK Tiwary, EJG Morgan, DB Das, R Bhatia, Iqbal Abdulla, SMSM Senanayake, SP Narine, L Balaji","DR Smith, SR Tendulkar, KD Karthik, RG Sharma, KA Pollard, AT Rayudu, Harbhajan Singh, MG Johnson, YS Chahal, PP Ojha, SL Malinga",2013
2013_33,2013.0,2013-04-25,Chennai Super Kings,Sunrisers Hyderabad,Chennai Super Kings,Sunrisers Hyderabad,bat,"MA Chidambaram Stadium, Chepauk",Chennai,0,5,MS Dhoni,160,5,159,6,complete,AJ Pycroft,Aleem Dar,S Das,C Shamshuddin,K Srinivasan,20,"MEK Hussey, M Vijay, SK Raina, MS Dhoni, DJ Bravo, RA Jadeja, CH Morris, S Badrinath, R Ashwin, JO Holder, MM Sharma","Q de Kock, S Dhawan, GH Vihari, CL White, A Mishra, X Thalaivan Sargunam, DJG Sammy, A Ashish Reddy, KV Sharma, DW Steyn, I Sharma",2013
2013_34,2013.0,2013-04-26,Kolkata Knight Riders,Punjab Kings,Kolkata Knight Riders,Punjab Kings,bat,Eden Gardens,Kolkata,0,6,JH Kallis,150,4,149,6,complete,RS Mahanama,CK Nandan,S Ravi,HDPK Dharmasena,AS Pathania,20,"MS Bisla, G Gambhir, YK Pathan, JH Kallis, EJG Morgan, SMSM Senanayake, DB Das, R Bhatia, SP Narine, S Ladda, L Balaji","AC Gilchrist, Mandeep Singh, M Vohra, DJ Hussey, DA Miller, Gurkeerat Singh, Azhar Mahmood, PP Chawla, P Kumar, Harmeet Singh, BA Bhatt",2013
2013_35,2013.0,2013-04-27,Rajasthan Royals,Sunrisers Hyderabad,Rajasthan Royals,Sunrisers Hyderabad,bat,Sawai Mansingh Stadium,Jaipur,0,8,JP Faulkner,146,2,144,9,complete,RS Madugalle,VA Kulkarni,K Srinath,M Erasmus,Tapan Sharma,20,"R Dravid, AM Rahane, SR Watson, STR Binny, BJ Hodge, DH Yagnik, Sachin Baby, JP Faulkner, KK Cooper, A Chandila, SK Trivedi","PA Reddy, S Dhawan, KC Sangakkara, GH Vihari, KV Sharma, NLTC Perera, DJG Sammy, A Mishra, A Ashish Reddy, DW Steyn, I Sharma",2013
2013_36,2013.0,2013-04-27,Mumbai Indians,Royal Challengers Bengaluru,Mumbai Indians,Mumbai Indians,bat,Wankhede Stadium,Mumbai,58,0,DR Smith,194,7,136,7,complete,J Srinath,Asad Rauf,S Asnani,AK Chaudhary,RM Deshpande,20,"DR Smith, SR Tendulkar, KD Karthik, RG Sharma, KA Pollard, AT Rayudu, Harbhajan Singh, MG Johnson, SL Malinga, DS Kulkarni, PP Ojha","CH Gayle, TM Dilshan, V Kohli, AB de Villiers, SS Tiwary, KB Arun Karthik, J Syed Mohammad, R Rampaul, R Vinay Kumar, RP Singh, JD Unadkat",2013
2013_37,2013.0,2013-04-28,Delhi Capitals,Pune Warriors India,Delhi Capitals,Pune Warriors India,field,Shaheed Veer Narayan Singh International Stadium,Raipur,15,0,DA Warner,164,5,149,4,complete,RS Mahanama,CK Nandan,S Ravi,HDPK Dharmasena,VK Sharma,20,"DPMD Jayawardene, V Sehwag, UBT Chand, DA Warner, BJ Rohrer, KM Jadhav, IK Pathan, S Nadeem, M Morkel, A Nehra, UT Yadav","RV Uthappa, AJ Finch, Yuvraj Singh, LJ Wright, SPD Smith, M Manhas, AM Nayar, B Kumar, AB Dinda, R Sharma, KW Richardson",2013
2013_38,2013.0,2013-04-28,Chennai Super Kings,Kolkata Knight Riders,Chennai Super Kings,Kolkata Knight Riders,field,"MA Chidambaram Stadium, Chepauk",Chennai,14,0,MEK Hussey,200,3,186,4,complete,AJ Pycroft,Aleem Dar,SJA Taufel,C Shamshuddin,K Srinivasan,20,"WP Saha, MEK Hussey, SK Raina, MS Dhoni, RA Jadeja, S Badrinath, DJ Bravo, CH Morris, R Ashwin, DP Nannes, MM Sharma","MS Bisla, G Gambhir, BB McCullum, JH Kallis, EJG Morgan, YK Pathan, DB Das, R Bhatia, SP Narine, Mohammed Shami, L Balaji",2013
2013_39,2013.0,2013-04-29,Mumbai Indians,Punjab Kings,Mumbai Indians,Mumbai Indians,bat,Wankhede Stadium,Mumbai,4,0,RG Sharma,174,3,170,10,complete,J Srinath,Asad Rauf,AK Chaudhary,S Asnani,RM Deshpande,20,"DR Smith, SR Tendulkar, KD Karthik, RG Sharma, KA Pollard, AT Rayudu, Harbhajan Singh, MG Johnson, SL Malinga, DS Kulkarni, PP Ojha","Mandeep Singh, SE Marsh, M Vohra, DJ Hussey, DA Miller, Gurkeerat Singh, Azhar Mahmood, MS Gony, PP Chawla, P Kumar, P Awana",2013
2013_4,2013.0,2013-04-06,Delhi Capitals,Rajasthan Royals,Rajasthan Royals,Rajasthan Royals,bat,Feroz Shah Kotla,Delhi,5,0,R Dravid,160,6,165,7,complete,AJ Pycroft,S Das,C Shamshuddin,AK Chaudhary,K Bharatan,20,"DA Warner, UBT Chand, DPMD Jayawardene, MC Juneja, AD Russell, J Botha, IK Pathan, NV Ojha, A Nehra, S Nadeem, UT Yadav","MDKJ Perera, AM Rahane, R Dravid, STR Binny, BJ Hodge, KK Cooper, AL Menaria, S Sreesanth, R Shukla, SK Trivedi, S Badree",2013
2013_40,2013.0,2013-04-29,Rajasthan Royals,Royal Challengers Bengaluru,Rajasthan Royals,Rajasthan Royals,field,Sawai Mansingh Stadium,Jaipur,0,4,SV Samson,173,6,171,6,complete,RS Madugalle,M Erasmus,K Srinath,VA Kulkarni,Tapan Sharma,20,"R Dravid, AM Rahane, SV Samson, SR Watson, BJ Hodge, STR Binny, OA Shah, JP Faulkner, A Chandila, SK Trivedi, S Sreesanth","A Mukund, CH Gayle, V Kohli, AB de Villiers, MC Henriques, SS Tiwary, R Rampaul, R Vinay Kumar, M Kartik, RP Singh, JD Unadkat",2013
2013_41,2013.0,2013-04-30,Pune Warriors India,Chennai Super Kings,Chennai Super Kings,Chennai Super Kings,bat,Subrata Roy Sahara Stadium,Pune,37,0,MS Dhoni,127,9,164,3,complete,AJ Pycroft,S Das,SJA Taufel,Aleem Dar,PG Pathak,20,"RV Uthappa, AJ Finch, TL Suman, Yuvraj Singh, SPD Smith, LJ Wright, AM Nayar, KW Richardson, B Kumar, R Sharma, AB Dinda","MEK Hussey, WP Saha, SK Raina, S Badrinath, MS Dhoni, RA Jadeja, DJ Bravo, JA Morkel, CH Morris, R Ashwin, MM Sharma",2013
2013_42,2013.0,2013-05-01,Delhi Capitals,Kolkata Knight Riders,Delhi Capitals,Kolkata Knight Riders,bat,Shaheed Veer Narayan Singh International Stadium,Raipur,0,7,DA Warner,137,3,136,7,complete,RS Mahanama,HDPK Dharmasena,CK Nandan,S Ravi,VK Sharma,20,"DPMD Jayawardene, V Sehwag, UBT Chand, DA Warner, BJ Rohrer, KM Jadhav, IK Pathan, S Nadeem, M Morkel, UT Yadav, A Nehra","MS Bisla, G Gambhir, YK Pathan, JH Kallis, EJG Morgan, DB Das, R Bhatia, S Narwal, B Lee, SP Narine, L Balaji",2013
2013_43,2013.0,2013-05-01,Sunrisers Hyderabad,Mumbai Indians,Sunrisers Hyderabad,Mumbai Indians,bat,"Rajiv Gandhi International Stadium, Uppal",Hyderabad,0,7,I Sharma,130,3,129,4,complete,J Srinath,Asad Rauf,S Asnani,AK Chaudhary,A Nand Kishore,20,"PA Reddy, S Dhawan, KC Sangakkara, GH Vihari, DJG Sammy, NLTC Perera, A Ashish Reddy, KV Sharma, A Mishra, DW Steyn, I Sharma","DR Smith, SR Tendulkar, KD Karthik, RG Sharma, KA Pollard, AT Rayudu, Harbhajan Singh, MG Johnson, SL Malinga, DS Kulkarni, PP Ojha",2013
2013_44,2013.0,2013-05-02,Chennai Super Kings,Punjab Kings,Chennai Super Kings,Chennai Super Kings,bat,"MA Chidambaram Stadium, Chepauk",Chennai,15,0,SK Raina,186,4,171,6,complete,Raju Mukherjee,M Erasmus,VA Kulkarni,NJ Llong,K Srinivasan,20,"WP Saha, MEK Hussey, SK Raina, MS Dhoni, JA Morkel, RA Jadeja, S Badrinath, DJ Bravo, CH Morris, R Ashwin, MM Sharma","LA Pomersbach, Mandeep Singh, SE Marsh, DJ Hussey, DA Miller, Gurkeerat Singh, R Sathish, MS Gony, PP Chawla, P Kumar, P Awana",2013
2013_45,2013.0,2013-05-02,Pune Warriors India,Royal Challengers Bengaluru,Royal Challengers Bengaluru,Royal Challengers Bengaluru,bat,Subrata Roy Sahara Stadium,Pune,17,0,AB de Villiers,170,9,187,3,complete,AJ Pycroft,Aleem Dar,C Shamshuddin,Subroto Das,PG Pathak,20,"RV Uthappa, AJ Finch, TL Suman, Yuvraj Singh, SPD Smith, AD Mathews, AM Nayar, B Kumar, BAW Mendis, AB Dinda, R Sharma","SS Tiwary, CH Gayle, V Kohli, AB de Villiers, MC Henriques, KL Rahul, KB Arun Karthik, R Vinay Kumar, M Kartik, M Muralitharan, RP Singh",2013
2013_46,2013.0,2013-05-03,Kolkata Knight Riders,Rajasthan Royals,Kolkata Knight Riders,Rajasthan Royals,bat,Eden Gardens,Kolkata,0,8,YK Pathan,133,2,132,6,complete,RS Mahanama,HDPK Dharmasena,CK Nandan,S Ravi,AS Pathania,20,"G Gambhir, MS Bisla, JH Kallis, YK Pathan, EJG Morgan, DB Das, R Bhatia, S Narwal, SMSM Senanayake, Iqbal Abdulla, SP Narine","SR Watson, AM Rahane, JP Faulkner, SV Samson, DH Yagnik, OA Shah, STR Binny, R Dravid, AA Chavan, GB Hogg, SK Trivedi",2013
2013_47,2013.0,2013-05-04,Sunrisers Hyderabad,Delhi Capitals,Sunrisers Hyderabad,Delhi Capitals,bat,"Rajiv Gandhi International Stadium, Uppal",Hyderabad,0,6,DJG Sammy,81,4,80,10,complete,J Srinath,Asad Rauf,S Asnani,AK Chaudhary,A Nand Kishore,20,"PA Patel, S Dhawan, A Ashish Reddy, DJG Sammy, KC Sangakkara, GH Vihari, NLTC Perera, KV Sharma, A Mishra, DW Steyn, I Sharma","DPMD Jayawardene, V Sehwag, UBT Chand, DA Warner, BMAJ Mendis, KM Jadhav, IK Pathan, J Botha, S Nadeem, A Nehra, UT Yadav",2013
2013_48,2013.0,2013-05-05,Rajasthan Royals,Pune Warriors India,Rajasthan Royals,Pune Warriors India,bat,Sawai Mansingh Stadium,Jaipur,0,5,AM Rahane,182,5,178,4,complete,AJ Pycroft,C Shamshuddin,RJ Tucker,Aleem Dar,Tapan Sharma,20,"R Dravid, AM Rahane, SR Watson, BJ Hodge, STR Binny, SV Samson, JP Faulkner, Sachin Baby, KK Cooper, A Chandila, SK Trivedi","RV Uthappa, AJ Finch, Yuvraj Singh, MR Marsh, AD Mathews, M Rawat, UA Birla, B Kumar, WD Parnell, K Upadhyay, R Sharma",2013
2013_49,2013.0,2013-05-05,Mumbai Indians,Chennai Super Kings,Mumbai Indians,Mumbai Indians,bat,Wankhede Stadium,Mumbai,60,0,MG Johnson,139,5,79,10,complete,RS Mahanama,HDPK Dharmasena,CK Nandan,S Ravi,RM Deshpande,20,"DR Smith, SR Tendulkar, KD Karthik, KA Pollard, RG Sharma, AT Rayudu, Harbhajan Singh, MG Johnson, SL Malinga, PP Ojha, P Suyal","MEK Hussey, M Vijay, SK Raina, S Badrinath, DJ Bravo, R Ashwin, MS Dhoni, RA Jadeja, CH Morris, MM Sharma, B Laughlin",2013
2013_5,2013.0,2013-04-07,Sunrisers Hyderabad,Royal Challengers Bengaluru,,Royal Challengers Bengaluru,bat,"Rajiv Gandhi International Stadium, Uppal",Hyderabad,0,0,GH Vihari,150,7,145,8,tie,DC Boon,AK Chaudhary,S Ravi,K Srinath,A Nand Kishore,20,"PA Reddy, PA Patel, CL White, GH Vihari, KC Sangakkara, NLTC Perera, A Mishra, A Ashish Reddy, DW Steyn, Ankit Sharma, I Sharma","CH Gayle, TM Dilshan, V Kohli, KK Nair, MC Henriques, MA Agarwal, KB Arun Karthik, R Vinay Kumar, M Kartik, JD Unadkat, M Muralitharan",2013
2013_50,2013.0,2013-05-06,Punjab Kings,Royal Challengers Bengaluru,Punjab Kings,Punjab Kings,field,"Punjab Cricket Association Stadium, Mohali",Chandigarh,0,6,DA Miller,194,4,190,3,complete,RR Jadeja,VA Kulkarni,NJ Llong,K Srinath,Nitin Menon,20,"Mandeep Singh, SE Marsh, Gurkeerat Singh, DJ Hussey, DA Miller, R Sathish, MG Neser, PP Chawla, P Kumar, MS Gony, P Awana","CA Pujara, CH Gayle, V Kohli, AB de Villiers, MC Henriques, SS Tiwary, KB Arun Karthik, R Vinay Kumar, R Rampaul, M Kartik, RP Singh",2013
2013_51,2013.0,2013-05-07,Rajasthan Royals,Delhi Capitals,Rajasthan Royals,Delhi Capitals,bat,Sawai Mansingh Stadium,Jaipur,0,9,AM Rahane,155,1,154,4,complete,AJ Pycroft,Aleem Dar,RJ Tucker,C Shamshuddin,Tapan Sharma,20,"R Dravid, AM Rahane, SR Watson, SV Samson, STR Binny, BJ Hodge, Sachin Baby, JP Faulkner, SK Trivedi, PV Tambe, SW Tait","DPMD Jayawardene, V Sehwag, CM Gautam, DA Warner, BJ Rohrer, KM Jadhav, AB Agarkar, M Morkel, UT Yadav, P Negi, S Kaul",2013
2013_52,2013.0,2013-05-07,Mumbai Indians,Kolkata Knight Riders,Mumbai Indians,Mumbai Indians,bat,Wankhede Stadium,Mumbai,65,0,SR Tendulkar,170,6,105,10,complete,RS Mahanama,HDPK Dharmasena,S Ravi,CK Nandan,RM Deshpande,20,"DR Smith, SR Tendulkar, KD Karthik, RG Sharma, KA Pollard, AT Rayudu, Harbhajan Singh, MG Johnson, SL Malinga, PP Ojha, AN Ahmed","MS Bisla, G Gambhir, JH Kallis, YK Pathan, EJG Morgan, DB Das, R McLaren, R Bhatia, Iqbal Abdulla, SP Narine, L Balaji",2013
2013_53,2013.0,2013-05-08,Sunrisers Hyderabad,Chennai Super Kings,Chennai Super Kings,Sunrisers Hyderabad,field,"Rajiv Gandhi International Stadium, Uppal",Hyderabad,77,0,SK Raina,146,8,223,3,complete,Raju Mukherjee,S Das,NJ Llong,K Srinath,A Nand Kishore,20,"PA Patel, S Dhawan, KC Sangakkara, GH Vihari, DJG Sammy, NLTC Perera, KV Sharma, A Mishra, DW Steyn, I Sharma, A Ashish Reddy","MEK Hussey, M Vijay, SK Raina, MS Dhoni, RA Jadeja, S Badrinath, DJ Bravo, CH Morris, R Ashwin, JO Holder, MM Sharma",2013
2013_54,2013.0,2013-05-09,Pune Warriors India,Kolkata Knight Riders,Kolkata Knight Riders,Kolkata Knight Riders,bat,Subrata Roy Sahara Stadium,Pune,46,0,G Gambhir,106,10,152,6,complete,J Srinath,Asad Rauf,S Asnani,SJA Taufel,PG Pathak,20,"RV Uthappa, AJ Finch, Yuvraj Singh, UA Birla, AD Mathews, MR Marsh, M Rawat, WD Parnell, B Kumar, Parvez Rasool, K Upadhyay","MS Bisla, G Gambhir, JH Kallis, EJG Morgan, RN ten Doeschate, YK Pathan, MK Tiwary, R Bhatia, Iqbal Abdulla, SP Narine, L Balaji",2013
2013_55,2013.0,2013-05-09,Punjab Kings,Rajasthan Royals,Rajasthan Royals,Rajasthan Royals,field,"Punjab Cricket Association Stadium, Mohali",Chandigarh,0,8,KK Cooper,145,6,147,2,complete,RS Mahanama,HDPK Dharmasena,S Ravi,CK Nandan,Nitin Menon,20,"Mandeep Singh, AC Gilchrist, SE Marsh, DJ Hussey, DA Miller, MS Gony, R Sathish, PP Chawla, Bipul Sharma, P Kumar, P Awana","R Dravid, AM Rahane, SR Watson, SV Samson, BJ Hodge, DH Yagnik, KK Cooper, JP Faulkner, A Chandila, S Sreesanth, SK Trivedi",2013
2013_56,2013.0,2013-05-10,Delhi Capitals,Royal Challengers Bengaluru,Royal Challengers Bengaluru,Delhi Capitals,field,Feroz Shah Kotla,Delhi,4,0,JD Unadkat,179,7,183,4,complete,RS Madugalle,NJ Llong,K Srinath,VA Kulkarni,K Bharatan,20,"DPMD Jayawardene, V Sehwag, UBT Chand, DA Warner, BJ Rohrer, KM Jadhav, IK Pathan, M Morkel, UT Yadav, S Nadeem, S Kaul","CA Pujara, CH Gayle, V Kohli, MC Henriques, AB de Villiers, SS Tiwary, J Syed Mohammad, R Vinay Kumar, R Rampaul, M Kartik, JD Unadkat",2013
2013_57,2013.0,2013-05-11,Punjab Kings,Sunrisers Hyderabad,Sunrisers Hyderabad,Punjab Kings,field,"Punjab Cricket Association Stadium, Mohali",Chandigarh,30,0,PA Patel,120,9,150,7,complete,AJ Pycroft,S Das,RJ Tucker,C Shamshuddin,Nitin Menon,20,"AC Gilchrist, Mandeep Singh, SE Marsh, LA Pomersbach, DA Miller, R Sathish, PP Chawla, P Kumar, Harmeet Singh, P Awana, Sandeep Sharma","PA Patel, S Dhawan, GH Vihari, CL White, BB Samantray, DJG Sammy, KV Sharma, NLTC Perera, DW Steyn, A Mishra, I Sharma",2013
2013_58,2013.0,2013-05-11,Pune Warriors India,Mumbai Indians,Mumbai Indians,Pune Warriors India,bat,Subrata Roy Sahara Stadium,Pune,0,5,MG Johnson,112,8,116,5,complete,J Srinath,Asad Rauf,AK Chaudhary,S Asnani,RM Deshpande,20,"RV Uthappa, AJ Finch, MK Pandey, Yuvraj Singh, AD Mathews, AM Nayar, KW Richardson, Parvez Rasool, B Kumar, AB Dinda, BAW Mendis","DR Smith, SR Tendulkar, KD Karthik, RG Sharma, AT Rayudu, GJ Maxwell, Harbhajan Singh, MG Johnson, SL Malinga, PP Ojha, AN Ahmed",2013
2013_59,2013.0,2013-05-12,Rajasthan Royals,Chennai Super Kings,Rajasthan Royals,Rajasthan Royals,field,Sawai Mansingh Stadium,Jaipur,0,5,SR Watson,144,5,141,4,complete,RS Mahanama,HDPK Dharmasena,CK Nandan,S Ravi,Tapan Sharma,20,"R Dravid, AM Rahane, JP Faulkner, SV Samson, SR Watson, STR Binny, BJ Hodge, DH Yagnik, SK Trivedi, KK Cooper, VS Malik","MEK Hussey, M Vijay, SK Raina, MS Dhoni, RA Jadeja, DJ Bravo, S Badrinath, CH Morris, R Ashwin, JO Holder, MM Sharma",2013
2013_6,2013.0,2013-04-07,Pune Warriors India,Punjab Kings,Punjab Kings,Pune Warriors India,bat,Subrata Roy Sahara Stadium,Pune,0,8,M Vohra,99,9,100,2,complete,RS Madugalle,S Asnani,SJA Taufel,CK Nandan,PG Pathak,20,"RV Uthappa, MK Pandey, TL Suman, MN Samuels, LRPL Taylor, AD Mathews, AM Nayar, MR Marsh, B Kumar, R Sharma, AB Dinda","AC Gilchrist, Mandeep Singh, M Vohra, DJ Hussey, Azhar Mahmood, Gurkeerat Singh, R Sathish, PP Chawla, P Awana, P Kumar, RJ Harris",2013
2013_60,2013.0,2013-05-12,Kolkata Knight Riders,Royal Challengers Bengaluru,Kolkata Knight Riders,Kolkata Knight Riders,field,JSCA International Stadium Complex,Ranchi,0,5,JH Kallis,116,5,115,9,complete,RS Madugalle,NJ Llong,K Srinath,VA Kulkarni,PK Khakhar,20,"MS Bisla, G Gambhir, JH Kallis, YK Pathan, MK Tiwary, RN ten Doeschate, R Bhatia, DB Das, SMSM Senanayake, SP Narine, L Balaji","CA Pujara, CH Gayle, V Kohli, AB de Villiers, MC Henriques, SS Tiwary, R Vinay Kumar, R Rampaul, A Mithun, M Kartik, JD Unadkat",2013
2013_61,2013.0,2013-05-13,Mumbai Indians,Sunrisers Hyderabad,Mumbai Indians,Sunrisers Hyderabad,bat,Wankhede Stadium,Mumbai,0,7,KA Pollard,184,4,178,3,complete,RR Jadeja,AK Chaudhary,SJA Taufel,Asad Rauf,RM Deshpande,20,"DR Smith, SR Tendulkar, KD Karthik, RG Sharma, AT Rayudu, KA Pollard, Harbhajan Singh, MG Johnson, DS Kulkarni, SL Malinga, PP Ojha","PA Patel, S Dhawan, GH Vihari, CL White, NLTC Perera, DJG Sammy, BB Samantray, KV Sharma, A Mishra, DW Steyn, I Sharma",2013
2013_62,2013.0,2013-05-14,Chennai Super Kings,Delhi Capitals,Chennai Super Kings,Chennai Super Kings,bat,"MA Chidambaram Stadium, Chepauk",Chennai,33,0,MS Dhoni,168,4,135,9,complete,AJ Pycroft,C Shamshuddin,RJ Tucker,S Das,K Srinivasan,20,"MEK Hussey, M Vijay, SK Raina, MS Dhoni, RA Jadeja, DJ Bravo, S Badrinath, JA Morkel, R Ashwin, JO Holder, MM Sharma","V Sehwag, UBT Chand, J Botha, DA Warner, KM Jadhav, BJ Rohrer, RE van der Merwe, IK Pathan, UT Yadav, A Nehra, S Kaul",2013
2013_63,2013.0,2013-05-14,Royal Challengers Bengaluru,Punjab Kings,Punjab Kings,Punjab Kings,field,M Chinnaswamy Stadium,Bangalore,0,7,AC Gilchrist,174,5,176,3,complete,RS Mahanama,HDPK Dharmasena,S Ravi,CK Nandan,KN Ananthapadmanabhan,20,"CA Pujara, CH Gayle, V Kohli, AB de Villiers, MC Henriques, KL Rahul, KB Arun Karthik, R Vinay Kumar, Z Khan, M Muralitharan, JD Unadkat","AC Gilchrist, SE Marsh, Azhar Mahmood, DA Miller, R Sathish, Mandeep Singh, M Vohra, PP Chawla, MS Gony, P Awana, Sandeep Sharma",2013
2013_64,2013.0,2013-05-15,Mumbai Indians,Rajasthan Royals,Mumbai Indians,Rajasthan Royals,field,Wankhede Stadium,Mumbai,14,0,AP Tare,166,8,152,7,complete,RR Jadeja,Asad Rauf,S Asnani,AK Chaudhary,PG Pathak,20,"GJ Maxwell, AP Tare, KD Karthik, RG Sharma, KA Pollard, AT Rayudu, Harbhajan Singh, MG Johnson, SL Malinga, DS Kulkarni, PP Ojha","R Dravid, AM Rahane, JP Faulkner, SV Samson, SR Watson, STR Binny, DH Yagnik, BJ Hodge, KK Cooper, AA Chavan, PV Tambe",2013
2013_65,2013.0,2013-05-15,Kolkata Knight Riders,Pune Warriors India,Pune Warriors India,Kolkata Knight Riders,field,JSCA International Stadium Complex,Ranchi,7,0,MK Pandey,163,7,170,4,complete,RS Madugalle,NJ Llong,K Srinath,VA Kulkarni,PK Khakhar,20,"G Gambhir, MS Bisla, JH Kallis, YK Pathan, RN ten Doeschate, MK Tiwary, DB Das, R Bhatia, SMSM Senanayake, SP Narine, L Balaji","RV Uthappa, AJ Finch, MK Pandey, Yuvraj Singh, LJ Wright, AD Mathews, RV Gomez, WD Parnell, B Kumar, AG Murtaza, IC Pandey",2013
2013_66,2013.0,2013-05-16,Punjab Kings,Delhi Capitals,Punjab Kings,Delhi Capitals,field,Himachal Pradesh Cricket Association Stadium,Dharamsala,7,0,DA Miller,171,4,164,7,complete,RS Mahanama,HDPK Dharmasena,S Ravi,CK Nandan,Nitin Menon,20,"AC Gilchrist, SE Marsh, Azhar Mahmood, DA Miller, R Sathish, PP Chawla, Mandeep Singh, M Vohra, P Kumar, P Awana, Sandeep Sharma","DPMD Jayawardene, UBT Chand, IK Pathan, DA Warner, V Sehwag, BJ Rohrer, CM Gautam, M Morkel, S Kaul, UT Yadav, A Nehra",2013
2013_67,2013.0,2013-05-17,Sunrisers Hyderabad,Rajasthan Royals,Sunrisers Hyderabad,Sunrisers Hyderabad,bat,"Rajiv Gandhi International Stadium, Uppal",Hyderabad,23,0,A Mishra,136,9,113,9,complete,J Srinath,Asad Rauf,AK Chaudhary,S Asnani,A Nand Kishore,20,"PA Patel, S Dhawan, GH Vihari, CL White, BB Samantray, DJG Sammy, NLTC Perera, DW Steyn, KV Sharma, A Mishra, I Sharma","R Dravid, AM Rahane, SR Watson, SV Samson, STR Binny, BJ Hodge, Sachin Baby, JP Faulkner, KK Cooper, PV Tambe, SK Trivedi",2013
2013_68,2013.0,2013-05-18,Punjab Kings,Mumbai Indians,Punjab Kings,Mumbai Indians,field,Himachal Pradesh Cricket Association Stadium,Dharamsala,50,0,Azhar Mahmood,183,8,133,9,complete,RS Mahanama,HDPK Dharmasena,CK Nandan,S Ravi,Unknown,20,"AC Gilchrist, Mandeep Singh, Azhar Mahmood, SE Marsh, DA Miller, M Vohra, Gurkeerat Singh, PP Chawla, P Kumar, P Awana, Sandeep Sharma","GJ Maxwell, AP Tare, AT Rayudu, RG Sharma, KD Karthik, KA Pollard, R Dhawan, Harbhajan Singh, NM Coulter-Nile, SL Malinga, DS Kulkarni",2013
2013_69,2013.0,2013-05-18,Royal Challengers Bengaluru,Chennai Super Kings,Royal Challengers Bengaluru,Chennai Super Kings,field,M Chinnaswamy Stadium,Bangalore,24,0,V Kohli,106,2,82,6,complete,AJ Pycroft,C Shamshuddin,RJ Tucker,S Das,KN Ananthapadmanabhan,20,"V Kohli, CH Gayle, AB de Villiers, MC Henriques, RP Singh, KL Rahul, SS Tiwary, R Vinay Kumar, Z Khan, R Rampaul, JD Unadkat","MEK Hussey, M Vijay, SK Raina, DJ Bravo, MS Dhoni, RA Jadeja, S Badrinath, CH Morris, R Ashwin, JO Holder, MM Sharma",2013
2013_7,2013.0,2013-04-08,Rajasthan Royals,Kolkata Knight Riders,Rajasthan Royals,Kolkata Knight Riders,field,Sawai Mansingh Stadium,Jaipur,19,0,SK Trivedi,144,6,125,10,complete,AJ Pycroft,Aleem Dar,S Das,C Shamshuddin,Tapan Sharma,20,"SR Watson, AM Rahane, R Dravid, STR Binny, BJ Hodge, KK Cooper, DH Yagnik, S Sreesanth, SK Trivedi, SW Tait, R Shukla","MS Bisla, G Gambhir, JH Kallis, MK Tiwary, EJG Morgan, YK Pathan, LR Shukla, R Bhatia, B Lee, Mohammed Shami, SP Narine",2013
2013_70,2013.0,2013-05-19,Pune Warriors India,Delhi Capitals,Pune Warriors India,Pune Warriors India,bat,Subrata Roy Sahara Stadium,Pune,38,0,LJ Wright,172,5,134,9,complete,RS Madugalle,NJ Llong,SJA Taufel,VA Kulkarni,PG Pathak,20,"RV Uthappa, AJ Finch, MK Pandey, Yuvraj Singh, AD Mathews, LJ Wright, RV Gomez, WD Parnell, B Kumar, AG Murtaza, AB Dinda","DPMD Jayawardene, DA Warner, B Chipli, V Sehwag, BJ Rohrer, IK Pathan, CM Gautam, M Morkel, UT Yadav, S Nadeem, S Kaul",2013
2013_71,2013.0,2013-05-19,Sunrisers Hyderabad,Kolkata Knight Riders,Sunrisers Hyderabad,Kolkata Knight Riders,bat,"Rajiv Gandhi International Stadium, Uppal",Hyderabad,0,5,PA Patel,132,5,130,7,complete,Raju Mukherjee,Asad Rauf,S Asnani,AK Chaudhary,A Nand Kishore,20,"PA Patel, S Dhawan, GH Vihari, CL White, NLTC Perera, DJG Sammy, BB Samantray, KV Sharma, A Mishra, DW Steyn, Anand Rajan","MS Bisla, G Gambhir, JH Kallis, EJG Morgan, YK Pathan, RN ten Doeschate, P Dogra, SP Narine, Iqbal Abdulla, PJ Sangwan, Mohammed Shami",2013
2013_72,2013.0,2013-05-21,Chennai Super Kings,Mumbai Indians,Chennai Super Kings,Chennai Super Kings,bat,Feroz Shah Kotla,Delhi,48,0,MEK Hussey,192,1,144,10,complete,RS Mahanama,NJ Llong,RJ Tucker,S Ravi,CK Nandan,20,"MEK Hussey, M Vijay, SK Raina, MS Dhoni, RA Jadeja, S Badrinath, DJ Bravo, JA Morkel, CH Morris, R Ashwin, MM Sharma","DR Smith, AP Tare, KD Karthik, RG Sharma, KA Pollard, AT Rayudu, Harbhajan Singh, MG Johnson, SL Malinga, PP Ojha, MM Patel",2013
2013_73,2013.0,2013-05-22,Rajasthan Royals,Sunrisers Hyderabad,Rajasthan Royals,Sunrisers Hyderabad,bat,Feroz Shah Kotla,Delhi,0,4,BJ Hodge,135,6,132,7,complete,RS Mahanama,S Ravi,RJ Tucker,NJ Llong,CK Nandan,20,"R Dravid, AM Rahane, SR Watson, DH Yagnik, STR Binny, SV Samson, BJ Hodge, JP Faulkner, KK Cooper, VS Malik, SK Trivedi","PA Patel, S Dhawan, GH Vihari, CL White, DJG Sammy, NLTC Perera, BB Samantray, KV Sharma, DW Steyn, A Mishra, I Sharma",2013
2013_74,2013.0,2013-05-24,Mumbai Indians,Rajasthan Royals,Mumbai Indians,Rajasthan Royals,bat,Eden Gardens,Kolkata,0,4,Harbhajan Singh,169,6,165,6,complete,RS Madugalle,C Shamshuddin,SJA Taufel,HDPK Dharmasena,K Srinath,20,"DR Smith, AP Tare, KD Karthik, RG Sharma, KA Pollard, AT Rayudu, Harbhajan Singh, R Dhawan, MG Johnson, SL Malinga, PP Ojha","R Dravid, AM Rahane, SR Watson, SV Samson, STR Binny, BJ Hodge, KK Cooper, DH Yagnik, JP Faulkner, VS Malik, SK Trivedi",2013
2013_75,2013.0,2013-05-26,Chennai Super Kings,Mumbai Indians,Mumbai Indians,Mumbai Indians,bat,Eden Gardens,Kolkata,23,0,KA Pollard,125,9,148,9,complete,RS Madugalle,HDPK Dharmasena,SJA Taufel,C Shamshuddin,K Srinath,20,"MEK Hussey, M Vijay, SK Raina, S Badrinath, DJ Bravo, RA Jadeja, MS Dhoni, JA Morkel, CH Morris, R Ashwin, MM Sharma","DR Smith, AP Tare, KD Karthik, RG Sharma, AT Rayudu, KA Pollard, Harbhajan Singh, R Dhawan, MG Johnson, SL Malinga, PP Ojha",2013
2013_8,2013.0,2013-04-09,Royal Challengers Bengaluru,Sunrisers Hyderabad,Royal Challengers Bengaluru,Sunrisers Hyderabad,bat,M Chinnaswamy Stadium,Bangalore,0,7,V Kohli,162,3,161,6,complete,DC Boon,S Ravi,SJA Taufel,CK Nandan,KN Ananthapadmanabhan,20,"MA Agarwal, CH Gayle, V Kohli, AB de Villiers, MC Henriques, KB Arun Karthik, R Vinay Kumar, M Kartik, JD Unadkat, RP Singh, M Muralitharan","PA Reddy, PA Patel, KC Sangakkara, CL White, NLTC Perera, A Ashish Reddy, GH Vihari, BB Samantray, A Mishra, DW Steyn, I Sharma",2013
2013_9,2013.0,2013-04-09,Mumbai Indians,Delhi Capitals,Mumbai Indians,Mumbai Indians,bat,Wankhede Stadium,Mumbai,44,0,KD Karthik,209,5,165,9,complete,RS Madugalle,M Erasmus,VA Kulkarni,S Asnani,RM Deshpande,20,"RT Ponting, SR Tendulkar, KD Karthik, RG Sharma, KA Pollard, AT Rayudu, Harbhajan Singh, R Dhawan, MG Johnson, PP Ojha, SL Malinga","UBT Chand, DA Warner, DPMD Jayawardene, MC Juneja, BMAJ Mendis, IK Pathan, KM Jadhav, S Nadeem, M Morkel, A Nehra, UT Yadav",2013
2014_0,2014.0,2014-04-16,Mumbai Indians,Kolkata Knight Riders,Kolkata Knight Riders,Kolkata Knight Riders,bat,Sheikh Zayed Stadium,Abu Dhabi,41,0,JH Kallis,122,7,163,5,complete,AJ Pycroft,M Erasmus,RK Illingworth,BF Bowden,K Srinath,20,"MEK Hussey, AP Tare, AT Rayudu, RG Sharma, KA Pollard, CJ Anderson, Harbhajan Singh, CM Gautam, SL Malinga, Z Khan, PP Ojha","G Gambhir, JH Kallis, MK Pandey, RV Uthappa, YK Pathan, Shakib Al Hasan, SA Yadav, PP Chawla, R Vinay Kumar, SP Narine, M Morkel",2014
2014_1,2014.0,2014-04-17,Delhi Capitals,Royal Challengers Bengaluru,Royal Challengers Bengaluru,Royal Challengers Bengaluru,field,Sharjah Cricket Stadium,Unknown,0,8,YS Chahal,145,4,146,2,complete,GF Labrooy,Aleem Dar,S Ravi,VA Kulkarni,K Bharatan,20,"MA Agarwal, M Vijay, KD Karthik, MK Tiwary, JP Duminy, LRPL Taylor, JDS Neesham, WD Parnell, S Nadeem, R Sharma, Mohammed Shami","PA Patel, NJ Maddinson, V Kohli, Yuvraj Singh, AB de Villiers, JA Morkel, S Rana, AB Dinda, MA Starc, YS Chahal, VR Aaron",2014
2014_10,2014.0,2014-04-24,Royal Challengers Bengaluru,Kolkata Knight Riders,Kolkata Knight Riders,Royal Challengers Bengaluru,field,Sharjah Cricket Stadium,Unknown,2,0,CA Lynn,148,5,150,7,complete,AJ Pycroft,Aleem Dar,VA Kulkarni,AK Chaudhary,K Bharatan,20,"PA Patel, YV Takawale, V Kohli, Yuvraj Singh, AB de Villiers, JA Morkel, MA Starc, AB Dinda, YS Chahal, VR Aaron, M Muralitharan","JH Kallis, G Gambhir, MK Pandey, CA Lynn, YK Pathan, RV Uthappa, SA Yadav, R Vinay Kumar, SP Narine, M Morkel, UT Yadav",2014
2014_11,2014.0,2014-04-25,Sunrisers Hyderabad,Delhi Capitals,Sunrisers Hyderabad,Sunrisers Hyderabad,bat,Dubai International Cricket Stadium,Unknown,4,0,AJ Finch,184,1,180,4,complete,GF Labrooy,M Erasmus,S Ravi,BF Bowden,K Srinivasan,20,"S Dhawan, AJ Finch, DA Warner, KL Rahul, DJG Sammy, Y Venugopal Rao, KV Sharma, NV Ojha, DW Steyn, A Mishra, B Kumar","Q de Kock, M Vijay, KP Pietersen, KD Karthik, JP Duminy, MK Tiwary, LR Shukla, WD Parnell, S Nadeem, Mohammed Shami, JD Unadkat",2014
2014_12,2014.0,2014-04-25,Chennai Super Kings,Mumbai Indians,Chennai Super Kings,Mumbai Indians,bat,Dubai International Cricket Stadium,Unknown,0,7,MM Sharma,142,3,141,7,complete,GF Labrooy,BF Bowden,M Erasmus,S Ravi,K Srinivasan,20,"DR Smith, BB McCullum, SK Raina, F du Plessis, MS Dhoni, M Manhas, RA Jadeja, R Ashwin, BW Hilfenhaus, IC Pandey, MM Sharma","MEK Hussey, AP Tare, CJ Anderson, RG Sharma, KA Pollard, AT Rayudu, CM Gautam, Harbhajan Singh, Z Khan, PP Ojha, SL Malinga",2014
2014_13,2014.0,2014-04-26,Kolkata Knight Riders,Punjab Kings,Punjab Kings,Kolkata Knight Riders,field,Sheikh Zayed Stadium,Abu Dhabi,23,0,Sandeep Sharma,109,10,132,9,complete,AJ Pycroft,HDPK Dharmasena,RK Illingworth,C Shamshuddin,K Srinath,20,"MK Pandey, JH Kallis, G Gambhir, CA Lynn, RV Uthappa, YK Pathan, SA Yadav, PP Chawla, SP Narine, UT Yadav, M Morkel","CA Pujara, V Sehwag, WP Saha, GJ Maxwell, DA Miller, GJ Bailey, R Dhawan, AR Patel, MG Johnson, L Balaji, Sandeep Sharma",2014
2014_14,2014.0,2014-04-26,Rajasthan Royals,Royal Challengers Bengaluru,Rajasthan Royals,Rajasthan Royals,field,Sheikh Zayed Stadium,Abu Dhabi,0,6,PV Tambe,71,4,70,10,complete,AJ Pycroft,HDPK Dharmasena,C Shamshuddin,RK Illingworth,K Srinath,20,"AM Rahane, KK Nair, SV Samson, AM Nayar, SR Watson, STR Binny, SPD Smith, R Bhatia, KW Richardson, PV Tambe, TG Southee","PA Patel, YV Takawale, V Kohli, Yuvraj Singh, AB de Villiers, S Rana, JA Morkel, MA Starc, R Rampaul, AB Dinda, YS Chahal",2014
2014_15,2014.0,2014-04-27,Delhi Capitals,Mumbai Indians,Delhi Capitals,Mumbai Indians,bat,Sharjah Cricket Stadium,Unknown,0,6,M Vijay,126,4,125,7,complete,GF Labrooy,Aleem Dar,VA Kulkarni,AK Chaudhary,K Bharatan,20,"Q de Kock, M Vijay, JP Duminy, KP Pietersen, KD Karthik, KM Jadhav, LR Shukla, WD Parnell, S Nadeem, Mohammed Shami, JD Unadkat","RG Sharma, AP Tare, CJ Anderson, AT Rayudu, MEK Hussey, KA Pollard, CM Gautam, Harbhajan Singh, Z Khan, PP Ojha, SL Malinga",2014
2014_16,2014.0,2014-04-27,Sunrisers Hyderabad,Chennai Super Kings,Chennai Super Kings,Sunrisers Hyderabad,bat,Sharjah Cricket Stadium,Unknown,0,5,DR Smith,145,5,146,5,complete,GF Labrooy,AK Chaudhary,VA Kulkarni,Aleem Dar,K Bharatan,20,"AJ Finch, S Dhawan, DA Warner, KL Rahul, Y Venugopal Rao, DJG Sammy, KV Sharma, DW Steyn, A Mishra, B Kumar, I Sharma","DR Smith, BB McCullum, SK Raina, MS Dhoni, F du Plessis, RA Jadeja, M Manhas, R Ashwin, BW Hilfenhaus, IC Pandey, MM Sharma",2014
2014_17,2014.0,2014-04-28,Punjab Kings,Royal Challengers Bengaluru,Punjab Kings,Punjab Kings,field,Dubai International Cricket Stadium,Unknown,0,5,Sandeep Sharma,127,5,124,8,complete,AJ Pycroft,BF Bowden,S Ravi,M Erasmus,K Srinivasan,20,"CA Pujara, V Sehwag, WP Saha, GJ Maxwell, DA Miller, GJ Bailey, R Dhawan, MG Johnson, AR Patel, L Balaji, Sandeep Sharma","CH Gayle, PA Patel, V Kohli, YV Takawale, AB de Villiers, Yuvraj Singh, JA Morkel, MA Starc, VR Aaron, AB Dinda, YS Chahal",2014
2014_18,2014.0,2014-04-29,Kolkata Knight Riders,Rajasthan Royals,,Rajasthan Royals,bat,Sheikh Zayed Stadium,Abu Dhabi,0,0,JP Faulkner,163,10,163,5,tie,GF Labrooy,Aleem Dar,AK Chaudhary,VA Kulkarni,K Srinath,20,"G Gambhir, MS Bisla, JH Kallis, MK Pandey, SA Yadav, Shakib Al Hasan, RV Uthappa, R Vinay Kumar, PP Chawla, SP Narine, M Morkel","AM Rahane, KK Nair, SV Samson, SR Watson, STR Binny, SPD Smith, JP Faulkner, R Bhatia, KW Richardson, PV Tambe, Iqbal Abdulla",2014
2014_19,2014.0,2014-04-30,Mumbai Indians,Sunrisers Hyderabad,Sunrisers Hyderabad,Mumbai Indians,field,Dubai International Cricket Stadium,Unknown,15,0,B Kumar,157,7,172,5,complete,AJ Pycroft,HDPK Dharmasena,M Erasmus,S Ravi,K Srinivasan,20,"BR Dunk, RG Sharma, CJ Anderson, AT Rayudu, KA Pollard, AP Tare, Harbhajan Singh, CM Gautam, Z Khan, PP Ojha, SL Malinga","AJ Finch, S Dhawan, KL Rahul, DA Warner, DJG Sammy, NV Ojha, IK Pathan, KV Sharma, DW Steyn, A Mishra, B Kumar",2014
2014_2,2014.0,2014-04-18,Chennai Super Kings,Punjab Kings,Punjab Kings,Chennai Super Kings,bat,Sheikh Zayed Stadium,Abu Dhabi,0,6,GJ Maxwell,205,4,206,4,complete,AJ Pycroft,RK Illingworth,C Shamshuddin,BF Bowden,K Srinath,20,"DR Smith, BB McCullum, SK Raina, MS Dhoni, DJ Bravo, F du Plessis, RA Jadeja, R Ashwin, P Negi, A Nehra, MM Sharma","CA Pujara, V Sehwag, GJ Maxwell, AR Patel, DA Miller, GJ Bailey, WP Saha, MG Johnson, R Dhawan, P Awana, L Balaji",2014
2014_20,2014.0,2014-05-02,Chennai Super Kings,Kolkata Knight Riders,Chennai Super Kings,Chennai Super Kings,bat,JSCA International Stadium Complex,Ranchi,34,0,RA Jadeja,148,3,114,9,complete,J Srinath,AK Chaudhary,NJ Llong,CK Nandan,AY Dandekar,20,"DR Smith, BB McCullum, SK Raina, MS Dhoni, RA Jadeja, F du Plessis, M Manhas, R Ashwin, BW Hilfenhaus, IC Pandey, MM Sharma","RV Uthappa, G Gambhir, JH Kallis, MK Pandey, Shakib Al Hasan, SA Yadav, YK Pathan, AD Russell, PP Chawla, R Vinay Kumar, SP Narine",2014
2014_21,2014.0,2014-05-03,Mumbai Indians,Punjab Kings,Mumbai Indians,Punjab Kings,bat,Wankhede Stadium,Mumbai,0,5,CJ Anderson,170,5,168,5,complete,RS Madugalle,BNJ Oxenford,C Shamshuddin,RM Deshpande,R Pandit,20,"BR Dunk, CM Gautam, AT Rayudu, RG Sharma, CJ Anderson, KA Pollard, AP Tare, Harbhajan Singh, JJ Bumrah, Z Khan, SL Malinga","CA Pujara, V Sehwag, WP Saha, GJ Maxwell, GJ Bailey, DA Miller, MG Johnson, R Dhawan, AR Patel, L Balaji, Sandeep Sharma",2014
2014_22,2014.0,2014-05-03,Delhi Capitals,Rajasthan Royals,Rajasthan Royals,Rajasthan Royals,field,Feroz Shah Kotla,Delhi,0,7,KK Nair,152,5,156,3,complete,AJ Pycroft,SS Hazare,S Ravi,K Srinath,Navdeep Singh,20,"Q de Kock, M Vijay, KP Pietersen, KD Karthik, JP Duminy, KM Jadhav, WD Parnell, S Nadeem, Mohammed Shami, JD Unadkat, R Sharma","AM Rahane, KK Nair, SV Samson, R Bhatia, SR Watson, STR Binny, SPD Smith, JP Faulkner, DS Kulkarni, KW Richardson, PV Tambe",2014
2014_23,2014.0,2014-05-04,Royal Challengers Bengaluru,Sunrisers Hyderabad,Royal Challengers Bengaluru,Royal Challengers Bengaluru,field,M Chinnaswamy Stadium,Bangalore,0,4,AB de Villiers,158,6,155,6,complete,RS Mahanama,HDPK Dharmasena,VA Kulkarni,PG Pathak,J Madanagopal,20,"CH Gayle, PA Patel, V Kohli, RR Rossouw, AB de Villiers, Yuvraj Singh, MA Starc, HV Patel, AB Dinda, VR Aaron, YS Chahal","AJ Finch, S Dhawan, KL Rahul, DA Warner, DJG Sammy, NV Ojha, IK Pathan, KV Sharma, DW Steyn, B Kumar, I Sharma",2014
2014_24,2014.0,2014-05-05,Rajasthan Royals,Kolkata Knight Riders,Rajasthan Royals,Kolkata Knight Riders,field,"Sardar Patel Stadium, Motera",Ahmedabad,10,0,PV Tambe,170,6,160,6,complete,RS Madugalle,NJ Llong,CK Nandan,AK Chaudhary,Nitin Menon,20,"AM Rahane, KK Nair, SV Samson, SR Watson, STR Binny, SPD Smith, JP Faulkner, R Bhatia, TG Southee, PV Tambe, R Tewatia","RV Uthappa, G Gambhir, AD Russell, MK Pandey, Shakib Al Hasan, YK Pathan, RN ten Doeschate, SA Yadav, R Vinay Kumar, SP Narine, UT Yadav",2014
2014_25,2014.0,2014-05-05,Delhi Capitals,Chennai Super Kings,Chennai Super Kings,Chennai Super Kings,field,Feroz Shah Kotla,Delhi,0,8,DR Smith,178,5,181,2,complete,J Srinath,RM Deshpande,BNJ Oxenford,C Shamshuddin,Navdeep Singh,20,"Q de Kock, M Vijay, KP Pietersen, KD Karthik, LR Shukla, JP Duminy, KM Jadhav, WD Parnell, S Nadeem, Mohammed Shami, JD Unadkat","DR Smith, BB McCullum, SK Raina, MS Dhoni, F du Plessis, M Manhas, RA Jadeja, R Ashwin, BW Hilfenhaus, IC Pandey, MM Sharma",2014
2014_26,2014.0,2014-05-06,Mumbai Indians,Royal Challengers Bengaluru,Mumbai Indians,Royal Challengers Bengaluru,field,Wankhede Stadium,Mumbai,19,0,RG Sharma,187,5,168,8,complete,AJ Pycroft,S Ravi,K Srinath,SS Hazare,R Pandit,20,"BR Dunk, CM Gautam, AT Rayudu, RG Sharma, CJ Anderson, KA Pollard, AP Tare, Harbhajan Singh, JJ Bumrah, SL Malinga, P Suyal","CH Gayle, PA Patel, V Kohli, AB de Villiers, Yuvraj Singh, RR Rossouw, MA Starc, HV Patel, VR Aaron, AB Dinda, YS Chahal",2014
2014_27,2014.0,2014-05-07,Punjab Kings,Chennai Super Kings,Punjab Kings,Chennai Super Kings,field,Barabati Stadium,Cuttack,44,0,GJ Maxwell,231,4,187,6,complete,RS Mahanama,HDPK Dharmasena,PG Pathak,VA Kulkarni,UV Gandhe,20,"V Sehwag, Mandeep Singh, GJ Maxwell, DA Miller, GJ Bailey, MG Johnson, WP Saha, R Dhawan, AR Patel, M Kartik, Sandeep Sharma","DR Smith, BB McCullum, SK Raina, RA Jadeja, F du Plessis, MS Dhoni, M Manhas, R Ashwin, BW Hilfenhaus, IC Pandey, MM Sharma",2014
2014_28,2014.0,2014-05-07,Delhi Capitals,Kolkata Knight Riders,Kolkata Knight Riders,Delhi Capitals,bat,Feroz Shah Kotla,Delhi,0,8,G Gambhir,160,5,161,2,complete,J Srinath,BNJ Oxenford,C Shamshuddin,RM Deshpande,Navdeep Singh,20,"Q de Kock, M Vijay, KP Pietersen, KD Karthik, JP Duminy, LR Shukla, KM Jadhav, WD Parnell, S Nadeem, Mohammed Shami, S Kaul","RV Uthappa, G Gambhir, MK Pandey, JH Kallis, Shakib Al Hasan, YK Pathan, RN ten Doeschate, SA Yadav, R Vinay Kumar, SP Narine, UT Yadav",2014
2014_29,2014.0,2014-05-08,Rajasthan Royals,Sunrisers Hyderabad,Sunrisers Hyderabad,Rajasthan Royals,field,"Sardar Patel Stadium, Motera",Ahmedabad,32,0,B Kumar,102,10,134,9,complete,RS Madugalle,AK Chaudhary,NJ Llong,CK Nandan,Nitin Menon,20,"AM Rahane, KK Nair, SV Samson, SR Watson, STR Binny, SPD Smith, R Bhatia, JP Faulkner, KW Richardson, DS Kulkarni, PV Tambe","S Dhawan, AJ Finch, KL Rahul, NV Ojha, DA Warner, MC Henriques, IK Pathan, KV Sharma, DW Steyn, A Mishra, B Kumar",2014
2014_3,2014.0,2014-04-18,Sunrisers Hyderabad,Rajasthan Royals,Rajasthan Royals,Rajasthan Royals,field,Sheikh Zayed Stadium,Abu Dhabi,0,4,AM Rahane,133,6,135,6,complete,AJ Pycroft,BF Bowden,RK Illingworth,C Shamshuddin,K Srinath,20,"AJ Finch, S Dhawan, DA Warner, KL Rahul, DJG Sammy, Y Venugopal Rao, KV Sharma, DW Steyn, A Mishra, B Kumar, I Sharma","AM Nayar, AM Rahane, SV Samson, SR Watson, STR Binny, BJ Hodge, R Bhatia, JP Faulkner, KW Richardson, DS Kulkarni, PV Tambe",2014
2014_30,2014.0,2014-05-09,Royal Challengers Bengaluru,Punjab Kings,Punjab Kings,Royal Challengers Bengaluru,field,M Chinnaswamy Stadium,Bangalore,32,0,Sandeep Sharma,166,9,198,8,complete,AJ Pycroft,S Ravi,K Srinath,K Srinivasan,KN Ananthapadmanabhan,20,"CH Gayle, PA Patel, V Kohli, S Rana, AB de Villiers, Yuvraj Singh, JA Morkel, MA Starc, HV Patel, VR Aaron, YS Chahal","V Sehwag, Mandeep Singh, GJ Maxwell, DA Miller, GJ Bailey, WP Saha, MG Johnson, AR Patel, Shivam Sharma, L Balaji, Sandeep Sharma",2014
2014_31,2014.0,2014-05-10,Mumbai Indians,Chennai Super Kings,Chennai Super Kings,Chennai Super Kings,field,Wankhede Stadium,Mumbai,0,4,DR Smith,157,6,160,6,complete,RS Mahanama,HDPK Dharmasena,VA Kulkarni,PG Pathak,R Pandit,20,"LMP Simmons, CM Gautam, AT Rayudu, RG Sharma, KA Pollard, CJ Anderson, AP Tare, Harbhajan Singh, SL Malinga, JJ Bumrah, P Kumar","DR Smith, BB McCullum, SK Raina, F du Plessis, MS Dhoni, RA Jadeja, M Manhas, R Ashwin, IC Pandey, MM Sharma, S Badree",2014
2014_32,2014.0,2014-05-10,Delhi Capitals,Sunrisers Hyderabad,Sunrisers Hyderabad,Sunrisers Hyderabad,field,Feroz Shah Kotla,Delhi,0,8,DW Steyn,143,7,44,2,complete,J Srinath,RM Deshpande,BNJ Oxenford,C Shamshuddin,Navdeep Singh,20,"Q de Kock, KP Pietersen, MA Agarwal, KD Karthik, LR Shukla, JP Duminy, KM Jadhav, R Shukla, Mohammed Shami, Imran Tahir, S Kaul","AJ Finch, S Dhawan, DA Warner, NV Ojha, KL Rahul, MC Henriques, IK Pathan, KV Sharma, DW Steyn, A Mishra, B Kumar",2014
2014_33,2014.0,2014-05-11,Royal Challengers Bengaluru,Rajasthan Royals,Rajasthan Royals,Royal Challengers Bengaluru,bat,M Chinnaswamy Stadium,Bangalore,0,5,JP Faulkner,190,5,191,5,complete,AJ Pycroft,S Ravi,RJ Tucker,K Srinath,KN Ananthapadmanabhan,20,"V Kohli, CH Gayle, VH Zol, AB de Villiers, Yuvraj Singh, JA Morkel, PA Patel, MA Starc, VR Aaron, YS Chahal, AB Dinda","AM Rahane, KK Nair, SR Watson, STR Binny, SV Samson, SPD Smith, JP Faulkner, R Bhatia, KW Richardson, PV Tambe, R Tewatia",2014
2014_34,2014.0,2014-05-11,Punjab Kings,Kolkata Knight Riders,Kolkata Knight Riders,Kolkata Knight Riders,field,Barabati Stadium,Cuttack,0,9,G Gambhir,149,8,150,1,complete,RS Madugalle,NJ Llong,CK Nandan,AK Chaudhary,UV Gandhe,20,"V Sehwag, Mandeep Singh, WP Saha, GJ Maxwell, DA Miller, GJ Bailey, R Dhawan, MG Johnson, AR Patel, P Awana, Sandeep Sharma","RV Uthappa, G Gambhir, MK Pandey, JH Kallis, RN ten Doeschate, YK Pathan, SA Yadav, PP Chawla, M Morkel, UT Yadav, SP Narine",2014
2014_35,2014.0,2014-05-12,Sunrisers Hyderabad,Mumbai Indians,Mumbai Indians,Sunrisers Hyderabad,bat,"Rajiv Gandhi International Stadium, Uppal",Hyderabad,0,7,AT Rayudu,157,3,160,3,complete,RS Mahanama,HDPK Dharmasena,VA Kulkarni,PG Pathak,A Nand Kishore,20,"AJ Finch, S Dhawan, KL Rahul, DA Warner, NV Ojha, MC Henriques, IK Pathan, KV Sharma, DW Steyn, A Mishra, B Kumar","LMP Simmons, CM Gautam, AT Rayudu, RG Sharma, KA Pollard, CJ Anderson, AP Tare, Harbhajan Singh, SL Malinga, JJ Bumrah, PP Ojha",2014
2014_36,2014.0,2014-05-13,Chennai Super Kings,Rajasthan Royals,Chennai Super Kings,Rajasthan Royals,bat,JSCA International Stadium Complex,Ranchi,0,5,RA Jadeja,149,5,148,8,complete,J Srinath,BNJ Oxenford,C Shamshuddin,RM Deshpande,AY Dandekar,20,"DR Smith, BB McCullum, SK Raina, F du Plessis, R Ashwin, MS Dhoni, RA Jadeja, V Shankar, IC Pandey, MM Sharma, S Badree","Ankit Sharma, SR Watson, AM Rahane, KK Nair, STR Binny, SPD Smith, JP Faulkner, DH Yagnik, R Bhatia, KK Cooper, PV Tambe",2014
2014_37,2014.0,2014-05-13,Royal Challengers Bengaluru,Delhi Capitals,Royal Challengers Bengaluru,Delhi Capitals,field,M Chinnaswamy Stadium,Bangalore,16,0,Yuvraj Singh,186,4,170,7,complete,AJ Pycroft,K Srinath,RJ Tucker,S Ravi,KN Ananthapadmanabhan,20,"CH Gayle, PA Patel, V Kohli, AB de Villiers, Yuvraj Singh, S Rana, VH Zol, MA Starc, M Muralitharan, YS Chahal, AN Ahmed","Q de Kock, M Vijay, MA Agarwal, KP Pietersen, JP Duminy, KD Karthik, KM Jadhav, R Shukla, Mohammed Shami, Imran Tahir, S Kaul",2014
2014_38,2014.0,2014-05-14,Kolkata Knight Riders,Mumbai Indians,Kolkata Knight Riders,Kolkata Knight Riders,field,Barabati Stadium,Cuttack,0,6,RV Uthappa,142,4,141,5,complete,RS Madugalle,AK Chaudhary,NJ Llong,CK Nandan,R Pandit,20,"RV Uthappa, G Gambhir, MK Pandey, YK Pathan, Shakib Al Hasan, RN ten Doeschate, SA Yadav, PP Chawla, M Morkel, UT Yadav, SP Narine","LMP Simmons, CM Gautam, AT Rayudu, RG Sharma, CJ Anderson, KA Pollard, AP Tare, Harbhajan Singh, SL Malinga, JJ Bumrah, PP Ojha",2014
2014_39,2014.0,2014-05-14,Sunrisers Hyderabad,Punjab Kings,Punjab Kings,Punjab Kings,field,"Rajiv Gandhi International Stadium, Uppal",Hyderabad,0,6,WP Saha,205,5,211,4,complete,RS Mahanama,VA Kulkarni,PG Pathak,HDPK Dharmasena,A Nand Kishore,20,"AJ Finch, S Dhawan, NV Ojha, DA Warner, MC Henriques, IK Pathan, KV Sharma, KL Rahul, DW Steyn, A Mishra, B Kumar","V Sehwag, M Vohra, WP Saha, GJ Maxwell, DA Miller, GJ Bailey, AR Patel, MG Johnson, Shivam Sharma, R Dhawan, Sandeep Sharma",2014
2014_4,2014.0,2014-04-19,Royal Challengers Bengaluru,Mumbai Indians,Royal Challengers Bengaluru,Royal Challengers Bengaluru,field,Dubai International Cricket Stadium,Unknown,0,7,PA Patel,116,3,115,9,complete,GF Labrooy,Aleem Dar,AK Chaudhary,VA Kulkarni,K Srinivasan,20,"NJ Maddinson, PA Patel, V Kohli, Yuvraj Singh, AB de Villiers, JA Morkel, S Rana, AB Dinda, MA Starc, YS Chahal, VR Aaron","MEK Hussey, AP Tare, AT Rayudu, RG Sharma, KA Pollard, CJ Anderson, Harbhajan Singh, Z Khan, SL Malinga, PP Ojha, JJ Bumrah",2014
2014_40,2014.0,2014-05-15,Rajasthan Royals,Delhi Capitals,Rajasthan Royals,Delhi Capitals,field,"Sardar Patel Stadium, Motera",Ahmedabad,62,0,AM Rahane,201,6,139,9,complete,AJ Pycroft,S Ravi,RJ Tucker,K Srinath,KN Ananthapadmanabhan,20,"AM Rahane, KK Nair, KK Cooper, SV Samson, STR Binny, BCJ Cutting, JP Faulkner, SPD Smith, R Bhatia, DS Kulkarni, PV Tambe","KP Pietersen, MA Agarwal, KD Karthik, JP Duminy, MK Tiwary, LRPL Taylor, KM Jadhav, S Nadeem, Imran Tahir, R Shukla, S Kaul",2014
2014_41,2014.0,2014-05-18,Chennai Super Kings,Royal Challengers Bengaluru,Royal Challengers Bengaluru,Chennai Super Kings,bat,JSCA International Stadium Complex,Ranchi,0,5,AB de Villiers,138,4,142,5,complete,J Srinath,BNJ Oxenford,C Shamshuddin,RM Deshpande,J Madanagopal,20,"DR Smith, BB McCullum, SK Raina, DJ Hussey, MS Dhoni, RA Jadeja, M Manhas, R Ashwin, IC Pandey, MM Sharma, S Badree","CH Gayle, PA Patel, V Kohli, AB de Villiers, Yuvraj Singh, S Rana, AN Ahmed, MA Starc, M Muralitharan, YS Chahal, VR Aaron",2014
2014_42,2014.0,2014-05-18,Sunrisers Hyderabad,Kolkata Knight Riders,Kolkata Knight Riders,Sunrisers Hyderabad,bat,"Rajiv Gandhi International Stadium, Uppal",Hyderabad,0,7,UT Yadav,142,8,146,3,complete,RS Madugalle,NJ Llong,CK Nandan,AK Chaudhary,A Nand Kishore,20,"AJ Finch, S Dhawan, NV Ojha, DA Warner, KL Rahul, IK Pathan, DJG Sammy, KV Sharma, DW Steyn, A Mishra, B Kumar","RV Uthappa, G Gambhir, MK Pandey, YK Pathan, RN ten Doeschate, Shakib Al Hasan, SA Yadav, PP Chawla, M Morkel, UT Yadav, SP Narine",2014
2014_43,2014.0,2014-05-19,Delhi Capitals,Punjab Kings,Punjab Kings,Punjab Kings,field,Feroz Shah Kotla,Delhi,0,4,AR Patel,164,7,165,6,complete,RS Mahanama,HDPK Dharmasena,PG Pathak,VA Kulkarni,Navdeep Singh,20,"M Vijay, KP Pietersen, KD Karthik, JP Duminy, KM Jadhav, MA Agarwal, MK Tiwary, WD Parnell, Mohammed Shami, Imran Tahir, JD Unadkat","V Sehwag, M Vohra, GJ Maxwell, DA Miller, WP Saha, AR Patel, GJ Bailey, R Dhawan, BE Hendricks, Shivam Sharma, Sandeep Sharma",2014
2014_44,2014.0,2014-05-19,Rajasthan Royals,Mumbai Indians,Mumbai Indians,Mumbai Indians,bat,"Sardar Patel Stadium, Motera",Ahmedabad,25,0,MEK Hussey,153,8,178,3,complete,AJ Pycroft,S Ravi,RJ Tucker,K Srinath,KN Ananthapadmanabhan,20,"KK Nair, UBT Chand, SR Watson, SV Samson, KK Cooper, Ankit Sharma, STR Binny, BJ Hodge, JP Faulkner, R Bhatia, DS Kulkarni","MEK Hussey, LMP Simmons, KA Pollard, RG Sharma, AT Rayudu, AP Tare, Harbhajan Singh, JJ Bumrah, K Santokie, PP Ojha, S Gopal",2014
2014_45,2014.0,2014-05-20,Kolkata Knight Riders,Chennai Super Kings,Kolkata Knight Riders,Kolkata Knight Riders,field,Eden Gardens,Kolkata,0,8,RV Uthappa,156,2,154,4,complete,J Srinath,RM Deshpande,C Shamshuddin,BNJ Oxenford,Nitin Menon,20,"RV Uthappa, G Gambhir, MK Pandey, Shakib Al Hasan, YK Pathan, RN ten Doeschate, SA Yadav, PP Chawla, PJ Cummins, UT Yadav, SP Narine","DR Smith, BB McCullum, SK Raina, F du Plessis, MS Dhoni, RA Jadeja, M Manhas, R Ashwin, IC Pandey, MM Sharma, BW Hilfenhaus",2014
2014_46,2014.0,2014-05-20,Sunrisers Hyderabad,Royal Challengers Bengaluru,Sunrisers Hyderabad,Royal Challengers Bengaluru,bat,"Rajiv Gandhi International Stadium, Uppal",Hyderabad,0,7,DA Warner,161,3,160,6,complete,RS Madugalle,AK Chaudhary,NJ Llong,CK Nandan,A Nand Kishore,20,"S Dhawan, DA Warner, NV Ojha, AJ Finch, DJG Sammy, Y Venugopal Rao, IK Pathan, KV Sharma, Parvez Rasool, DW Steyn, B Kumar","CH Gayle, PA Patel, V Kohli, Yuvraj Singh, AB de Villiers, S Rana, MA Starc, M Muralitharan, YS Chahal, AN Ahmed, VR Aaron",2014
2014_47,2014.0,2014-05-21,Punjab Kings,Mumbai Indians,Mumbai Indians,Mumbai Indians,field,"Punjab Cricket Association Stadium, Mohali",Chandigarh,0,7,LMP Simmons,156,8,159,3,complete,RS Mahanama,HDPK Dharmasena,VA Kulkarni,PG Pathak,UV Gandhe,20,"V Sehwag, M Vohra, SE Marsh, GJ Maxwell, GJ Bailey, WP Saha, AR Patel, R Dhawan, BE Hendricks, Shivam Sharma, Sandeep Sharma","LMP Simmons, MEK Hussey, AT Rayudu, RG Sharma, KA Pollard, AP Tare, JJ Bumrah, K Santokie, P Kumar, PP Ojha, S Gopal",2014
2014_48,2014.0,2014-05-22,Kolkata Knight Riders,Royal Challengers Bengaluru,Kolkata Knight Riders,Royal Challengers Bengaluru,field,Eden Gardens,Kolkata,30,0,RV Uthappa,195,4,165,5,complete,RS Madugalle,AK Chaudhary,CK Nandan,NJ Llong,Nitin Menon,20,"RV Uthappa, G Gambhir, MK Pandey, YK Pathan, Shakib Al Hasan, RN ten Doeschate, SA Yadav, R Vinay Kumar, M Morkel, UT Yadav, SP Narine","CH Gayle, YV Takawale, V Kohli, Yuvraj Singh, AB de Villiers, S Rana, MA Starc, AN Ahmed, AB Dinda, YS Chahal, M Muralitharan",2014
2014_49,2014.0,2014-05-22,Chennai Super Kings,Sunrisers Hyderabad,Sunrisers Hyderabad,Sunrisers Hyderabad,field,JSCA International Stadium Complex,Ranchi,0,6,DA Warner,185,3,189,4,complete,J Srinath,BNJ Oxenford,C Shamshuddin,RM Deshpande,J Madanagopal,20,"DR Smith, F du Plessis, SK Raina, DJ Hussey, MS Dhoni, RA Jadeja, M Manhas, R Ashwin, JW Hastings, MM Sharma, P Negi","DA Warner, S Dhawan, NV Ojha, AJ Finch, DJG Sammy, Y Venugopal Rao, IK Pathan, KV Sharma, Parvez Rasool, DW Steyn, B Kumar",2014
2014_5,2014.0,2014-04-19,Kolkata Knight Riders,Delhi Capitals,Delhi Capitals,Kolkata Knight Riders,bat,Dubai International Cricket Stadium,Unknown,0,4,JP Duminy,166,5,167,6,complete,GF Labrooy,Aleem Dar,VA Kulkarni,AK Chaudhary,K Srinivasan,20,"JH Kallis, G Gambhir, MK Pandey, RV Uthappa, Shakib Al Hasan, YK Pathan, SA Yadav, PP Chawla, R Vinay Kumar, SP Narine, M Morkel","M Vijay, MA Agarwal, KD Karthik, LRPL Taylor, JP Duminy, MK Tiwary, JDS Neesham, NM Coulter-Nile, S Nadeem, Mohammed Shami, JD Unadkat",2014
2014_50,2014.0,2014-05-23,Punjab Kings,Rajasthan Royals,Punjab Kings,Rajasthan Royals,field,"Punjab Cricket Association Stadium, Mohali",Chandigarh,16,0,SE Marsh,179,4,163,8,complete,RS Mahanama,HDPK Dharmasena,PG Pathak,VA Kulkarni,UV Gandhe,20,"V Sehwag, M Vohra, SE Marsh, WP Saha, DA Miller, GJ Bailey, AR Patel, R Dhawan, Karanveer Singh, BE Hendricks, L Balaji","AM Rahane, KK Nair, SV Samson, SR Watson, STR Binny, R Tewatia, BJ Hodge, JP Faulkner, KK Cooper, VS Malik, PV Tambe",2014
2014_51,2014.0,2014-05-23,Mumbai Indians,Delhi Capitals,Mumbai Indians,Delhi Capitals,field,Wankhede Stadium,Mumbai,15,0,MEK Hussey,173,10,158,4,complete,AJ Pycroft,S Ravi,RJ Tucker,K Srinath,AY Dandekar,20,"LMP Simmons, MEK Hussey, RG Sharma, KA Pollard, AT Rayudu, AP Tare, Harbhajan Singh, S Gopal, M de Lange, PP Ojha, JJ Bumrah","M Vijay, KP Pietersen, KD Karthik, MK Tiwary, JP Duminy, KM Jadhav, WD Parnell, S Nadeem, JD Unadkat, S Kaul, Imran Tahir",2014
2014_52,2014.0,2014-05-24,Kolkata Knight Riders,Sunrisers Hyderabad,Kolkata Knight Riders,Kolkata Knight Riders,field,Eden Gardens,Kolkata,0,4,YK Pathan,161,6,160,7,complete,J Srinath,RM Deshpande,BNJ Oxenford,C Shamshuddin,Nitin Menon,20,"RV Uthappa, G Gambhir, MK Pandey, YK Pathan, RN ten Doeschate, Shakib Al Hasan, SA Yadav, R Vinay Kumar, M Morkel, UT Yadav, SP Narine","DA Warner, S Dhawan, NV Ojha, Y Venugopal Rao, DJG Sammy, S Anirudha, JO Holder, KV Sharma, Parvez Rasool, DW Steyn, B Kumar",2014
2014_53,2014.0,2014-05-24,Royal Challengers Bengaluru,Chennai Super Kings,Chennai Super Kings,Chennai Super Kings,field,M Chinnaswamy Stadium,Bangalore,0,8,MS Dhoni,154,6,160,2,complete,RS Madugalle,AK Chaudhary,NJ Llong,CK Nandan,A Nand Kishore,20,"RR Rossouw, YV Takawale, VH Zol, V Kohli, Yuvraj Singh, AB de Villiers, S Rana, MA Starc, YS Chahal, R Rampaul, SB Jakati","DR Smith, F du Plessis, SK Raina, MS Dhoni, DJ Hussey, RA Jadeja, M Manhas, R Ashwin, MM Sharma, S Badree, A Nehra",2014
2014_54,2014.0,2014-05-25,Punjab Kings,Delhi Capitals,Punjab Kings,Punjab Kings,field,"Punjab Cricket Association Stadium, Mohali",Chandigarh,0,7,M Vohra,119,3,115,10,complete,RS Mahanama,HDPK Dharmasena,VA Kulkarni,PG Pathak,UV Gandhe,20,"V Sehwag, M Vohra, GJ Maxwell, DA Miller, GJ Bailey, WP Saha, AR Patel, MG Johnson, R Dhawan, Karanveer Singh, P Awana","KP Pietersen, MA Agarwal, KD Karthik, KM Jadhav, MK Tiwary, JP Duminy, JDS Neesham, S Nadeem, Mohammed Shami, Imran Tahir, JD Unadkat",2014
2014_55,2014.0,2014-05-25,Mumbai Indians,Rajasthan Royals,Mumbai Indians,Mumbai Indians,field,Wankhede Stadium,Mumbai,0,5,CJ Anderson,195,5,189,4,complete,AJ Pycroft,K Srinath,RJ Tucker,S Ravi,R Pandit,20,"LMP Simmons, MEK Hussey, CJ Anderson, KA Pollard, RG Sharma, AT Rayudu, AP Tare, Harbhajan Singh, S Gopal, PP Ojha, JJ Bumrah","SR Watson, SV Samson, KK Nair, BJ Hodge, JP Faulkner, KK Cooper, AM Rahane, AM Nayar, Ankit Sharma, PV Tambe, DS Kulkarni",2014
2014_56,2014.0,2014-05-27,Punjab Kings,Kolkata Knight Riders,Kolkata Knight Riders,Punjab Kings,field,Eden Gardens,Kolkata,28,0,UT Yadav,135,8,163,8,complete,RS Mahanama,NJ Llong,S Ravi,C Shamshuddin,CK Nandan,20,"V Sehwag, M Vohra, WP Saha, GJ Maxwell, DA Miller, AR Patel, GJ Bailey, R Dhawan, MG Johnson, Karanveer Singh, P Awana","RV Uthappa, G Gambhir, MK Pandey, Shakib Al Hasan, YK Pathan, RN ten Doeschate, SA Yadav, PP Chawla, SP Narine, M Morkel, UT Yadav",2014
2014_57,2014.0,2014-05-28,Chennai Super Kings,Mumbai Indians,Chennai Super Kings,Chennai Super Kings,field,Brabourne Stadium,Mumbai,0,7,SK Raina,176,3,173,8,complete,AJ Pycroft,VA Kulkarni,BNJ Oxenford,RJ Tucker,RM Deshpande,20,"DR Smith, F du Plessis, SK Raina, BB McCullum, DJ Hussey, MS Dhoni, RA Jadeja, R Ashwin, MM Sharma, IC Pandey, A Nehra","LMP Simmons, MEK Hussey, CJ Anderson, RG Sharma, KA Pollard, AT Rayudu, AP Tare, Harbhajan Singh, P Kumar, PP Ojha, JJ Bumrah",2014
2014_58,2014.0,2014-05-30,Chennai Super Kings,Punjab Kings,Punjab Kings,Chennai Super Kings,field,Wankhede Stadium,Mumbai,24,0,V Sehwag,202,7,226,6,complete,J Srinath,HDPK Dharmasena,RJ Tucker,AK Chaudhary,RM Deshpande,20,"DR Smith, F du Plessis, SK Raina, BB McCullum, RA Jadeja, DJ Hussey, MS Dhoni, R Ashwin, MM Sharma, IC Pandey, A Nehra","V Sehwag, M Vohra, GJ Maxwell, DA Miller, GJ Bailey, WP Saha, MG Johnson, AR Patel, Karanveer Singh, Sandeep Sharma, P Awana",2014
2014_59,2014.0,2014-06-01,Kolkata Knight Riders,Punjab Kings,Kolkata Knight Riders,Kolkata Knight Riders,field,M Chinnaswamy Stadium,Bangalore,0,3,MK Pandey,200,7,199,4,complete,RS Mahanama,HDPK Dharmasena,BNJ Oxenford,S Ravi,CK Nandan,20,"RV Uthappa, G Gambhir, MK Pandey, YK Pathan, Shakib Al Hasan, RN ten Doeschate, SA Yadav, PP Chawla, SP Narine, M Morkel, UT Yadav","V Sehwag, M Vohra, GJ Bailey, WP Saha, GJ Maxwell, DA Miller, AR Patel, MG Johnson, L Balaji, Karanveer Singh, P Awana",2014
2014_6,2014.0,2014-04-20,Rajasthan Royals,Punjab Kings,Punjab Kings,Punjab Kings,field,Sharjah Cricket Stadium,Unknown,0,7,GJ Maxwell,191,5,193,3,complete,AJ Pycroft,BF Bowden,M Erasmus,S Ravi,K Bharatan,20,"AM Nayar, AM Rahane, SV Samson, SR Watson, STR Binny, SPD Smith, JP Faulkner, R Bhatia, KW Richardson, DS Kulkarni, PV Tambe","CA Pujara, V Sehwag, WP Saha, GJ Maxwell, DA Miller, GJ Bailey, MG Johnson, M Kartik, AR Patel, P Awana, L Balaji",2014
2014_7,2014.0,2014-04-21,Chennai Super Kings,Delhi Capitals,Chennai Super Kings,Chennai Super Kings,bat,Sheikh Zayed Stadium,Abu Dhabi,93,0,SK Raina,177,7,84,9,complete,GF Labrooy,RK Illingworth,C Shamshuddin,HDPK Dharmasena,K Srinath,20,"DR Smith, BB McCullum, SK Raina, F du Plessis, MS Dhoni, RA Jadeja, M Manhas, R Ashwin, BW Hilfenhaus, MM Sharma, IC Pandey","MA Agarwal, M Vijay, KD Karthik, MK Tiwary, JP Duminy, LRPL Taylor, JDS Neesham, S Nadeem, Mohammed Shami, JD Unadkat, NM Coulter-Nile",2014
2014_8,2014.0,2014-04-22,Punjab Kings,Sunrisers Hyderabad,Punjab Kings,Sunrisers Hyderabad,field,Sharjah Cricket Stadium,Unknown,72,0,GJ Maxwell,193,6,121,10,complete,AJ Pycroft,M Erasmus,S Ravi,BF Bowden,K Bharatan,20,"CA Pujara, V Sehwag, GJ Maxwell, DA Miller, GJ Bailey, MG Johnson, AR Patel, WP Saha, L Balaji, R Dhawan, Sandeep Sharma","AJ Finch, S Dhawan, DA Warner, KL Rahul, Y Venugopal Rao, IK Pathan, DJG Sammy, KV Sharma, DW Steyn, A Mishra, B Kumar",2014
2014_9,2014.0,2014-04-23,Rajasthan Royals,Chennai Super Kings,Chennai Super Kings,Rajasthan Royals,field,Dubai International Cricket Stadium,Unknown,7,0,RA Jadeja,133,10,140,6,complete,GF Labrooy,HDPK Dharmasena,RK Illingworth,C Shamshuddin,K Srinivasan,20,"AM Nayar, AM Rahane, SV Samson, SR Watson, STR Binny, SPD Smith, R Bhatia, JP Faulkner, TG Southee, DS Kulkarni, PV Tambe","DR Smith, BB McCullum, SK Raina, F du Plessis, MS Dhoni, RA Jadeja, M Manhas, R Ashwin, BW Hilfenhaus, IC Pandey, MM Sharma",2014
2015_0,2015.0,2015-04-08,Kolkata Knight Riders,Mumbai Indians,Kolkata Knight Riders,Kolkata Knight Riders,field,Eden Gardens,Kolkata,0,7,M Morkel,170,3,168,3,complete,J Srinath,S Ravi,C Shamshuddin,PG Pathak,VK Sharma,20,"RV Uthappa, G Gambhir, MK Pandey, SA Yadav, YK Pathan, Shakib Al Hasan, AD Russell, PP Chawla, SP Narine, UT Yadav, M Morkel","RG Sharma, AJ Finch, AP Tare, AT Rayudu, CJ Anderson, KA Pollard, Harbhajan Singh, SL Malinga, R Vinay Kumar, JJ Bumrah, PP Ojha",2015
2015_1,2015.0,2015-04-09,Chennai Super Kings,Delhi Capitals,Chennai Super Kings,Delhi Capitals,field,"MA Chidambaram Stadium, Chepauk",Chennai,1,0,A Nehra,150,7,149,9,complete,M Nayyar,RK Illingworth,VA Kulkarni,RM Deshpande,K Bharatan,20,"DR Smith, BB McCullum, SK Raina, F du Plessis, RA Jadeja, MS Dhoni, DJ Bravo, R Ashwin, MM Sharma, IC Pandey, A Nehra","MA Agarwal, CM Gautam, JA Morkel, SS Iyer, KM Jadhav, Yuvraj Singh, JP Duminy, NM Coulter-Nile, A Mishra, Imran Tahir, DJ Muthuswami",2015
2015_10,2015.0,2015-04-16,Sunrisers Hyderabad,Rajasthan Royals,Rajasthan Royals,Rajasthan Royals,field,Dr. Y.S. Rajasekhara Reddy ACA-VDCA Cricket Stadium,Visakhapatnam,0,6,AM Rahane,127,5,131,4,complete,M Nayyar,PG Pathak,S Ravi,C Shamshuddin,VK Sharma,20,"DA Warner, S Dhawan, KL Rahul, NV Ojha, EJG Morgan, RS Bopara, A Ashish Reddy, KV Sharma, P Kumar, B Kumar, TA Boult","AM Rahane, SV Samson, SPD Smith, KK Nair, STR Binny, JP Faulkner, DJ Hooda, CH Morris, TG Southee, DS Kulkarni, PV Tambe",2015
2015_11,2015.0,2015-04-17,Mumbai Indians,Chennai Super Kings,Chennai Super Kings,Mumbai Indians,bat,Wankhede Stadium,Mumbai,0,6,A Nehra,183,7,189,4,complete,Chinmay Sharma,AK Chaudhary,M Erasmus,K Srinath,K Srinivasan,20,"LMP Simmons, PA Patel, CJ Anderson, RG Sharma, Harbhajan Singh, KA Pollard, AT Rayudu, J Suchith, R Vinay Kumar, SL Malinga, P Suyal","DR Smith, BB McCullum, SK Raina, F du Plessis, MS Dhoni, DJ Bravo, RA Jadeja, R Ashwin, MM Sharma, IC Pandey, A Nehra",2015
2015_12,2015.0,2015-04-18,Punjab Kings,Kolkata Knight Riders,Kolkata Knight Riders,Kolkata Knight Riders,field,Maharashtra Cricket Association Stadium,Pune,0,4,AD Russell,155,9,159,6,complete,GF Labrooy,SD Fry,CK Nandan,CB Gaffaney,Nitin Menon,20,"M Vijay, V Sehwag, WP Saha, GJ Maxwell, GJ Bailey, NLTC Perera, Gurkeerat Singh, AR Patel, MG Johnson, Anureet Singh, Sandeep Sharma","RV Uthappa, G Gambhir, MK Pandey, SA Yadav, YK Pathan, RN ten Doeschate, AD Russell, PP Chawla, SP Narine, M Morkel, UT Yadav",2015
2015_13,2015.0,2015-04-18,Sunrisers Hyderabad,Delhi Capitals,Delhi Capitals,Delhi Capitals,bat,Dr. Y.S. Rajasekhara Reddy ACA-VDCA Cricket Stadium,Visakhapatnam,4,0,JP Duminy,163,8,167,4,complete,M Nayyar,PG Pathak,S Ravi,C Shamshuddin,VK Sharma,20,"DA Warner, S Dhawan, RS Bopara, KL Rahul, NV Ojha, EJG Morgan, A Ashish Reddy, KV Sharma, P Kumar, B Kumar, DW Steyn","MA Agarwal, SS Iyer, JP Duminy, Yuvraj Singh, AD Mathews, KM Jadhav, MK Tiwary, NM Coulter-Nile, A Mishra, Imran Tahir, DJ Muthuswami",2015
2015_14,2015.0,2015-04-19,Royal Challengers Bengaluru,Mumbai Indians,Mumbai Indians,Royal Challengers Bengaluru,field,M Chinnaswamy Stadium,Bangalore,18,0,Harbhajan Singh,191,7,209,7,complete,J Srinath,RK Illingworth,VA Kulkarni,RM Deshpande,K Bharatan,20,"CH Gayle, MS Bisla, V Kohli, KD Karthik, AB de Villiers, RR Rossouw, D Wiese, Iqbal Abdulla, AN Ahmed, VR Aaron, YS Chahal","LMP Simmons, PA Patel, UBT Chand, RG Sharma, KA Pollard, AT Rayudu, Harbhajan Singh, HH Pandya, JJ Bumrah, MJ McClenaghan, SL Malinga",2015
2015_15,2015.0,2015-04-19,Rajasthan Royals,Chennai Super Kings,Rajasthan Royals,Chennai Super Kings,bat,"Sardar Patel Stadium, Motera",Ahmedabad,0,8,AM Rahane,157,2,156,4,complete,Chinmay Sharma,AK Chaudhary,M Erasmus,K Srinath,K Srinivasan,20,"AM Rahane, SR Watson, SPD Smith, KK Nair, SV Samson, STR Binny, DJ Hooda, JP Faulkner, CH Morris, PV Tambe, Ankit Sharma","DR Smith, BB McCullum, SK Raina, F du Plessis, DJ Bravo, MS Dhoni, RA Jadeja, R Ashwin, MM Sharma, IC Pandey, A Nehra",2015
2015_16,2015.0,2015-04-20,Delhi Capitals,Kolkata Knight Riders,Kolkata Knight Riders,Kolkata Knight Riders,field,Feroz Shah Kotla,Delhi,0,6,UT Yadav,146,8,147,4,complete,GF Labrooy,SD Fry,CB Gaffaney,CK Nandan,Nitin Menon,20,"MA Agarwal, SS Iyer, JP Duminy, MK Tiwary, Yuvraj Singh, AD Mathews, KM Jadhav, NM Coulter-Nile, A Mishra, Imran Tahir, DJ Muthuswami","RV Uthappa, G Gambhir, MK Pandey, SA Yadav, YK Pathan, RN ten Doeschate, AD Russell, PP Chawla, SP Narine, M Morkel, UT Yadav",2015
2015_17,2015.0,2015-04-21,Rajasthan Royals,Punjab Kings,,Punjab Kings,field,"Sardar Patel Stadium, Motera",Ahmedabad,0,0,SE Marsh,197,8,206,8,tie,Chinmay Sharma,M Erasmus,S Ravi,AK Chaudhary,K Srinath,20,"AM Rahane, SR Watson, DJ Hooda, SPD Smith, KK Nair, JP Faulkner, STR Binny, SV Samson, CH Morris, R Tewatia, PV Tambe","M Vijay, V Sehwag, SE Marsh, GJ Maxwell, DA Miller, WP Saha, AR Patel, MG Johnson, Anureet Singh, Shivam Sharma, Sandeep Sharma",2015
2015_18,2015.0,2015-04-22,Sunrisers Hyderabad,Kolkata Knight Riders,Sunrisers Hyderabad,Kolkata Knight Riders,field,Dr. Y.S. Rajasekhara Reddy ACA-VDCA Cricket Stadium,Visakhapatnam,16,0,DA Warner,176,4,101,4,complete,M Nayyar,RK Illingworth,VA Kulkarni,RM Deshpande,K Bharatan,20,"S Dhawan, DA Warner, RS Bopara, NV Ojha, MC Henriques, KL Rahul, KV Sharma, Bipul Sharma, P Kumar, B Kumar, DW Steyn","RV Uthappa, G Gambhir, MK Pandey, AD Russell, YK Pathan, SA Yadav, J Botha, PP Chawla, SP Narine, M Morkel, UT Yadav",2015
2015_19,2015.0,2015-04-22,Royal Challengers Bengaluru,Chennai Super Kings,Chennai Super Kings,Royal Challengers Bengaluru,field,M Chinnaswamy Stadium,Bangalore,27,0,SK Raina,154,8,181,8,complete,J Srinath,JD Cloete,C Shamshuddin,PG Pathak,VK Sharma,20,"MS Bisla, RR Rossouw, V Kohli, KD Karthik, AB de Villiers, SN Khan, D Wiese, HV Patel, MA Starc, Iqbal Abdulla, YS Chahal","DR Smith, BB McCullum, SK Raina, MS Dhoni, RA Jadeja, F du Plessis, DJ Bravo, R Ashwin, MM Sharma, A Nehra, IC Pandey",2015
2015_2,2015.0,2015-04-10,Punjab Kings,Rajasthan Royals,Rajasthan Royals,Punjab Kings,field,Maharashtra Cricket Association Stadium,Pune,26,0,JP Faulkner,136,8,162,7,complete,GF Labrooy,SD Fry,CB Gaffaney,K Srinath,CK Nandan,20,"V Sehwag, M Vijay, WP Saha, GJ Maxwell, AR Patel, DA Miller, GJ Bailey, MG Johnson, Anureet Singh, Karanveer Singh, Sandeep Sharma","AM Rahane, SV Samson, SPD Smith, KK Nair, STR Binny, DJ Hooda, JP Faulkner, CH Morris, TG Southee, DS Kulkarni, PV Tambe",2015
2015_20,2015.0,2015-04-23,Delhi Capitals,Mumbai Indians,Delhi Capitals,Mumbai Indians,field,Feroz Shah Kotla,Delhi,37,0,SS Iyer,190,4,153,9,complete,GF Labrooy,SD Fry,CK Nandan,CB Gaffaney,Nitin Menon,20,"MA Agarwal, SS Iyer, JP Duminy, AD Mathews, Yuvraj Singh, KM Jadhav, NM Coulter-Nile, A Mishra, S Nadeem, Imran Tahir, DJ Muthuswami","LMP Simmons, PA Patel, UBT Chand, RG Sharma, KA Pollard, AT Rayudu, HH Pandya, Harbhajan Singh, MJ McClenaghan, SL Malinga, JJ Bumrah",2015
2015_21,2015.0,2015-04-24,Rajasthan Royals,Royal Challengers Bengaluru,Royal Challengers Bengaluru,Royal Challengers Bengaluru,field,"Sardar Patel Stadium, Motera",Ahmedabad,0,9,MA Starc,130,9,134,1,complete,Chinmay Sharma,M Erasmus,S Ravi,AK Chaudhary,K Srinath,20,"AM Rahane, SR Watson, SPD Smith, KK Nair, DJ Hooda, SV Samson, STR Binny, JP Faulkner, CH Morris, DS Kulkarni, PV Tambe","CH Gayle, V Kohli, AB de Villiers, Mandeep Singh, KD Karthik, SN Khan, D Wiese, HV Patel, MA Starc, Iqbal Abdulla, YS Chahal",2015
2015_22,2015.0,2015-04-25,Chennai Super Kings,Punjab Kings,Chennai Super Kings,Chennai Super Kings,bat,"MA Chidambaram Stadium, Chepauk",Chennai,97,0,BB McCullum,192,3,95,9,complete,J Srinath,JD Cloete,C Shamshuddin,PG Pathak,VK Sharma,20,"DR Smith, BB McCullum, SK Raina, MS Dhoni, RA Jadeja, F du Plessis, DJ Bravo, R Ashwin, MM Sharma, IC Pandey, A Nehra","M Vijay, V Sehwag, SE Marsh, GJ Bailey, DA Miller, WP Saha, AR Patel, MG Johnson, Anureet Singh, Karanveer Singh, Sandeep Sharma",2015
2015_23,2015.0,2015-04-25,Mumbai Indians,Sunrisers Hyderabad,Mumbai Indians,Mumbai Indians,bat,Wankhede Stadium,Mumbai,20,0,SL Malinga,157,8,137,8,complete,RS Mahanama,HDPK Dharmasena,CB Gaffaney,SD Fry,CK Nandan,20,"LMP Simmons, PA Patel, UBT Chand, RG Sharma, KA Pollard, AT Rayudu, Harbhajan Singh, J Suchith, R Vinay Kumar, MJ McClenaghan, SL Malinga","S Dhawan, DA Warner, KL Rahul, NV Ojha, RS Bopara, GH Vihari, KV Sharma, P Kumar, DW Steyn, B Kumar, TA Boult",2015
2015_24,2015.0,2015-04-26,Delhi Capitals,Royal Challengers Bengaluru,Royal Challengers Bengaluru,Royal Challengers Bengaluru,field,Feroz Shah Kotla,Delhi,0,10,VR Aaron,95,10,99,0,complete,GF Labrooy,M Erasmus,S Ravi,AK Chaudhary,K Srinath,20,"MA Agarwal, SS Iyer, JP Duminy, Yuvraj Singh, AD Mathews, KM Jadhav, NM Coulter-Nile, A Mishra, S Nadeem, Imran Tahir, DJ Muthuswami","CH Gayle, V Kohli, AB de Villiers, Mandeep Singh, KD Karthik, SN Khan, D Wiese, HV Patel, MA Starc, Iqbal Abdulla, VR Aaron",2015
2015_25,2015.0,2015-04-27,Punjab Kings,Sunrisers Hyderabad,Sunrisers Hyderabad,Punjab Kings,field,"Punjab Cricket Association Stadium, Mohali",Chandigarh,20,0,TA Boult,130,9,150,6,complete,RS Mahanama,HDPK Dharmasena,CB Gaffaney,SD Fry,CK Nandan,20,"M Vijay, M Vohra, SE Marsh, GJ Bailey, DA Miller, WP Saha, AR Patel, R Dhawan, MG Johnson, Anureet Singh, Sandeep Sharma","DA Warner, S Dhawan, GH Vihari, MC Henriques, NV Ojha, RS Bopara, A Ashish Reddy, KV Sharma, P Kumar, B Kumar, TA Boult",2015
2015_26,2015.0,2015-04-28,Chennai Super Kings,Kolkata Knight Riders,Chennai Super Kings,Kolkata Knight Riders,field,"MA Chidambaram Stadium, Chepauk",Chennai,2,0,DJ Bravo,134,6,132,9,complete,J Srinath,RM Deshpande,VA Kulkarni,RK Illingworth,K Bharatan,20,"DR Smith, BB McCullum, SK Raina, F du Plessis, MS Dhoni, DJ Bravo, RA Jadeja, R Ashwin, MM Sharma, IC Pandey, A Nehra","RV Uthappa, G Gambhir, MK Pandey, SA Yadav, YK Pathan, RN ten Doeschate, AD Russell, PJ Cummins, PP Chawla, UT Yadav, GB Hogg",2015
2015_27,2015.0,2015-04-29,Royal Challengers Bengaluru,Rajasthan Royals,,Rajasthan Royals,field,M Chinnaswamy Stadium,Bangalore,0,0,,200,7,0,0,no result,RS Madugalle,JD Cloete,PG Pathak,C Shamshuddin,VK Sharma,20,"CH Gayle, V Kohli, AB de Villiers, Mandeep Singh, KD Karthik, SN Khan, D Wiese, HV Patel, MA Starc, VR Aaron, YS Chahal","AM Rahane, SR Watson, SPD Smith, KK Nair, SV Samson, STR Binny, DJ Hooda, JP Faulkner, PV Tambe, DS Kulkarni, TG Southee",2015
2015_28,2015.0,2015-04-30,Kolkata Knight Riders,Chennai Super Kings,Kolkata Knight Riders,Kolkata Knight Riders,field,Eden Gardens,Kolkata,0,7,AD Russell,169,3,165,9,complete,RR Jadeja,AK Chaudhary,M Erasmus,RM Deshpande,A Nand Kishore,20,"RV Uthappa, G Gambhir, MK Pandey, SA Yadav, AD Russell, RN ten Doeschate, YK Pathan, PJ Cummins, PP Chawla, GB Hogg, UT Yadav","DR Smith, BB McCullum, SK Raina, F du Plessis, DJ Bravo, MS Dhoni, RA Jadeja, P Negi, MM Sharma, A Nehra, RG More",2015
2015_29,2015.0,2015-05-01,Mumbai Indians,Rajasthan Royals,Mumbai Indians,Rajasthan Royals,field,Wankhede Stadium,Mumbai,8,0,AT Rayudu,187,5,179,7,complete,RS Mahanama,HDPK Dharmasena,CK Nandan,CB Gaffaney,Nitin Menon,20,"LMP Simmons, PA Patel, UBT Chand, RG Sharma, AT Rayudu, KA Pollard, Harbhajan Singh, J Suchith, R Vinay Kumar, MJ McClenaghan, SL Malinga","AM Rahane, SR Watson, SV Samson, SPD Smith, KK Nair, STR Binny, DJ Hooda, TG Southee, J Theron, DS Kulkarni, Ankit Sharma",2015
2015_3,2015.0,2015-04-11,Kolkata Knight Riders,Royal Challengers Bengaluru,Royal Challengers Bengaluru,Royal Challengers Bengaluru,field,Eden Gardens,Kolkata,0,3,CH Gayle,177,6,179,7,complete,J Srinath,S Ravi,C Shamshuddin,PG Pathak,VK Sharma,20,"RV Uthappa, G Gambhir, MK Pandey, SA Yadav, YK Pathan, AD Russell, Shakib Al Hasan, PP Chawla, SP Narine, KC Cariappa, M Morkel","CH Gayle, V Kohli, KD Karthik, Mandeep Singh, AB de Villiers, DJG Sammy, SA Abbott, HV Patel, AN Ahmed, YS Chahal, VR Aaron",2015
2015_30,2015.0,2015-05-01,Delhi Capitals,Punjab Kings,Delhi Capitals,Delhi Capitals,field,Feroz Shah Kotla,Delhi,0,9,NM Coulter-Nile,119,1,118,8,complete,RS Madugalle,RK Illingworth,S Ravi,VA Kulkarni,K Bharatan,20,"MA Agarwal, SS Iyer, SS Tiwary, JP Duminy, Yuvraj Singh, AD Mathews, KM Jadhav, NM Coulter-Nile, A Mishra, Z Khan, Imran Tahir","V Sehwag, M Vohra, SE Marsh, WP Saha, DA Miller, GJ Bailey, NLTC Perera, AR Patel, SN Thakur, Anureet Singh, Sandeep Sharma",2015
2015_31,2015.0,2015-05-02,Royal Challengers Bengaluru,Kolkata Knight Riders,Royal Challengers Bengaluru,Royal Challengers Bengaluru,field,M Chinnaswamy Stadium,Bangalore,0,7,Mandeep Singh,115,3,111,4,complete,J Srinath,JD Cloete,PG Pathak,C Shamshuddin,VK Sharma,20,"CH Gayle, V Kohli, AB de Villiers, Mandeep Singh, D Wiese, KD Karthik, SN Khan, HV Patel, MA Starc, VR Aaron, YS Chahal","RV Uthappa, G Gambhir, AD Russell, RN ten Doeschate, YK Pathan, SA Yadav, MK Pandey, PJ Cummins, PP Chawla, GB Hogg, UT Yadav",2015
2015_32,2015.0,2015-05-02,Sunrisers Hyderabad,Chennai Super Kings,Sunrisers Hyderabad,Chennai Super Kings,field,"Rajiv Gandhi International Stadium, Uppal",Hyderabad,22,0,DA Warner,192,7,170,6,complete,RR Jadeja,AK Chaudhary,K Srinivasan,M Erasmus,A Nand Kishore,20,"DA Warner, S Dhawan, MC Henriques, EJG Morgan, NV Ojha, A Ashish Reddy, GH Vihari, KV Sharma, B Kumar, P Kumar, TA Boult","DR Smith, BB McCullum, SK Raina, F du Plessis, MS Dhoni, P Negi, DJ Bravo, RA Jadeja, MM Sharma, A Nehra, RG More",2015
2015_33,2015.0,2015-05-03,Rajasthan Royals,Delhi Capitals,Rajasthan Royals,Delhi Capitals,field,Brabourne Stadium,Mumbai,14,0,AM Rahane,189,2,175,7,complete,RS Mahanama,HDPK Dharmasena,CB Gaffaney,CK Nandan,Unknown,20,"AM Rahane, SR Watson, KK Nair, JP Faulkner, SPD Smith, SV Samson, STR Binny, DJ Hooda, TG Southee, DS Kulkarni, R Bhatia","MA Agarwal, SS Iyer, JP Duminy, Yuvraj Singh, AD Mathews, KM Jadhav, SS Tiwary, NM Coulter-Nile, A Mishra, Z Khan, GS Sandhu",2015
2015_34,2015.0,2015-05-03,Punjab Kings,Mumbai Indians,Mumbai Indians,Mumbai Indians,bat,"Punjab Cricket Association Stadium, Mohali",Chandigarh,23,0,LMP Simmons,149,7,172,3,complete,RS Madugalle,RK Illingworth,VA Kulkarni,S Ravi,RM Deshpande,20,"M Vijay, V Sehwag, GJ Maxwell, DA Miller, GJ Bailey, WP Saha, AR Patel, MG Johnson, Anureet Singh, Sandeep Sharma, Karanveer Singh","LMP Simmons, PA Patel, RG Sharma, KA Pollard, AT Rayudu, UBT Chand, Harbhajan Singh, J Suchith, R Vinay Kumar, MJ McClenaghan, SL Malinga",2015
2015_35,2015.0,2015-05-04,Kolkata Knight Riders,Sunrisers Hyderabad,Kolkata Knight Riders,Sunrisers Hyderabad,field,Eden Gardens,Kolkata,35,0,UT Yadav,167,7,132,9,complete,RR Jadeja,AK Chaudhary,M Erasmus,K Srinivasan,A Nand Kishore,20,"RV Uthappa, G Gambhir, MK Pandey, AD Russell, RN ten Doeschate, YK Pathan, J Botha, SA Yadav, PP Chawla, GB Hogg, UT Yadav","DA Warner, S Dhawan, NV Ojha, MC Henriques, EJG Morgan, GH Vihari, Bipul Sharma, KV Sharma, P Kumar, B Kumar, DW Steyn",2015
2015_36,2015.0,2015-05-04,Chennai Super Kings,Royal Challengers Bengaluru,Chennai Super Kings,Chennai Super Kings,bat,"MA Chidambaram Stadium, Chepauk",Chennai,24,0,SK Raina,148,9,124,10,complete,J Srinath,C Shamshuddin,K Srinath,JD Cloete,PG Pathak,20,"DR Smith, BB McCullum, SK Raina, F du Plessis, MS Dhoni, RA Jadeja, P Negi, DJ Bravo, MM Sharma, A Nehra, IC Pandey","NJ Maddinson, V Kohli, AB de Villiers, Mandeep Singh, KD Karthik, SN Khan, D Wiese, HV Patel, MA Starc, Iqbal Abdulla, YS Chahal",2015
2015_37,2015.0,2015-05-05,Mumbai Indians,Delhi Capitals,Mumbai Indians,Delhi Capitals,bat,Wankhede Stadium,Mumbai,0,5,Harbhajan Singh,153,5,152,6,complete,RS Mahanama,HDPK Dharmasena,CB Gaffaney,CK Nandan,Nitin Menon,20,"LMP Simmons, PA Patel, HH Pandya, RG Sharma, Harbhajan Singh, AT Rayudu, KA Pollard, J Suchith, R Vinay Kumar, MJ McClenaghan, SL Malinga","MA Agarwal, SS Iyer, JP Duminy, KM Jadhav, Yuvraj Singh, AD Mathews, SS Tiwary, NM Coulter-Nile, A Mishra, Imran Tahir, Z Khan",2015
2015_38,2015.0,2015-05-06,Royal Challengers Bengaluru,Punjab Kings,Royal Challengers Bengaluru,Punjab Kings,field,M Chinnaswamy Stadium,Bangalore,138,0,CH Gayle,226,3,88,10,complete,RS Madugalle,RK Illingworth,VA Kulkarni,S Ravi,RM Deshpande,20,"CH Gayle, V Kohli, AB de Villiers, KD Karthik, SN Khan, Mandeep Singh, D Wiese, MA Starc, HV Patel, YS Chahal, S Aravind","M Vijay, M Vohra, WP Saha, GJ Maxwell, DA Miller, GJ Bailey, AR Patel, MG Johnson, Anureet Singh, Karanveer Singh, Sandeep Sharma",2015
2015_39,2015.0,2015-05-07,Kolkata Knight Riders,Delhi Capitals,Kolkata Knight Riders,Kolkata Knight Riders,bat,Eden Gardens,Kolkata,13,0,PP Chawla,171,7,158,6,complete,RS Mahanama,AK Chaudhary,M Erasmus,K Srinivasan,A Nand Kishore,20,"RV Uthappa, G Gambhir, MK Pandey, PP Chawla, YK Pathan, AD Russell, SA Yadav, J Botha, GB Hogg, UT Yadav, SP Narine","MK Tiwary, SS Iyer, JP Duminy, KM Jadhav, Yuvraj Singh, AD Mathews, SS Tiwary, JA Morkel, A Mishra, Imran Tahir, Z Khan",2015
2015_4,2015.0,2015-04-11,Chennai Super Kings,Sunrisers Hyderabad,Chennai Super Kings,Chennai Super Kings,bat,"MA Chidambaram Stadium, Chepauk",Chennai,45,0,BB McCullum,209,4,164,6,complete,M Nayyar,RK Illingworth,VA Kulkarni,RM Deshpande,K Bharatan,20,"DR Smith, BB McCullum, SK Raina, MS Dhoni, RA Jadeja, DJ Bravo, F du Plessis, R Ashwin, MM Sharma, IC Pandey, A Nehra","DA Warner, S Dhawan, KL Rahul, NV Ojha, RS Bopara, KS Williamson, KV Sharma, Parvez Rasool, B Kumar, I Sharma, TA Boult",2015
2015_40,2015.0,2015-05-07,Rajasthan Royals,Sunrisers Hyderabad,Sunrisers Hyderabad,Rajasthan Royals,field,Brabourne Stadium,Mumbai,7,0,EJG Morgan,194,7,201,4,complete,J Srinath,JD Cloete,C Shamshuddin,HDPK Dharmasena,PG Pathak,20,"AM Rahane, SR Watson, SPD Smith, KK Nair, DJ Hooda, JP Faulkner, SV Samson, STR Binny, CH Morris, DS Kulkarni, PV Tambe","S Dhawan, DA Warner, MC Henriques, EJG Morgan, RS Bopara, NV Ojha, GH Vihari, KV Sharma, P Kumar, B Kumar, I Sharma",2015
2015_41,2015.0,2015-05-08,Chennai Super Kings,Mumbai Indians,Mumbai Indians,Chennai Super Kings,bat,"MA Chidambaram Stadium, Chepauk",Chennai,0,6,HH Pandya,158,5,159,4,complete,RR Jadeja,CB Gaffaney,CK Nandan,K Srinath,Nitin Menon,20,"DR Smith, BB McCullum, SK Raina, F du Plessis, MS Dhoni, P Negi, RA Jadeja, DJ Bravo, R Ashwin, MM Sharma, A Nehra","LMP Simmons, PA Patel, RG Sharma, KA Pollard, AT Rayudu, HH Pandya, Harbhajan Singh, J Suchith, R Vinay Kumar, MJ McClenaghan, M de Lange",2015
2015_42,2015.0,2015-05-09,Kolkata Knight Riders,Punjab Kings,Kolkata Knight Riders,Punjab Kings,bat,Eden Gardens,Kolkata,0,1,AD Russell,184,9,183,5,complete,RS Mahanama,AK Chaudhary,HDPK Dharmasena,K Srinivasan,A Nand Kishore,20,"RV Uthappa, G Gambhir, MK Pandey, SA Yadav, YK Pathan, AD Russell, J Botha, PP Chawla, GB Hogg, UT Yadav, SP Narine","M Vijay, M Vohra, WP Saha, GJ Maxwell, DA Miller, Gurkeerat Singh, GJ Bailey, AR Patel, BE Hendricks, Anureet Singh, Sandeep Sharma",2015
2015_43,2015.0,2015-05-09,Delhi Capitals,Sunrisers Hyderabad,Sunrisers Hyderabad,Sunrisers Hyderabad,bat,Shaheed Veer Narayan Singh International Stadium,Raipur,6,0,MC Henriques,157,4,163,4,complete,RS Madugalle,VA Kulkarni,S Ravi,RK Illingworth,RM Deshpande,20,"Q de Kock, SS Iyer, JP Duminy, Yuvraj Singh, KM Jadhav, SS Tiwary, JA Morkel, J Yadav, NM Coulter-Nile, A Mishra, Z Khan","S Dhawan, DA Warner, MC Henriques, EJG Morgan, KV Sharma, RS Bopara, NV Ojha, Parvez Rasool, P Kumar, B Kumar, I Sharma",2015
2015_44,2015.0,2015-05-10,Mumbai Indians,Royal Challengers Bengaluru,Royal Challengers Bengaluru,Royal Challengers Bengaluru,bat,Wankhede Stadium,Mumbai,39,0,AB de Villiers,196,7,235,1,complete,J Srinath,JD Cloete,C Shamshuddin,K Srinath,PG Pathak,20,"PA Patel, LMP Simmons, RG Sharma, KA Pollard, HH Pandya, AT Rayudu, Harbhajan Singh, J Suchith, MJ McClenaghan, SL Malinga, JJ Bumrah","CH Gayle, V Kohli, AB de Villiers, KD Karthik, SN Khan, Mandeep Singh, D Wiese, MA Starc, HV Patel, YS Chahal, S Aravind",2015
2015_45,2015.0,2015-05-10,Chennai Super Kings,Rajasthan Royals,Chennai Super Kings,Chennai Super Kings,bat,"MA Chidambaram Stadium, Chepauk",Chennai,12,0,RA Jadeja,157,5,145,9,complete,RR Jadeja,M Erasmus,CK Nandan,CB Gaffaney,Nitin Menon,20,"DR Smith, BB McCullum, SK Raina, F du Plessis, P Negi, MS Dhoni, DJ Bravo, RA Jadeja, R Ashwin, MM Sharma, A Nehra","AM Rahane, SR Watson, SPD Smith, KK Nair, DJ Hooda, SV Samson, JP Faulkner, CH Morris, R Bhatia, Ankit Sharma, PV Tambe",2015
2015_46,2015.0,2015-05-11,Sunrisers Hyderabad,Punjab Kings,Sunrisers Hyderabad,Sunrisers Hyderabad,bat,"Rajiv Gandhi International Stadium, Uppal",Hyderabad,5,0,DA Warner,185,5,180,7,complete,RS Mahanama,AK Chaudhary,HDPK Dharmasena,K Srinivasan,A Nand Kishore,20,"DA Warner, S Dhawan, MC Henriques, EJG Morgan, NV Ojha, KL Rahul, KV Sharma, Bipul Sharma, B Kumar, TA Boult, I Sharma","M Vijay, M Vohra, WP Saha, GJ Maxwell, DA Miller, GJ Bailey, Gurkeerat Singh, AR Patel, BE Hendricks, Anureet Singh, Sandeep Sharma",2015
2015_47,2015.0,2015-05-12,Delhi Capitals,Chennai Super Kings,Delhi Capitals,Chennai Super Kings,bat,Shaheed Veer Narayan Singh International Stadium,Raipur,0,6,Z Khan,120,4,119,6,complete,RS Madugalle,RK Illingworth,VA Kulkarni,S Ravi,RM Deshpande,20,"Q de Kock, SS Iyer, JP Duminy, Yuvraj Singh, JA Morkel, KM Jadhav, SS Tiwary, J Yadav, GS Sandhu, Z Khan, S Nadeem","DR Smith, BB McCullum, SK Raina, F du Plessis, MS Dhoni, DJ Bravo, P Negi, RA Jadeja, R Ashwin, MM Sharma, IC Pandey",2015
2015_48,2015.0,2015-05-13,Punjab Kings,Royal Challengers Bengaluru,Punjab Kings,Royal Challengers Bengaluru,field,"Punjab Cricket Association Stadium, Mohali",Chandigarh,22,0,AR Patel,106,6,84,6,complete,J Srinath,JD Cloete,C Shamshuddin,CK Nandan,PG Pathak,20,"WP Saha, M Vohra, GJ Maxwell, DA Miller, GJ Bailey, AR Patel, Gurkeerat Singh, R Dhawan, BE Hendricks, Anureet Singh, Sandeep Sharma","CH Gayle, V Kohli, AB de Villiers, Mandeep Singh, KD Karthik, SN Khan, D Wiese, HV Patel, MA Starc, YS Chahal, S Aravind",2015
2015_49,2015.0,2015-05-14,Mumbai Indians,Kolkata Knight Riders,Mumbai Indians,Kolkata Knight Riders,field,Wankhede Stadium,Mumbai,5,0,HH Pandya,171,4,166,7,complete,RR Jadeja,RK Illingworth,VA Kulkarni,RM Deshpande,AY Dandekar,20,"LMP Simmons, PA Patel, RG Sharma, AT Rayudu, KA Pollard, HH Pandya, Harbhajan Singh, J Suchith, MJ McClenaghan, R Vinay Kumar, SL Malinga","RV Uthappa, G Gambhir, MK Pandey, YK Pathan, Shakib Al Hasan, AD Russell, SA Yadav, PP Chawla, UT Yadav, M Morkel, SP Narine",2015
2015_5,2015.0,2015-04-12,Mumbai Indians,Punjab Kings,Punjab Kings,Mumbai Indians,field,Wankhede Stadium,Mumbai,18,0,GJ Bailey,159,7,177,5,complete,Chinmay Sharma,AK Chaudhary,K Srinivasan,K Srinath,A Nand Kishore,20,"RG Sharma, AJ Finch, AP Tare, AT Rayudu, CJ Anderson, KA Pollard, J Suchith, Harbhajan Singh, R Vinay Kumar, SL Malinga, P Suyal","M Vijay, V Sehwag, GJ Maxwell, DA Miller, GJ Bailey, R Dhawan, MG Johnson, WP Saha, AR Patel, Anureet Singh, Sandeep Sharma",2015
2015_50,2015.0,2015-05-15,Sunrisers Hyderabad,Royal Challengers Bengaluru,Royal Challengers Bengaluru,Sunrisers Hyderabad,bat,"Rajiv Gandhi International Stadium, Uppal",Hyderabad,0,6,V Kohli,135,3,83,4,complete,RS Mahanama,AK Chaudhary,HDPK Dharmasena,K Srinath,A Nand Kishore,20,"DA Warner, S Dhawan, MC Henriques, EJG Morgan, NV Ojha, KL Rahul, Bipul Sharma, KV Sharma, B Kumar, P Kumar, DW Steyn","CH Gayle, V Kohli, AB de Villiers, Mandeep Singh, KD Karthik, SN Khan, D Wiese, MA Starc, HV Patel, YS Chahal, AB Dinda",2015
2015_51,2015.0,2015-05-16,Rajasthan Royals,Kolkata Knight Riders,Rajasthan Royals,Rajasthan Royals,bat,Brabourne Stadium,Mumbai,9,0,SR Watson,199,6,190,9,complete,RR Jadeja,RM Deshpande,RK Illingworth,VA Kulkarni,AY Dandekar,20,"AM Rahane, SR Watson, SPD Smith, SV Samson, JP Faulkner, KK Nair, CH Morris, DJ Hooda, STR Binny, DS Kulkarni, BB Sran","RV Uthappa, G Gambhir, MK Pandey, YK Pathan, AD Russell, SA Yadav, Shakib Al Hasan, Azhar Mahmood, PP Chawla, UT Yadav, M Morkel",2015
2015_52,2015.0,2015-05-16,Punjab Kings,Chennai Super Kings,Chennai Super Kings,Punjab Kings,bat,"Punjab Cricket Association Stadium, Mohali",Chandigarh,0,7,P Negi,130,7,134,3,complete,J Srinath,CK Nandan,C Shamshuddin,JD Cloete,VK Sharma,20,"WP Saha, M Vohra, GJ Bailey, GJ Maxwell, Gurkeerat Singh, DA Miller, AR Patel, R Dhawan, BE Hendricks, Anureet Singh, Sandeep Sharma","MEK Hussey, BB McCullum, F du Plessis, SK Raina, MS Dhoni, DJ Bravo, P Negi, RA Jadeja, R Ashwin, A Nehra, IC Pandey",2015
2015_53,2015.0,2015-05-17,Sunrisers Hyderabad,Mumbai Indians,Mumbai Indians,Sunrisers Hyderabad,bat,"Rajiv Gandhi International Stadium, Uppal",Hyderabad,0,9,MJ McClenaghan,113,10,114,1,complete,RS Mahanama,CB Gaffaney,K Srinath,AK Chaudhary,A Nand Kishore,20,"DA Warner, S Dhawan, MC Henriques, EJG Morgan, KL Rahul, NV Ojha, KV Sharma, A Ashish Reddy, B Kumar, P Kumar, DW Steyn","LMP Simmons, PA Patel, RG Sharma, AT Rayudu, KA Pollard, HH Pandya, Harbhajan Singh, J Suchith, MJ McClenaghan, R Vinay Kumar, SL Malinga",2015
2015_54,2015.0,2015-05-17,Royal Challengers Bengaluru,Delhi Capitals,,Royal Challengers Bengaluru,field,M Chinnaswamy Stadium,Bangalore,0,0,,2,0,187,5,no result,RS Madugalle,HDPK Dharmasena,K Srinivasan,PG Pathak,Nitin Menon,20,"V Kohli, CH Gayle, AB de Villiers, Mandeep Singh, KD Karthik, SN Khan, D Wiese, MA Starc, HV Patel, YS Chahal, AB Dinda","Q de Kock, SS Iyer, JP Duminy, Yuvraj Singh, KM Jadhav, AD Mathews, SS Tiwary, J Yadav, S Nadeem, GS Sandhu, Z Khan",2015
2015_55,2015.0,2015-05-19,Chennai Super Kings,Mumbai Indians,Mumbai Indians,Mumbai Indians,bat,Wankhede Stadium,Mumbai,25,0,KA Pollard,162,10,187,6,complete,RS Madugalle,HDPK Dharmasena,RK Illingworth,VA Kulkarni,CK Nandan,20,"DR Smith, MEK Hussey, F du Plessis, SK Raina, MS Dhoni, DJ Bravo, RA Jadeja, P Negi, R Ashwin, MM Sharma, A Nehra","LMP Simmons, PA Patel, RG Sharma, KA Pollard, HH Pandya, AT Rayudu, Harbhajan Singh, J Suchith, MJ McClenaghan, R Vinay Kumar, SL Malinga",2015
2015_56,2015.0,2015-05-20,Royal Challengers Bengaluru,Rajasthan Royals,Royal Challengers Bengaluru,Royal Challengers Bengaluru,bat,Maharashtra Cricket Association Stadium,Pune,71,0,AB de Villiers,180,4,109,10,complete,RS Mahanama,AK Chaudhary,C Shamshuddin,CB Gaffaney,K Srinath,20,"CH Gayle, V Kohli, AB de Villiers, Mandeep Singh, KD Karthik, SN Khan, D Wiese, MA Starc, HV Patel, YS Chahal, S Aravind","AM Rahane, SR Watson, SV Samson, SPD Smith, KK Nair, DJ Hooda, JP Faulkner, STR Binny, CH Morris, Ankit Sharma, DS Kulkarni",2015
2015_57,2015.0,2015-05-22,Chennai Super Kings,Royal Challengers Bengaluru,Chennai Super Kings,Chennai Super Kings,field,JSCA International Stadium Complex,Ranchi,0,3,A Nehra,140,7,139,8,complete,RS Mahanama,AK Chaudhary,CB Gaffaney,C Shamshuddin,K Srinath,20,"DR Smith, MEK Hussey, F du Plessis, SK Raina, MS Dhoni, P Negi, DJ Bravo, RA Jadeja, R Ashwin, MM Sharma, A Nehra","CH Gayle, V Kohli, AB de Villiers, Mandeep Singh, KD Karthik, SN Khan, D Wiese, HV Patel, MA Starc, S Aravind, YS Chahal",2015
2015_58,2015.0,2015-05-24,Mumbai Indians,Chennai Super Kings,Mumbai Indians,Chennai Super Kings,field,Eden Gardens,Kolkata,41,0,RG Sharma,202,5,161,8,complete,RS Madugalle,HDPK Dharmasena,RK Illingworth,VA Kulkarni,CK Nandan,20,"LMP Simmons, PA Patel, RG Sharma, KA Pollard, AT Rayudu, HH Pandya, Harbhajan Singh, J Suchith, MJ McClenaghan, R Vinay Kumar, SL Malinga","DR Smith, MEK Hussey, SK Raina, MS Dhoni, DJ Bravo, P Negi, F du Plessis, RA Jadeja, R Ashwin, MM Sharma, A Nehra",2015
2015_6,2015.0,2015-04-12,Delhi Capitals,Rajasthan Royals,Rajasthan Royals,Rajasthan Royals,field,Feroz Shah Kotla,Delhi,0,3,DJ Hooda,184,3,186,7,complete,GF Labrooy,SD Fry,CB Gaffaney,CK Nandan,Nitin Menon,20,"MA Agarwal, SS Iyer, JP Duminy, Yuvraj Singh, AD Mathews, MK Tiwary, KM Jadhav, NM Coulter-Nile, A Mishra, Imran Tahir, JD Unadkat","AM Rahane, SV Samson, SPD Smith, KK Nair, STR Binny, DJ Hooda, JP Faulkner, CH Morris, TG Southee, DS Kulkarni, PV Tambe",2015
2015_7,2015.0,2015-04-13,Royal Challengers Bengaluru,Sunrisers Hyderabad,Sunrisers Hyderabad,Sunrisers Hyderabad,field,M Chinnaswamy Stadium,Bangalore,0,8,DA Warner,166,10,172,2,complete,M Nayyar,RM Deshpande,RK Illingworth,VA Kulkarni,K Bharatan,20,"CH Gayle, V Kohli, KD Karthik, AB de Villiers, Mandeep Singh, DJG Sammy, SA Abbott, HV Patel, AN Ahmed, VR Aaron, YS Chahal","DA Warner, S Dhawan, KS Williamson, KL Rahul, NV Ojha, RS Bopara, A Ashish Reddy, KV Sharma, P Kumar, B Kumar, TA Boult",2015
2015_8,2015.0,2015-04-14,Rajasthan Royals,Mumbai Indians,Rajasthan Royals,Mumbai Indians,bat,"Sardar Patel Stadium, Motera",Ahmedabad,0,7,SPD Smith,165,3,164,6,complete,Chinmay Sharma,AK Chaudhary,SD Fry,K Srinivasan,A Nand Kishore,20,"AM Rahane, SV Samson, SPD Smith, DJ Hooda, JP Faulkner, KK Nair, STR Binny, CH Morris, TG Southee, DS Kulkarni, PV Tambe","AJ Finch, PA Patel, UBT Chand, RG Sharma, CJ Anderson, KA Pollard, J Suchith, S Gopal, SL Malinga, R Vinay Kumar, P Suyal",2015
2015_9,2015.0,2015-04-15,Punjab Kings,Delhi Capitals,Delhi Capitals,Punjab Kings,bat,Maharashtra Cricket Association Stadium,Pune,0,5,MA Agarwal,165,7,169,5,complete,GF Labrooy,CB Gaffaney,K Srinath,CK Nandan,Nitin Menon,20,"M Vijay, V Sehwag, WP Saha, DA Miller, GJ Maxwell, GJ Bailey, AR Patel, R Dhawan, MG Johnson, Anureet Singh, Sandeep Sharma","MA Agarwal, SS Iyer, JP Duminy, Yuvraj Singh, AD Mathews, KM Jadhav, MK Tiwary, NM Coulter-Nile, A Mishra, Imran Tahir, DJ Muthuswami",2015
2016_0,2016.0,2016-04-09,Mumbai Indians,Rising Pune Supergiants,Rising Pune Supergiants,Mumbai Indians,bat,Wankhede Stadium,Mumbai,0,9,AM Rahane,121,8,126,1,complete,J Srinath,HDPK Dharmasena,CK Nandan,VA Kulkarni,VK Sharma,20,"LMP Simmons, RG Sharma, HH Pandya, JC Buttler, AT Rayudu, KA Pollard, S Gopal, Harbhajan Singh, R Vinay Kumar, MJ McClenaghan, JJ Bumrah","AM Rahane, F du Plessis, KP Pietersen, MS Dhoni, SPD Smith, R Bhatia, MR Marsh, R Ashwin, I Sharma, M Ashwin, RP Singh",2016
2016_1,2016.0,2016-04-10,Kolkata Knight Riders,Delhi Capitals,Kolkata Knight Riders,Kolkata Knight Riders,field,Eden Gardens,Kolkata,0,9,AD Russell,99,1,98,10,complete,M Nayyar,S Ravi,C Shamshuddin,Nitin Menon,A Deshmukh,20,"RV Uthappa, G Gambhir, MK Pandey, C Munro, SA Yadav, YK Pathan, AD Russell, PP Chawla, JW Hastings, GB Hogg, UT Yadav","MA Agarwal, Q de Kock, SS Iyer, KK Nair, SV Samson, P Negi, CR Brathwaite, CH Morris, NM Coulter-Nile, A Mishra, Z Khan",2016
2016_10,2016.0,2016-04-17,Punjab Kings,Rising Pune Supergiants,Punjab Kings,Rising Pune Supergiants,bat,"Punjab Cricket Association IS Bindra Stadium, Mohali",Chandigarh,0,6,M Vohra,153,4,152,7,complete,M Nayyar,S Ravi,C Shamshuddin,Nitin Menon,Navdeep Singh,20,"M Vijay, M Vohra, SE Marsh, DA Miller, GJ Maxwell, WP Saha, AR Patel, MM Sharma, KJ Abbott, P Sahu, Sandeep Sharma","AM Rahane, F du Plessis, KP Pietersen, NLTC Perera, SPD Smith, MS Dhoni, IK Pathan, R Ashwin, I Sharma, Ankit Sharma, M Ashwin",2016
2016_11,2016.0,2016-04-18,Sunrisers Hyderabad,Mumbai Indians,Sunrisers Hyderabad,Sunrisers Hyderabad,field,"Rajiv Gandhi International Stadium, Uppal",Hyderabad,0,7,DA Warner,145,3,142,6,complete,J Srinath,HDPK Dharmasena,VK Sharma,KN Ananthapadmanabhan,A Deshmukh,20,"DA Warner, S Dhawan, MC Henriques, EJG Morgan, DJ Hooda, NV Ojha, Bipul Sharma, A Ashish Reddy, B Kumar, Mustafizur Rahman, BB Sran","MJ Guptill, PA Patel, AT Rayudu, RG Sharma, JC Buttler, KH Pandya, HH Pandya, Harbhajan Singh, TG Southee, MJ McClenaghan, JJ Bumrah",2016
2016_12,2016.0,2016-04-19,Punjab Kings,Kolkata Knight Riders,Kolkata Knight Riders,Kolkata Knight Riders,field,"Punjab Cricket Association IS Bindra Stadium, Mohali",Chandigarh,0,6,RV Uthappa,138,8,141,4,complete,M Nayyar,S Ravi,C Shamshuddin,Nitin Menon,YC Barde,20,"M Vijay, M Vohra, SE Marsh, WP Saha, DA Miller, GJ Maxwell, AR Patel, MM Sharma, P Sahu, KJ Abbott, Sandeep Sharma","RV Uthappa, G Gambhir, MK Pandey, Shakib Al Hasan, SA Yadav, YK Pathan, AD Russell, PP Chawla, SP Narine, M Morkel, UT Yadav",2016
2016_13,2016.0,2016-04-20,Mumbai Indians,Royal Challengers Bengaluru,Mumbai Indians,Mumbai Indians,field,Wankhede Stadium,Mumbai,0,6,RG Sharma,171,4,170,7,complete,RS Mahanama,AK Chaudhary,CK Nandan,A Nand Kishore,R Pandit,20,"RG Sharma, PA Patel, AT Rayudu, JC Buttler, KA Pollard, HH Pandya, KH Pandya, Harbhajan Singh, JJ Bumrah, MJ McClenaghan, TG Southee","V Kohli, KL Rahul, AB de Villiers, SR Watson, TM Head, SN Khan, STR Binny, HV Patel, KW Richardson, Iqbal Abdulla, VR Aaron",2016
2016_14,2016.0,2016-04-21,Gujarat Lions,Sunrisers Hyderabad,Sunrisers Hyderabad,Sunrisers Hyderabad,field,Saurashtra Cricket Association Stadium,Rajkot,0,10,B Kumar,135,8,137,0,complete,S Chaturvedi,K Bharatan,HDPK Dharmasena,AY Dandekar,A Deshmukh,20,"AJ Finch, BB McCullum, SK Raina, KD Karthik, DJ Bravo, RA Jadeja, AD Nath, DW Steyn, P Kumar, DS Kulkarni, PV Tambe","DA Warner, S Dhawan, MC Henriques, EJG Morgan, DJ Hooda, AP Tare, NV Ojha, B Kumar, Mustafizur Rahman, Bipul Sharma, BB Sran",2016
2016_15,2016.0,2016-04-22,Rising Pune Supergiants,Royal Challengers Bengaluru,Royal Challengers Bengaluru,Rising Pune Supergiants,field,Maharashtra Cricket Association Stadium,Pune,13,0,AB de Villiers,172,9,185,3,complete,Chinmay Sharma,CB Gaffaney,VK Sharma,KN Ananthapadmanabhan,YC Barde,20,"AM Rahane, F du Plessis, KP Pietersen, SPD Smith, MS Dhoni, NLTC Perera, R Bhatia, R Ashwin, Ankit Sharma, M Ashwin, I Sharma","V Kohli, KL Rahul, AB de Villiers, SR Watson, SN Khan, Mandeep Singh, STR Binny, HV Patel, KW Richardson, T Shamsi, Iqbal Abdulla",2016
2016_16,2016.0,2016-04-23,Delhi Capitals,Mumbai Indians,Delhi Capitals,Mumbai Indians,field,Feroz Shah Kotla,Delhi,10,0,SV Samson,164,4,154,7,complete,M Nayyar,S Ravi,C Shamshuddin,Nitin Menon,Navdeep Singh,20,"Q de Kock, SS Iyer, SV Samson, KK Nair, JP Duminy, P Negi, CH Morris, Z Khan, A Mishra, Mohammed Shami, Imran Tahir","RG Sharma, PA Patel, AT Rayudu, KH Pandya, JC Buttler, KA Pollard, HH Pandya, Harbhajan Singh, TG Southee, MJ McClenaghan, JJ Bumrah",2016
2016_17,2016.0,2016-04-23,Sunrisers Hyderabad,Punjab Kings,Sunrisers Hyderabad,Sunrisers Hyderabad,field,"Rajiv Gandhi International Stadium, Uppal",Hyderabad,0,5,Mustafizur Rahman,146,5,143,6,complete,RS Mahanama,AK Chaudhary,CK Nandan,AY Dandekar,R Pandit,20,"DA Warner, S Dhawan, AP Tare, EJG Morgan, DJ Hooda, MC Henriques, NV Ojha, Bipul Sharma, B Kumar, BB Sran, Mustafizur Rahman","M Vijay, M Vohra, SE Marsh, DA Miller, GJ Maxwell, NS Naik, AR Patel, R Dhawan, MM Sharma, KJ Abbott, Sandeep Sharma",2016
2016_18,2016.0,2016-04-24,Gujarat Lions,Royal Challengers Bengaluru,Gujarat Lions,Royal Challengers Bengaluru,bat,Saurashtra Cricket Association Stadium,Rajkot,0,6,V Kohli,182,4,180,2,complete,S Chaturvedi,K Bharatan,BNJ Oxenford,KN Ananthapadmanabhan,A Deshmukh,20,"DR Smith, BB McCullum, SK Raina, KD Karthik, RA Jadeja, DJ Bravo, AJ Finch, P Kumar, DS Kulkarni, SB Jakati, PV Tambe","V Kohli, SR Watson, AB de Villiers, KL Rahul, SN Khan, KM Jadhav, STR Binny, Iqbal Abdulla, YS Chahal, KW Richardson, T Shamsi",2016
2016_19,2016.0,2016-04-24,Rising Pune Supergiants,Kolkata Knight Riders,Kolkata Knight Riders,Kolkata Knight Riders,field,Maharashtra Cricket Association Stadium,Pune,0,2,SA Yadav,160,5,162,8,complete,Chinmay Sharma,CB Gaffaney,A Nand Kishore,VK Sharma,YC Barde,20,"AM Rahane, F du Plessis, SPD Smith, NLTC Perera, JA Morkel, MS Dhoni, R Bhatia, SS Tiwary, R Ashwin, Ankit Sharma, M Ashwin","RV Uthappa, G Gambhir, SA Yadav, Shakib Al Hasan, YK Pathan, AD Russell, R Sathish, PP Chawla, UT Yadav, SP Narine, M Morkel",2016
2016_2,2016.0,2016-04-11,Punjab Kings,Gujarat Lions,Gujarat Lions,Gujarat Lions,field,"Punjab Cricket Association IS Bindra Stadium, Mohali",Chandigarh,0,5,AJ Finch,161,6,162,5,complete,Chinmay Sharma,AK Chaudhary,VA Kulkarni,A Nand Kishore,K Bharatan,20,"M Vijay, M Vohra, DA Miller, GJ Maxwell, WP Saha, MP Stoinis, AR Patel, MG Johnson, P Sahu, MM Sharma, Sandeep Sharma","AJ Finch, BB McCullum, SK Raina, KD Karthik, RA Jadeja, Ishan Kishan, DJ Bravo, JP Faulkner, P Kumar, PJ Sangwan, S Ladda",2016
2016_20,2016.0,2016-04-25,Punjab Kings,Mumbai Indians,Mumbai Indians,Punjab Kings,field,"Punjab Cricket Association IS Bindra Stadium, Mohali",Chandigarh,25,0,PA Patel,164,7,189,6,complete,RS Madugalle,Nitin Menon,RJ Tucker,C Shamshuddin,Navdeep Singh,20,"M Vijay, M Vohra, SE Marsh, GJ Maxwell, DA Miller, NS Naik, AR Patel, MG Johnson, MM Sharma, P Sahu, Sandeep Sharma","RG Sharma, PA Patel, AT Rayudu, JC Buttler, KA Pollard, HH Pandya, KH Pandya, Harbhajan Singh, TG Southee, MJ McClenaghan, JJ Bumrah",2016
2016_21,2016.0,2016-04-26,Sunrisers Hyderabad,Rising Pune Supergiants,Rising Pune Supergiants,Rising Pune Supergiants,field,"Rajiv Gandhi International Stadium, Uppal",Hyderabad,34,0,AB Dinda,118,8,94,3,complete,Amit Sharma,AY Dandekar,CK Nandan,HDPK Dharmasena,YC Barde,20,"DA Warner, S Dhawan, AP Tare, EJG Morgan, DJ Hooda, MC Henriques, NV Ojha, Bipul Sharma, B Kumar, A Nehra, Mustafizur Rahman","AM Rahane, F du Plessis, SPD Smith, MS Dhoni, SS Tiwary, NLTC Perera, MR Marsh, R Bhatia, R Ashwin, M Ashwin, AB Dinda",2016
2016_22,2016.0,2016-04-27,Delhi Capitals,Gujarat Lions,Gujarat Lions,Delhi Capitals,field,Feroz Shah Kotla,Delhi,1,0,CH Morris,171,5,172,6,complete,J Srinath,M Erasmus,S Ravi,AK Chaudhary,A Deshmukh,20,"Q de Kock, SV Samson, KK Nair, JP Duminy, RR Pant, CH Morris, P Negi, A Mishra, Z Khan, S Nadeem, Imran Tahir","DR Smith, BB McCullum, SK Raina, KD Karthik, RA Jadeja, Ishan Kishan, DJ Bravo, JP Faulkner, P Kumar, DS Kulkarni, PV Tambe",2016
2016_23,2016.0,2016-04-28,Mumbai Indians,Kolkata Knight Riders,Mumbai Indians,Mumbai Indians,field,Wankhede Stadium,Mumbai,0,6,RG Sharma,178,4,174,5,complete,RS Madugalle,Nitin Menon,RJ Tucker,C Shamshuddin,Navdeep Singh,20,"RG Sharma, PA Patel, AT Rayudu, KH Pandya, JC Buttler, KA Pollard, HH Pandya, Harbhajan Singh, JJ Bumrah, TG Southee, MJ McClenaghan","RV Uthappa, G Gambhir, Shakib Al Hasan, SA Yadav, AD Russell, CA Lynn, YK Pathan, R Sathish, UT Yadav, SP Narine, JD Unadkat",2016
2016_24,2016.0,2016-04-29,Rising Pune Supergiants,Gujarat Lions,Gujarat Lions,Gujarat Lions,field,Maharashtra Cricket Association Stadium,Pune,0,3,DR Smith,195,3,196,7,complete,Chinmay Sharma,CB Gaffaney,BNJ Oxenford,A Nand Kishore,VK Sharma,20,"AM Rahane, SS Tiwary, SPD Smith, MS Dhoni, NLTC Perera, JA Morkel, R Bhatia, PSP Handscomb, R Ashwin, M Ashwin, AB Dinda","DR Smith, BB McCullum, SK Raina, KD Karthik, DJ Bravo, RA Jadeja, JP Faulkner, Ishan Kishan, P Kumar, DS Kulkarni, S Kaushik",2016
2016_25,2016.0,2016-04-30,Delhi Capitals,Kolkata Knight Riders,Delhi Capitals,Kolkata Knight Riders,field,Feroz Shah Kotla,Delhi,27,0,CR Brathwaite,186,8,159,10,complete,J Srinath,KN Ananthapadmanabhan,M Erasmus,S Ravi,A Deshmukh,20,"Q de Kock, SS Iyer, SV Samson, KK Nair, SW Billings, CH Morris, CR Brathwaite, RR Pant, Mohammed Shami, A Mishra, Z Khan","RV Uthappa, G Gambhir, PP Chawla, YK Pathan, SA Yadav, R Sathish, AD Russell, JO Holder, UT Yadav, SP Narine, GB Hogg",2016
2016_26,2016.0,2016-04-30,Sunrisers Hyderabad,Royal Challengers Bengaluru,Sunrisers Hyderabad,Royal Challengers Bengaluru,field,"Rajiv Gandhi International Stadium, Uppal",Hyderabad,15,0,DA Warner,194,5,179,6,complete,RS Mahanama,AK Chaudhary,HDPK Dharmasena,CK Nandan,R Pandit,20,"DA Warner, S Dhawan, KS Williamson, MC Henriques, NV Ojha, DJ Hooda, A Ashish Reddy, BB Sran, B Kumar, A Nehra, Mustafizur Rahman","V Kohli, KL Rahul, AB de Villiers, SR Watson, Sachin Baby, KM Jadhav, Parvez Rasool, VR Aaron, HV Patel, KW Richardson, T Shamsi",2016
2016_27,2016.0,2016-05-01,Rising Pune Supergiants,Mumbai Indians,Mumbai Indians,Mumbai Indians,field,Maharashtra Cricket Association Stadium,Pune,0,8,RG Sharma,159,5,161,2,complete,RS Madugalle,AY Dandekar,RJ Tucker,Nitin Menon,Navdeep Singh,20,"AM Rahane, SS Tiwary, SPD Smith, PSP Handscomb, MS Dhoni, NLTC Perera, R Bhatia, SM Boland, R Ashwin, AB Dinda, M Ashwin","RG Sharma, PA Patel, AT Rayudu, JC Buttler, KH Pandya, KA Pollard, HH Pandya, Harbhajan Singh, JJ Bumrah, TG Southee, MJ McClenaghan",2016
2016_28,2016.0,2016-05-01,Gujarat Lions,Punjab Kings,Punjab Kings,Gujarat Lions,field,Saurashtra Cricket Association Stadium,Rajkot,23,0,AR Patel,131,9,154,10,complete,M Nayyar,BNJ Oxenford,VK Sharma,CB Gaffaney,YC Barde,20,"DR Smith, BB McCullum, SK Raina, KD Karthik, RA Jadeja, DJ Bravo, Ishan Kishan, JP Faulkner, P Kumar, DS Kulkarni, S Kaushik","M Vijay, MP Stoinis, SE Marsh, GJ Maxwell, Gurkeerat Singh, DA Miller, WP Saha, AR Patel, MM Sharma, KC Cariappa, Sandeep Sharma",2016
2016_29,2016.0,2016-05-02,Royal Challengers Bengaluru,Kolkata Knight Riders,Kolkata Knight Riders,Kolkata Knight Riders,field,M Chinnaswamy Stadium,Bangalore,0,5,AD Russell,185,7,189,5,complete,J Srinath,M Erasmus,S Ravi,K Bharatan,A Deshmukh,20,"KL Rahul, CH Gayle, V Kohli, AB de Villiers, SR Watson, Sachin Baby, STR Binny, VR Aaron, S Aravind, YS Chahal, T Shamsi","RV Uthappa, G Gambhir, CA Lynn, MK Pandey, YK Pathan, AD Russell, SA Yadav, PP Chawla, UT Yadav, SP Narine, M Morkel",2016
2016_3,2016.0,2016-04-12,Royal Challengers Bengaluru,Sunrisers Hyderabad,Royal Challengers Bengaluru,Sunrisers Hyderabad,field,M Chinnaswamy Stadium,Bangalore,45,0,AB de Villiers,227,4,182,6,complete,J Srinath,HDPK Dharmasena,VK Sharma,KN Ananthapadmanabhan,YC Barde,20,"CH Gayle, V Kohli, AB de Villiers, SR Watson, SN Khan, KM Jadhav, STR Binny, Parvez Rasool, HV Patel, AF Milne, YS Chahal","DA Warner, S Dhawan, MC Henriques, NV Ojha, DJ Hooda, EJG Morgan, A Ashish Reddy, KV Sharma, A Nehra, B Kumar, Mustafizur Rahman",2016
2016_30,2016.0,2016-05-03,Gujarat Lions,Delhi Capitals,Delhi Capitals,Delhi Capitals,field,Saurashtra Cricket Association Stadium,Rajkot,0,8,RR Pant,149,7,150,2,complete,M Nayyar,CB Gaffaney,BNJ Oxenford,A Nand Kishore,YC Barde,20,"DR Smith, BB McCullum, AJ Finch, SK Raina, KD Karthik, RA Jadeja, JP Faulkner, Ishan Kishan, P Kumar, DS Kulkarni, S Kaushik","Q de Kock, RR Pant, SV Samson, JP Duminy, KK Nair, SW Billings, CH Morris, A Mishra, Mohammed Shami, Z Khan, S Nadeem",2016
2016_31,2016.0,2016-05-04,Kolkata Knight Riders,Punjab Kings,Kolkata Knight Riders,Punjab Kings,field,Eden Gardens,Kolkata,7,0,AD Russell,164,3,157,9,complete,Amit Sharma,AK Chaudhary,HDPK Dharmasena,CK Nandan,R Pandit,20,"RV Uthappa, G Gambhir, YK Pathan, AD Russell, MK Pandey, SA Yadav, Shakib Al Hasan, GB Hogg, PP Chawla, M Morkel, UT Yadav","M Vijay, MP Stoinis, M Vohra, WP Saha, GJ Maxwell, DA Miller, Gurkeerat Singh, AR Patel, Swapnil Singh, MM Sharma, Sandeep Sharma",2016
2016_32,2016.0,2016-05-05,Delhi Capitals,Rising Pune Supergiants,Rising Pune Supergiants,Rising Pune Supergiants,field,Feroz Shah Kotla,Delhi,0,7,AM Rahane,162,7,166,3,complete,RS Madugalle,C Shamshuddin,RJ Tucker,AY Dandekar,Navdeep Singh,20,"RR Pant, SV Samson, KK Nair, JP Duminy, SW Billings, CR Brathwaite, P Negi, J Yadav, Mohammed Shami, A Mishra, Imran Tahir","AM Rahane, UT Khawaja, SS Tiwary, MS Dhoni, NLTC Perera, GJ Bailey, R Bhatia, SM Boland, R Ashwin, AB Dinda, M Ashwin",2016
2016_33,2016.0,2016-05-06,Sunrisers Hyderabad,Gujarat Lions,Sunrisers Hyderabad,Sunrisers Hyderabad,field,"Rajiv Gandhi International Stadium, Uppal",Hyderabad,0,5,B Kumar,129,5,126,6,complete,J Srinath,M Erasmus,S Ravi,KN Ananthapadmanabhan,A Deshmukh,20,"DA Warner, S Dhawan, KS Williamson, MC Henriques, Yuvraj Singh, DJ Hooda, NV Ojha, B Kumar, BB Sran, A Nehra, Mustafizur Rahman","DR Smith, BB McCullum, SK Raina, KD Karthik, AJ Finch, DJ Bravo, RA Jadeja, P Kumar, PJ Sangwan, DS Kulkarni, S Kaushik",2016
2016_34,2016.0,2016-05-07,Punjab Kings,Delhi Capitals,Punjab Kings,Delhi Capitals,field,"Punjab Cricket Association IS Bindra Stadium, Mohali",Chandigarh,9,0,MP Stoinis,181,5,172,5,complete,RS Mahanama,HDPK Dharmasena,CK Nandan,AK Chaudhary,R Pandit,20,"M Vijay, MP Stoinis, HM Amla, WP Saha, GJ Maxwell, DA Miller, AR Patel, Gurkeerat Singh, MM Sharma, Sandeep Sharma, KC Cariappa","Q de Kock, SV Samson, KK Nair, SW Billings, CR Brathwaite, CH Morris, RR Pant, A Mishra, Mohammed Shami, Z Khan, S Nadeem",2016
2016_35,2016.0,2016-05-07,Royal Challengers Bengaluru,Rising Pune Supergiants,Royal Challengers Bengaluru,Royal Challengers Bengaluru,field,M Chinnaswamy Stadium,Bangalore,0,7,V Kohli,195,3,191,6,complete,Chinmay Sharma,CB Gaffaney,BNJ Oxenford,A Nand Kishore,YC Barde,20,"V Kohli, KL Rahul, AB de Villiers, SR Watson, TM Head, Sachin Baby, STR Binny, Parvez Rasool, CJ Jordan, VR Aaron, YS Chahal","AM Rahane, UT Khawaja, SS Tiwary, MS Dhoni, NLTC Perera, GJ Bailey, R Bhatia, R Ashwin, A Zampa, AB Dinda, RP Singh",2016
2016_36,2016.0,2016-05-08,Kolkata Knight Riders,Gujarat Lions,Gujarat Lions,Gujarat Lions,field,Eden Gardens,Kolkata,0,5,P Kumar,158,4,164,5,complete,J Srinath,M Erasmus,RJ Tucker,K Bharatan,KN Ananthapadmanabhan,20,"RV Uthappa, G Gambhir, MK Pandey, SA Yadav, Shakib Al Hasan, YK Pathan, AD Russell, GB Hogg, PP Chawla, M Morkel, UT Yadav","DR Smith, BB McCullum, SK Raina, KD Karthik, AJ Finch, RA Jadeja, DJ Bravo, P Kumar, DS Kulkarni, S Kaushik, PV Tambe",2016
2016_37,2016.0,2016-05-08,Mumbai Indians,Sunrisers Hyderabad,Sunrisers Hyderabad,Mumbai Indians,field,Dr. Y.S. Rajasekhara Reddy ACA-VDCA Cricket Stadium,Visakhapatnam,85,0,A Nehra,92,10,177,3,complete,RS Madugalle,S Ravi,C Shamshuddin,Nitin Menon,Navdeep Singh,20,"RG Sharma, PA Patel, AT Rayudu, KH Pandya, JC Buttler, KA Pollard, HH Pandya, Harbhajan Singh, TG Southee, MJ McClenaghan, JJ Bumrah","DA Warner, S Dhawan, KS Williamson, Yuvraj Singh, MC Henriques, DJ Hooda, NV Ojha, B Kumar, BB Sran, A Nehra, Mustafizur Rahman",2016
2016_38,2016.0,2016-05-09,Punjab Kings,Royal Challengers Bengaluru,Royal Challengers Bengaluru,Punjab Kings,field,"Punjab Cricket Association IS Bindra Stadium, Mohali",Chandigarh,1,0,SR Watson,174,4,175,6,complete,Amit Sharma,AK Chaudhary,HDPK Dharmasena,CK Nandan,R Pandit,20,"HM Amla, M Vijay, WP Saha, DA Miller, MP Stoinis, F Behardien, AR Patel, MM Sharma, Anureet Singh, Sandeep Sharma, KC Cariappa","V Kohli, KL Rahul, AB de Villiers, SR Watson, Sachin Baby, TM Head, STR Binny, CJ Jordan, Iqbal Abdulla, VR Aaron, YS Chahal",2016
2016_39,2016.0,2016-05-10,Rising Pune Supergiants,Sunrisers Hyderabad,Sunrisers Hyderabad,Sunrisers Hyderabad,bat,Dr. Y.S. Rajasekhara Reddy ACA-VDCA Cricket Stadium,Visakhapatnam,4,0,A Zampa,133,8,137,8,complete,S Chaturvedi,CB Gaffaney,VK Sharma,BNJ Oxenford,YC Barde,20,"AM Rahane, UT Khawaja, GJ Bailey, R Ashwin, SS Tiwary, MS Dhoni, NLTC Perera, R Bhatia, A Zampa, AB Dinda, RP Singh","DA Warner, S Dhawan, KS Williamson, Yuvraj Singh, MC Henriques, DJ Hooda, NV Ojha, B Kumar, BB Sran, A Nehra, Mustafizur Rahman",2016
2016_4,2016.0,2016-04-13,Kolkata Knight Riders,Mumbai Indians,Mumbai Indians,Mumbai Indians,field,Eden Gardens,Kolkata,0,6,RG Sharma,187,5,188,4,complete,M Nayyar,Nitin Menon,S Ravi,C Shamshuddin,Navdeep Singh,20,"RV Uthappa, G Gambhir, MK Pandey, AD Russell, YK Pathan, C Munro, SA Yadav, PP Chawla, JW Hastings, Kuldeep Yadav, GB Hogg","RG Sharma, PA Patel, HH Pandya, MJ McClenaghan, JC Buttler, KA Pollard, AT Rayudu, Harbhajan Singh, J Suchith, TG Southee, JJ Bumrah",2016
2016_40,2016.0,2016-05-11,Royal Challengers Bengaluru,Mumbai Indians,Mumbai Indians,Mumbai Indians,field,M Chinnaswamy Stadium,Bangalore,0,6,KH Pandya,151,4,153,4,complete,RS Madugalle,AY Dandekar,C Shamshuddin,RJ Tucker,Navdeep Singh,20,"V Kohli, CH Gayle, AB de Villiers, KL Rahul, SR Watson, Sachin Baby, STR Binny, CJ Jordan, S Aravind, VR Aaron, YS Chahal","RG Sharma, PA Patel, AT Rayudu, N Rana, KA Pollard, JC Buttler, KH Pandya, Harbhajan Singh, TG Southee, MJ McClenaghan, JJ Bumrah",2016
2016_41,2016.0,2016-05-12,Sunrisers Hyderabad,Delhi Capitals,Delhi Capitals,Delhi Capitals,field,"Rajiv Gandhi International Stadium, Uppal",Hyderabad,0,7,CH Morris,146,8,150,3,complete,J Srinath,K Bharatan,M Erasmus,KN Ananthapadmanabhan,A Deshmukh,20,"DA Warner, S Dhawan, KS Williamson, Yuvraj Singh, MC Henriques, DJ Hooda, NV Ojha, B Kumar, BB Sran, A Nehra, Mustafizur Rahman","Q de Kock, MA Agarwal, KK Nair, SV Samson, RR Pant, JP Duminy, J Yadav, CH Morris, A Mishra, NM Coulter-Nile, Mohammed Shami",2016
2016_42,2016.0,2016-05-13,Mumbai Indians,Punjab Kings,Punjab Kings,Mumbai Indians,bat,Dr. Y.S. Rajasekhara Reddy ACA-VDCA Cricket Stadium,Visakhapatnam,0,7,MP Stoinis,124,9,127,3,complete,RS Mahanama,HDPK Dharmasena,CK Nandan,AK Chaudhary,R Pandit,20,"RG Sharma, UBT Chand, AT Rayudu, N Rana, JC Buttler, KA Pollard, KH Pandya, Harbhajan Singh, TG Southee, MJ McClenaghan, JJ Bumrah","M Vijay, HM Amla, WP Saha, GJ Maxwell, Gurkeerat Singh, DA Miller, MP Stoinis, AR Patel, MM Sharma, Sandeep Sharma, KC Cariappa",2016
2016_43,2016.0,2016-05-14,Royal Challengers Bengaluru,Gujarat Lions,Royal Challengers Bengaluru,Gujarat Lions,field,M Chinnaswamy Stadium,Bangalore,144,0,AB de Villiers,248,3,104,10,complete,RS Madugalle,AY Dandekar,VK Sharma,C Shamshuddin,Navdeep Singh,20,"CH Gayle, V Kohli, AB de Villiers, SR Watson, KL Rahul, Sachin Baby, STR Binny, CJ Jordan, S Aravind, VR Aaron, YS Chahal","DR Smith, BB McCullum, RA Jadeja, KD Karthik, AJ Finch, DJ Bravo, AD Nath, P Kumar, DS Kulkarni, PV Tambe, S Kaushik",2016
2016_44,2016.0,2016-05-14,Kolkata Knight Riders,Rising Pune Supergiants,Kolkata Knight Riders,Rising Pune Supergiants,bat,Eden Gardens,Kolkata,0,8,YK Pathan,66,2,103,6,complete,Chinmay Sharma,A Nand Kishore,BNJ Oxenford,CB Gaffaney,YC Barde,20,"RV Uthappa, G Gambhir, MK Pandey, YK Pathan, Shakib Al Hasan, SA Yadav, AD Russell, PP Chawla, SP Narine, AS Rajpoot, M Morkel","AM Rahane, UT Khawaja, GJ Bailey, SS Tiwary, IK Pathan, MS Dhoni, NLTC Perera, R Ashwin, A Zampa, M Ashwin, AB Dinda",2016
2016_45,2016.0,2016-05-15,Mumbai Indians,Delhi Capitals,Mumbai Indians,Delhi Capitals,field,Dr. Y.S. Rajasekhara Reddy ACA-VDCA Cricket Stadium,Visakhapatnam,80,0,KH Pandya,206,4,126,10,complete,Amit Sharma,Nitin Menon,CK Nandan,AK Chaudhary,R Pandit,20,"RG Sharma, MJ Guptill, KH Pandya, KA Pollard, JC Buttler, AT Rayudu, N Rana, Harbhajan Singh, R Vinay Kumar, MJ McClenaghan, JJ Bumrah","MA Agarwal, Q de Kock, KK Nair, SV Samson, RR Pant, JP Duminy, CH Morris, A Mishra, S Nadeem, Imran Tahir, Z Khan",2016
2016_46,2016.0,2016-05-15,Punjab Kings,Sunrisers Hyderabad,Sunrisers Hyderabad,Punjab Kings,bat,"Punjab Cricket Association IS Bindra Stadium, Mohali",Chandigarh,0,7,HM Amla,179,4,180,3,complete,M Nayyar,KN Ananthapadmanabhan,M Erasmus,K Bharatan,A Deshmukh,20,"HM Amla, M Vijay, WP Saha, Gurkeerat Singh, DA Miller, GJ Maxwell, MP Stoinis, AR Patel, MM Sharma, Sandeep Sharma, Anureet Singh","DA Warner, S Dhawan, DJ Hooda, Yuvraj Singh, BCJ Cutting, MC Henriques, NV Ojha, KV Sharma, B Kumar, A Nehra, Mustafizur Rahman",2016
2016_47,2016.0,2016-05-16,Kolkata Knight Riders,Royal Challengers Bengaluru,Royal Challengers Bengaluru,Royal Challengers Bengaluru,field,Eden Gardens,Kolkata,0,9,V Kohli,183,5,186,1,complete,Chinmay Sharma,CB Gaffaney,A Nand Kishore,BNJ Oxenford,YC Barde,20,"RV Uthappa, G Gambhir, MK Pandey, YK Pathan, AD Russell, SA Yadav, Shakib Al Hasan, PP Chawla, SP Narine, AS Rajpoot, M Morkel","CH Gayle, V Kohli, AB de Villiers, SR Watson, KL Rahul, Sachin Baby, STR Binny, CJ Jordan, S Aravind, Iqbal Abdulla, YS Chahal",2016
2016_48,2016.0,2016-05-17,Rising Pune Supergiants,Delhi Capitals,Rising Pune Supergiants,Rising Pune Supergiants,field,Dr. Y.S. Rajasekhara Reddy ACA-VDCA Cricket Stadium,Visakhapatnam,19,0,AB Dinda,76,1,121,6,complete,RS Mahanama,Nitin Menon,C Shamshuddin,HDPK Dharmasena,Navdeep Singh,20,"AM Rahane, UT Khawaja, GJ Bailey, SS Tiwary, IK Pathan, MS Dhoni, NLTC Perera, R Ashwin, A Zampa, AB Dinda, DL Chahar","Q de Kock, SS Iyer, KK Nair, SV Samson, RR Pant, JP Duminy, CH Morris, NM Coulter-Nile, A Mishra, Z Khan, Mohammed Shami",2016
2016_49,2016.0,2016-05-18,Royal Challengers Bengaluru,Punjab Kings,Royal Challengers Bengaluru,Punjab Kings,field,M Chinnaswamy Stadium,Bangalore,82,0,V Kohli,211,3,120,9,complete,M Nayyar,KN Ananthapadmanabhan,M Erasmus,K Bharatan,A Deshmukh,20,"CH Gayle, V Kohli, AB de Villiers, KL Rahul, SR Watson, Sachin Baby, STR Binny, CJ Jordan, S Aravind, VR Aaron, YS Chahal","M Vijay, HM Amla, WP Saha, DA Miller, Gurkeerat Singh, AR Patel, F Behardien, KJ Abbott, MM Sharma, KC Cariappa, Sandeep Sharma",2016
2016_5,2016.0,2016-04-14,Gujarat Lions,Rising Pune Supergiants,Gujarat Lions,Rising Pune Supergiants,bat,Saurashtra Cricket Association Stadium,Rajkot,0,7,AJ Finch,164,3,163,5,complete,Chinmay Sharma,VA Kulkarni,CK Nandan,AY Dandekar,K Bharatan,20,"AJ Finch, BB McCullum, SK Raina, DJ Bravo, RA Jadeja, KD Karthik, AD Nath, JP Faulkner, P Kumar, SB Jakati, PV Tambe","AM Rahane, F du Plessis, KP Pietersen, SPD Smith, MS Dhoni, MR Marsh, R Bhatia, R Ashwin, I Sharma, RP Singh, M Ashwin",2016
2016_50,2016.0,2016-05-19,Gujarat Lions,Kolkata Knight Riders,Gujarat Lions,Gujarat Lions,field,Green Park,Kanpur,0,6,DR Smith,125,4,124,8,complete,RS Mahanama,AK Chaudhary,CK Nandan,AY Dandekar,R Pandit,20,"DR Smith, BB McCullum, SK Raina, KD Karthik, AJ Finch, RA Jadeja, DJ Bravo, ER Dwivedi, P Kumar, SB Jakati, DS Kulkarni","RV Uthappa, G Gambhir, MK Pandey, PP Chawla, YK Pathan, Shakib Al Hasan, SA Yadav, JO Holder, SP Narine, M Morkel, AS Rajpoot",2016
2016_51,2016.0,2016-05-20,Delhi Capitals,Sunrisers Hyderabad,Delhi Capitals,Delhi Capitals,field,Shaheed Veer Narayan Singh International Stadium,Raipur,0,6,KK Nair,161,4,158,7,complete,S Chaturvedi,A Nand Kishore,BNJ Oxenford,VK Sharma,YC Barde,20,"Q de Kock, RR Pant, KK Nair, JP Duminy, CR Brathwaite, SV Samson, P Negi, A Mishra, Z Khan, J Yadav, NM Coulter-Nile","DA Warner, S Dhawan, DJ Hooda, Yuvraj Singh, MC Henriques, EJG Morgan, NV Ojha, B Kumar, KV Sharma, Mustafizur Rahman, BB Sran",2016
2016_52,2016.0,2016-05-21,Rising Pune Supergiants,Punjab Kings,Rising Pune Supergiants,Punjab Kings,bat,Dr. Y.S. Rajasekhara Reddy ACA-VDCA Cricket Stadium,Visakhapatnam,0,4,MS Dhoni,173,6,172,7,complete,RS Madugalle,HDPK Dharmasena,Nitin Menon,C Shamshuddin,Navdeep Singh,20,"AM Rahane, UT Khawaja, GJ Bailey, SS Tiwary, MS Dhoni, IK Pathan, NLTC Perera, R Ashwin, A Zampa, AB Dinda, DL Chahar","HM Amla, M Vijay, WP Saha, Gurkeerat Singh, DA Miller, F Behardien, AR Patel, R Dhawan, KJ Abbott, MM Sharma, Sandeep Sharma",2016
2016_53,2016.0,2016-05-21,Gujarat Lions,Mumbai Indians,Gujarat Lions,Gujarat Lions,field,Green Park,Kanpur,0,6,SK Raina,173,4,172,8,complete,RS Mahanama,AK Chaudhary,CK Nandan,AY Dandekar,R Pandit,20,"AJ Finch, BB McCullum, SK Raina, KD Karthik, DR Smith, RA Jadeja, DJ Bravo, ER Dwivedi, SB Jakati, P Kumar, DS Kulkarni","RG Sharma, MJ Guptill, N Rana, KH Pandya, JC Buttler, KA Pollard, HH Pandya, Harbhajan Singh, R Vinay Kumar, MJ McClenaghan, JJ Bumrah",2016
2016_54,2016.0,2016-05-22,Kolkata Knight Riders,Sunrisers Hyderabad,Kolkata Knight Riders,Sunrisers Hyderabad,field,Eden Gardens,Kolkata,22,0,YK Pathan,171,6,149,8,complete,J Srinath,KN Ananthapadmanabhan,M Erasmus,K Bharatan,A Deshmukh,20,"RV Uthappa, G Gambhir, C Munro, MK Pandey, YK Pathan, JO Holder, Shakib Al Hasan, SA Yadav, AS Rajpoot, SP Narine, Kuldeep Yadav","S Dhawan, DA Warner, NV Ojha, Yuvraj Singh, KS Williamson, DJ Hooda, MC Henriques, KV Sharma, B Kumar, BB Sran, Mustafizur Rahman",2016
2016_55,2016.0,2016-05-22,Delhi Capitals,Royal Challengers Bengaluru,Royal Challengers Bengaluru,Royal Challengers Bengaluru,field,Shaheed Veer Narayan Singh International Stadium,Raipur,0,6,V Kohli,138,8,139,4,complete,Chinmay Sharma,A Nand Kishore,BNJ Oxenford,VK Sharma,YC Barde,20,"Q de Kock, RR Pant, KK Nair, SV Samson, SW Billings, P Negi, CR Brathwaite, CH Morris, J Yadav, A Mishra, Z Khan","CH Gayle, V Kohli, AB de Villiers, KL Rahul, SR Watson, STR Binny, Sachin Baby, CJ Jordan, Iqbal Abdulla, S Aravind, YS Chahal",2016
2016_56,2016.0,2016-05-24,Gujarat Lions,Royal Challengers Bengaluru,Royal Challengers Bengaluru,Royal Challengers Bengaluru,field,M Chinnaswamy Stadium,Bangalore,0,4,AB de Villiers,158,10,159,6,complete,RS Mahanama,AK Chaudhary,HDPK Dharmasena,BNJ Oxenford,A Deshmukh,20,"AJ Finch, BB McCullum, SK Raina, KD Karthik, DR Smith, RA Jadeja, DJ Bravo, ER Dwivedi, P Kumar, DS Kulkarni, SB Jakati","CH Gayle, V Kohli, AB de Villiers, KL Rahul, SR Watson, Sachin Baby, STR Binny, Iqbal Abdulla, CJ Jordan, S Aravind, YS Chahal",2016
2016_57,2016.0,2016-05-25,Sunrisers Hyderabad,Kolkata Knight Riders,Sunrisers Hyderabad,Kolkata Knight Riders,field,Feroz Shah Kotla,Delhi,22,0,MC Henriques,162,8,140,8,complete,RS Mahanama,M Erasmus,C Shamshuddin,CK Nandan,Navdeep Singh,20,"DA Warner, S Dhawan, MC Henriques, Yuvraj Singh, DJ Hooda, BCJ Cutting, NV Ojha, B Kumar, Bipul Sharma, BB Sran, Mustafizur Rahman","RV Uthappa, G Gambhir, C Munro, MK Pandey, YK Pathan, SA Yadav, R Sathish, JO Holder, SP Narine, M Morkel, Kuldeep Yadav",2016
2016_58,2016.0,2016-05-27,Gujarat Lions,Sunrisers Hyderabad,Sunrisers Hyderabad,Sunrisers Hyderabad,field,Feroz Shah Kotla,Delhi,0,4,DA Warner,162,7,163,6,complete,RS Mahanama,M Erasmus,CK Nandan,C Shamshuddin,Navdeep Singh,20,"ER Dwivedi, BB McCullum, SK Raina, KD Karthik, AJ Finch, DR Smith, RA Jadeja, DJ Bravo, DS Kulkarni, P Kumar, S Kaushik","DA Warner, S Dhawan, MC Henriques, Yuvraj Singh, DJ Hooda, BCJ Cutting, NV Ojha, Bipul Sharma, B Kumar, BB Sran, TA Boult",2016
2016_59,2016.0,2016-05-29,Royal Challengers Bengaluru,Sunrisers Hyderabad,Sunrisers Hyderabad,Sunrisers Hyderabad,bat,M Chinnaswamy Stadium,Bangalore,8,0,BCJ Cutting,200,7,208,7,complete,RS Madugalle,HDPK Dharmasena,BNJ Oxenford,AK Chaudhary,A Deshmukh,20,"CH Gayle, V Kohli, AB de Villiers, KL Rahul, SR Watson, Sachin Baby, STR Binny, CJ Jordan, Iqbal Abdulla, S Aravind, YS Chahal","DA Warner, S Dhawan, MC Henriques, Yuvraj Singh, DJ Hooda, BCJ Cutting, NV Ojha, Bipul Sharma, B Kumar, BB Sran, Mustafizur Rahman",2016
2016_6,2016.0,2016-04-15,Delhi Capitals,Punjab Kings,Delhi Capitals,Delhi Capitals,field,Feroz Shah Kotla,Delhi,0,8,A Mishra,113,2,111,9,complete,RS Mahanama,S Ravi,C Shamshuddin,Nitin Menon,Navdeep Singh,20,"Q de Kock, SS Iyer, SV Samson, P Negi, KK Nair, JP Duminy, CR Brathwaite, J Yadav, CH Morris, Z Khan, A Mishra","M Vijay, M Vohra, SE Marsh, DA Miller, GJ Maxwell, AR Patel, WP Saha, MG Johnson, MM Sharma, P Sahu, Sandeep Sharma",2016
2016_7,2016.0,2016-04-16,Sunrisers Hyderabad,Kolkata Knight Riders,Kolkata Knight Riders,Sunrisers Hyderabad,bat,"Rajiv Gandhi International Stadium, Uppal",Hyderabad,0,8,G Gambhir,142,7,146,2,complete,J Srinath,AK Chaudhary,CK Nandan,K Bharatan,A Deshmukh,20,"DA Warner, S Dhawan, MC Henriques, EJG Morgan, DJ Hooda, NV Ojha, A Ashish Reddy, KV Sharma, B Kumar, Mustafizur Rahman, BB Sran","RV Uthappa, G Gambhir, AD Russell, MK Pandey, Shakib Al Hasan, YK Pathan, SA Yadav, PP Chawla, SP Narine, M Morkel, UT Yadav",2016
2016_8,2016.0,2016-04-16,Mumbai Indians,Gujarat Lions,Gujarat Lions,Gujarat Lions,field,Wankhede Stadium,Mumbai,0,3,AJ Finch,143,8,147,7,complete,Chinmay Sharma,HDPK Dharmasena,VK Sharma,KN Ananthapadmanabhan,YC Barde,20,"RG Sharma, PA Patel, HH Pandya, JC Buttler, KA Pollard, AT Rayudu, Harbhajan Singh, KH Pandya, TG Southee, MJ McClenaghan, JJ Bumrah","AJ Finch, BB McCullum, SK Raina, KD Karthik, DJ Bravo, AD Nath, JP Faulkner, P Kumar, DS Kulkarni, SB Jakati, PV Tambe",2016
2016_9,2016.0,2016-04-17,Royal Challengers Bengaluru,Delhi Capitals,Delhi Capitals,Delhi Capitals,field,M Chinnaswamy Stadium,Bangalore,0,7,Q de Kock,191,5,192,3,complete,RS Mahanama,VA Kulkarni,A Nand Kishore,AY Dandekar,R Pandit,20,"CH Gayle, V Kohli, AB de Villiers, SR Watson, SN Khan, KM Jadhav, D Wiese, Parvez Rasool, HV Patel, YS Chahal, S Aravind","Q de Kock, SS Iyer, SV Samson, KK Nair, JP Duminy, CR Brathwaite, CH Morris, P Negi, Z Khan, A Mishra, Mohammed Shami",2016
2017_0,2017.0,2017-05-04,Sunrisers Hyderabad,Royal Challengers Bengaluru,Sunrisers Hyderabad,Royal Challengers Bengaluru,field,"Rajiv Gandhi International Stadium, Uppal",Hyderabad,35,0,Yuvraj Singh,207,4,172,10,complete,J Srinath,AY Dandekar,NJ Llong,A Deshmukh,N Pandit,20,"DA Warner, S Dhawan, MC Henriques, Yuvraj Singh, DJ Hooda, BCJ Cutting, NV Ojha, Bipul Sharma, B Kumar, A Nehra, Rashid Khan","CH Gayle, Mandeep Singh, TM Head, KM Jadhav, SR Watson, Sachin Baby, STR Binny, S Aravind, TS Mills, YS Chahal, A Choudhary",2017
2017_1,2017.0,2017-06-04,Rising Pune Supergiants,Mumbai Indians,Rising Pune Supergiants,Rising Pune Supergiants,field,Maharashtra Cricket Association Stadium,Pune,0,7,SPD Smith,187,3,184,8,complete,M Nayyar,A Nand Kishore,S Ravi,VK Sharma,Navdeep Singh,20,"AM Rahane, MA Agarwal, SPD Smith, BA Stokes, MS Dhoni, MK Tiwary, R Bhatia, DL Chahar, A Zampa, AB Dinda, Imran Tahir","PA Patel, JC Buttler, RG Sharma, N Rana, AT Rayudu, KH Pandya, KA Pollard, HH Pandya, TG Southee, MJ McClenaghan, JJ Bumrah",2017
2017_10,2017.0,,Kolkata Knight Riders,Punjab Kings,Kolkata Knight Riders,Kolkata Knight Riders,field,Eden Gardens,Kolkata,0,8,SP Narine,171,2,170,9,complete,AJ Pycroft,A Deshmukh,NJ Llong,AY Dandekar,N Pandit,20,"SP Narine, G Gambhir, RV Uthappa, MK Pandey, YK Pathan, SA Yadav, CR Woakes, C de Grandhomme, PP Chawla, UT Yadav, TA Boult","HM Amla, M Vohra, MP Stoinis, GJ Maxwell, DA Miller, WP Saha, AR Patel, MM Sharma, VR Aaron, Sandeep Sharma, I Sharma",2017
2017_11,2017.0,,Royal Challengers Bengaluru,Mumbai Indians,Mumbai Indians,Mumbai Indians,field,M Chinnaswamy Stadium,Bangalore,0,4,KA Pollard,142,5,145,6,complete,Chinmay Sharma,KN Ananthapadmanabhan,AK Chaudhary,C Shamshuddin,R Pandit,20,"CH Gayle, V Kohli, AB de Villiers, KM Jadhav, P Negi, Mandeep Singh, STR Binny, TS Mills, S Aravind, YS Chahal, S Badree","PA Patel, JC Buttler, RG Sharma, MJ McClenaghan, N Rana, KA Pollard, KH Pandya, HH Pandya, Harbhajan Singh, JJ Bumrah, TG Southee",2017
2017_12,2017.0,,Gujarat Lions,Rising Pune Supergiants,Gujarat Lions,Gujarat Lions,field,Saurashtra Cricket Association Stadium,Rajkot,0,7,AJ Tye,172,3,171,8,complete,J Srinath,A Nand Kishore,S Ravi,VK Sharma,Navdeep Singh,20,"DR Smith, BB McCullum, SK Raina, KD Karthik, AJ Finch, Ishan Kishan, RA Jadeja, P Kumar, Basil Thampi, AJ Tye, SB Jakati","AM Rahane, RA Tripathi, SPD Smith, BA Stokes, MK Tiwary, MS Dhoni, Ankit Sharma, SN Thakur, LH Ferguson, RD Chahar, Imran Tahir",2017
2017_13,2017.0,,Delhi Capitals,Punjab Kings,Delhi Capitals,Delhi Capitals,bat,Feroz Shah Kotla,Delhi,51,0,CJ Anderson,188,6,137,9,complete,S Chaturvedi,YC Barde,Nitin Menon,CK Nandan,K Srinivasan,20,"SV Samson, SW Billings, KK Nair, SS Iyer, RR Pant, CJ Anderson, CH Morris, PJ Cummins, A Mishra, Z Khan, S Nadeem","M Vohra, HM Amla, WP Saha, EJG Morgan, DA Miller, GJ Maxwell, AR Patel, MM Sharma, KC Cariappa, Sandeep Sharma, VR Aaron",2017
2017_14,2017.0,,Kolkata Knight Riders,Sunrisers Hyderabad,Kolkata Knight Riders,Sunrisers Hyderabad,field,Eden Gardens,Kolkata,17,0,RV Uthappa,172,6,155,6,complete,AJ Pycroft,AY Dandekar,NJ Llong,A Deshmukh,N Pandit,20,"SP Narine, G Gambhir, RV Uthappa, MK Pandey, YK Pathan, SA Yadav, C de Grandhomme, CR Woakes, Kuldeep Yadav, UT Yadav, TA Boult","DA Warner, S Dhawan, MC Henriques, Yuvraj Singh, DJ Hooda, BCJ Cutting, NV Ojha, Bipul Sharma, B Kumar, Rashid Khan, A Nehra",2017
2017_15,2017.0,,Royal Challengers Bengaluru,Rising Pune Supergiants,Rising Pune Supergiants,Royal Challengers Bengaluru,field,M Chinnaswamy Stadium,Bangalore,27,0,BA Stokes,134,9,161,8,complete,Chinmay Sharma,KN Ananthapadmanabhan,C Shamshuddin,AK Chaudhary,R Pandit,20,"V Kohli, Mandeep Singh, AB de Villiers, KM Jadhav, SR Watson, STR Binny, P Negi, AF Milne, S Badree, S Aravind, YS Chahal","AM Rahane, RA Tripathi, SPD Smith, MS Dhoni, BA Stokes, DT Christian, MK Tiwary, SN Thakur, JD Unadkat, RD Chahar, Imran Tahir",2017
2017_16,2017.0,,Mumbai Indians,Gujarat Lions,Mumbai Indians,Mumbai Indians,field,Wankhede Stadium,Mumbai,0,6,N Rana,177,4,176,4,complete,M Nayyar,A Nand Kishore,S Ravi,VK Sharma,Navdeep Singh,20,"PA Patel, JC Buttler, N Rana, RG Sharma, KA Pollard, HH Pandya, KH Pandya, Harbhajan Singh, MJ McClenaghan, SL Malinga, JJ Bumrah","DR Smith, BB McCullum, SK Raina, Ishan Kishan, KD Karthik, JJ Roy, RA Jadeja, P Kumar, Basil Thampi, AJ Tye, MM Patel",2017
2017_17,2017.0,,Delhi Capitals,Kolkata Knight Riders,Kolkata Knight Riders,Delhi Capitals,bat,Feroz Shah Kotla,Delhi,0,4,NM Coulter-Nile,168,7,169,6,complete,S Chaturvedi,Nitin Menon,CK Nandan,YC Barde,K Srinivasan,20,"SV Samson, SW Billings, KK Nair, SS Iyer, RR Pant, AD Mathews, CH Morris, PJ Cummins, Mohammed Shami, A Mishra, Z Khan","G Gambhir, C de Grandhomme, RV Uthappa, MK Pandey, YK Pathan, SA Yadav, CR Woakes, SP Narine, NM Coulter-Nile, Kuldeep Yadav, UT Yadav",2017
2017_18,2017.0,,Sunrisers Hyderabad,Punjab Kings,Sunrisers Hyderabad,Punjab Kings,field,"Rajiv Gandhi International Stadium, Uppal",Hyderabad,5,0,B Kumar,159,6,154,10,complete,AJ Pycroft,AY Dandekar,A Deshmukh,NJ Llong,N Pandit,20,"DA Warner, S Dhawan, MC Henriques, Yuvraj Singh, NV Ojha, DJ Hooda, Mohammad Nabi, Rashid Khan, B Kumar, BB Sran, S Kaul","HM Amla, M Vohra, GJ Maxwell, EJG Morgan, DA Miller, WP Saha, AR Patel, MM Sharma, KC Cariappa, I Sharma, Sandeep Sharma",2017
2017_19,2017.0,,Gujarat Lions,Royal Challengers Bengaluru,Royal Challengers Bengaluru,Gujarat Lions,field,Saurashtra Cricket Association Stadium,Rajkot,21,0,CH Gayle,192,7,213,2,complete,J Srinath,S Ravi,VK Sharma,A Nand Kishore,Navdeep Singh,20,"DR Smith, BB McCullum, SK Raina, AJ Finch, KD Karthik, RA Jadeja, Ishan Kishan, AJ Tye, Basil Thampi, DS Kulkarni, S Kaushik","CH Gayle, V Kohli, TM Head, KM Jadhav, SR Watson, Mandeep Singh, STR Binny, P Negi, AF Milne, S Aravind, YS Chahal",2017
2017_2,2017.0,2017-07-04,Gujarat Lions,Kolkata Knight Riders,Kolkata Knight Riders,Kolkata Knight Riders,field,Saurashtra Cricket Association Stadium,Rajkot,0,10,CA Lynn,183,4,184,0,complete,V Narayan Kutty,Nitin Menon,CK Nandan,YC Barde,K Srinivasan,20,"JJ Roy, BB McCullum, SK Raina, AJ Finch, KD Karthik, DR Smith, MS Gony, P Kumar, SB Jakati, DS Kulkarni, S Kaushik","G Gambhir, CA Lynn, RV Uthappa, MK Pandey, YK Pathan, SA Yadav, CR Woakes, PP Chawla, Kuldeep Yadav, SP Narine, TA Boult",2017
2017_20,2017.0,,Sunrisers Hyderabad,Delhi Capitals,Sunrisers Hyderabad,Sunrisers Hyderabad,bat,"Rajiv Gandhi International Stadium, Uppal",Hyderabad,15,0,KS Williamson,191,4,176,5,complete,M Nayyar,CB Gaffaney,NJ Llong,AY Dandekar,N Pandit,20,"DA Warner, S Dhawan, KS Williamson, Yuvraj Singh, MC Henriques, DJ Hooda, NV Ojha, B Kumar, Rashid Khan, Mohammed Siraj, S Kaul","SV Samson, SW Billings, KK Nair, RR Pant, SS Iyer, AD Mathews, CH Morris, J Yadav, PJ Cummins, A Mishra, Z Khan",2017
2017_21,2017.0,,Punjab Kings,Mumbai Indians,Mumbai Indians,Mumbai Indians,field,Holkar Cricket Stadium,Indore,0,8,JC Buttler,198,4,199,2,complete,AJ Pycroft,M Erasmus,C Shamshuddin,AK Chaudhary,R Pandit,20,"HM Amla, SE Marsh, WP Saha, GJ Maxwell, MP Stoinis, AR Patel, Gurkeerat Singh, Swapnil Singh, MM Sharma, Sandeep Sharma, I Sharma","PA Patel, JC Buttler, N Rana, HH Pandya, RG Sharma, KA Pollard, KH Pandya, Harbhajan Singh, MJ McClenaghan, SL Malinga, JJ Bumrah",2017
2017_22,2017.0,,Kolkata Knight Riders,Gujarat Lions,Gujarat Lions,Gujarat Lions,field,Eden Gardens,Kolkata,0,4,SK Raina,187,5,188,6,complete,V Narayan Kutty,CB Gaffaney,Nitin Menon,CK Nandan,K Srinivasan,20,"SP Narine, G Gambhir, RV Uthappa, MK Pandey, YK Pathan, SA Yadav, Shakib Al Hasan, CR Woakes, NM Coulter-Nile, Kuldeep Yadav, UT Yadav","AJ Finch, BB McCullum, SK Raina, KD Karthik, Ishan Kishan, DR Smith, RA Jadeja, JP Faulkner, P Kumar, Basil Thampi, DS Kulkarni",2017
2017_23,2017.0,,Mumbai Indians,Delhi Capitals,Mumbai Indians,Delhi Capitals,field,Wankhede Stadium,Mumbai,14,0,MJ McClenaghan,142,8,128,7,complete,J Srinath,A Nand Kishore,S Ravi,KN Ananthapadmanabhan,Navdeep Singh,20,"PA Patel, JC Buttler, N Rana, RG Sharma, KA Pollard, KH Pandya, HH Pandya, Harbhajan Singh, MJ McClenaghan, MG Johnson, JJ Bumrah","SV Samson, AP Tare, KK Nair, SS Iyer, CJ Anderson, RR Pant, K Rabada, CH Morris, PJ Cummins, A Mishra, Z Khan",2017
2017_24,2017.0,,Rising Pune Supergiants,Sunrisers Hyderabad,Rising Pune Supergiants,Rising Pune Supergiants,field,Maharashtra Cricket Association Stadium,Pune,0,6,MS Dhoni,179,4,176,3,complete,M Nayyar,AY Dandekar,A Deshmukh,NJ Llong,N Pandit,20,"AM Rahane, RA Tripathi, SPD Smith, MS Dhoni, BA Stokes, MK Tiwary, DT Christian, Washington Sundar, SN Thakur, JD Unadkat, Imran Tahir","DA Warner, S Dhawan, KS Williamson, MC Henriques, DJ Hooda, NV Ojha, Bipul Sharma, B Kumar, Rashid Khan, Mohammed Siraj, S Kaul",2017
2017_25,2017.0,,Gujarat Lions,Punjab Kings,Punjab Kings,Gujarat Lions,field,Saurashtra Cricket Association Stadium,Rajkot,26,0,HM Amla,162,7,188,7,complete,Chinmay Sharma,AK Chaudhary,M Erasmus,C Shamshuddin,R Pandit,20,"BB McCullum, AJ Finch, SK Raina, KD Karthik, RA Jadeja, DR Smith, AD Nath, AJ Tye, Basil Thampi, SS Agarwal, NB Singh","M Vohra, HM Amla, SE Marsh, GJ Maxwell, MP Stoinis, AR Patel, WP Saha, MM Sharma, KC Cariappa, T Natarajan, Sandeep Sharma",2017
2017_26,2017.0,,Kolkata Knight Riders,Royal Challengers Bengaluru,Kolkata Knight Riders,Royal Challengers Bengaluru,field,Eden Gardens,Kolkata,82,0,NM Coulter-Nile,131,10,49,10,complete,V Narayan Kutty,CB Gaffaney,CK Nandan,Nitin Menon,K Srinivasan,20,"SP Narine, G Gambhir, RV Uthappa, MK Pandey, YK Pathan, SA Yadav, C de Grandhomme, CR Woakes, NM Coulter-Nile, UT Yadav, Kuldeep Yadav","CH Gayle, V Kohli, Mandeep Singh, AB de Villiers, KM Jadhav, STR Binny, P Negi, S Badree, TS Mills, S Aravind, YS Chahal",2017
2017_27,2017.0,,Mumbai Indians,Rising Pune Supergiants,Rising Pune Supergiants,Mumbai Indians,field,Wankhede Stadium,Mumbai,3,0,BA Stokes,157,8,160,6,complete,J Srinath,A Nand Kishore,S Ravi,KN Ananthapadmanabhan,Navdeep Singh,20,"PA Patel, JC Buttler, N Rana, RG Sharma, KV Sharma, KA Pollard, HH Pandya, Harbhajan Singh, MJ McClenaghan, MG Johnson, JJ Bumrah","AM Rahane, RA Tripathi, SPD Smith, MS Dhoni, BA Stokes, MK Tiwary, DT Christian, Washington Sundar, SN Thakur, JD Unadkat, Imran Tahir",2017
2017_28,2017.0,,Rising Pune Supergiants,Kolkata Knight Riders,Kolkata Knight Riders,Kolkata Knight Riders,field,Maharashtra Cricket Association Stadium,Pune,0,7,RV Uthappa,182,5,184,3,complete,AJ Pycroft,AY Dandekar,NJ Llong,CB Gaffaney,N Pandit,20,"AM Rahane, RA Tripathi, SPD Smith, MS Dhoni, MK Tiwary, DT Christian, F du Plessis, Washington Sundar, SN Thakur, JD Unadkat, Imran Tahir","SP Narine, G Gambhir, RV Uthappa, DM Bravo, MK Pandey, YK Pathan, C de Grandhomme, CR Woakes, PP Chawla, Kuldeep Yadav, UT Yadav",2017
2017_29,2017.0,,Royal Challengers Bengaluru,Gujarat Lions,Gujarat Lions,Gujarat Lions,field,M Chinnaswamy Stadium,Bangalore,0,7,AJ Tye,134,10,135,3,complete,Chinmay Sharma,AK Chaudhary,C Shamshuddin,M Erasmus,R Pandit,20,"CH Gayle, V Kohli, AB de Villiers, TM Head, KM Jadhav, Mandeep Singh, P Negi, S Badree, S Aravind, A Choudhary, YS Chahal","Ishan Kishan, BB McCullum, SK Raina, AJ Finch, RA Jadeja, KD Karthik, JP Faulkner, AJ Tye, Basil Thampi, NB Singh, Ankit Soni",2017
2017_3,2017.0,2017-08-04,Punjab Kings,Rising Pune Supergiants,Punjab Kings,Punjab Kings,field,Holkar Cricket Stadium,Indore,0,6,GJ Maxwell,164,4,163,6,complete,Chinmay Sharma,AK Chaudhary,C Shamshuddin,KN Ananthapadmanabhan,R Pandit,20,"HM Amla, M Vohra, WP Saha, AR Patel, GJ Maxwell, DA Miller, MP Stoinis, Swapnil Singh, MM Sharma, Sandeep Sharma, T Natarajan","AM Rahane, MA Agarwal, SPD Smith, BA Stokes, MS Dhoni, MK Tiwary, DT Christian, R Bhatia, RD Chahar, Imran Tahir, AB Dinda",2017
2017_30,2017.0,,Punjab Kings,Sunrisers Hyderabad,Sunrisers Hyderabad,Punjab Kings,field,"Punjab Cricket Association IS Bindra Stadium, Mohali",Chandigarh,26,0,Rashid Khan,181,9,207,3,complete,S Chaturvedi,Nitin Menon,CK Nandan,YC Barde,K Srinivasan,20,"MJ Guptill, M Vohra, SE Marsh, GJ Maxwell, EJG Morgan, WP Saha, AR Patel, Anureet Singh, MM Sharma, I Sharma, KC Cariappa","DA Warner, S Dhawan, KS Williamson, Yuvraj Singh, MC Henriques, DJ Hooda, NV Ojha, B Kumar, A Nehra, S Kaul, Rashid Khan",2017
2017_31,2017.0,,Kolkata Knight Riders,Delhi Capitals,Kolkata Knight Riders,Kolkata Knight Riders,field,Eden Gardens,Kolkata,0,7,G Gambhir,161,3,160,6,complete,AJ Pycroft,NJ Llong,S Ravi,VK Sharma,Navdeep Singh,20,"SP Narine, G Gambhir, RV Uthappa, MK Pandey, SP Jackson, YK Pathan, C de Grandhomme, CR Woakes, NM Coulter-Nile, UT Yadav, Kuldeep Yadav","SV Samson, KK Nair, SS Iyer, RR Pant, CH Morris, CJ Anderson, AR Bawne, PJ Cummins, K Rabada, A Mishra, Z Khan",2017
2017_32,2017.0,,Gujarat Lions,Mumbai Indians,,Gujarat Lions,bat,Saurashtra Cricket Association Stadium,Rajkot,0,0,KH Pandya,159,9,164,12,tie,M Nayyar,AK Chaudhary,CB Gaffaney,A Nand Kishore,N Pandit,20,"Ishan Kishan, BB McCullum, SK Raina, AJ Finch, KD Karthik, RA Jadeja, JP Faulkner, IK Pathan, AJ Tye, Basil Thampi, Ankit Soni","PA Patel, JC Buttler, N Rana, RG Sharma, KA Pollard, KH Pandya, HH Pandya, Harbhajan Singh, MJ McClenaghan, JJ Bumrah, SL Malinga",2017
2017_33,2017.0,,Rising Pune Supergiants,Royal Challengers Bengaluru,Rising Pune Supergiants,Royal Challengers Bengaluru,field,Maharashtra Cricket Association Stadium,Pune,61,0,LH Ferguson,157,3,96,9,complete,Chinmay Sharma,KN Ananthapadmanabhan,M Erasmus,C Shamshuddin,R Pandit,20,"AM Rahane, RA Tripathi, SPD Smith, MK Tiwary, MS Dhoni, DT Christian, Washington Sundar, LH Ferguson, JD Unadkat, DL Chahar, Imran Tahir","TM Head, V Kohli, AB de Villiers, KM Jadhav, Sachin Baby, STR Binny, P Negi, AF Milne, S Badree, S Aravind, YS Chahal",2017
2017_34,2017.0,,Punjab Kings,Delhi Capitals,Punjab Kings,Punjab Kings,field,"Punjab Cricket Association IS Bindra Stadium, Mohali",Chandigarh,0,10,Sandeep Sharma,68,0,67,10,complete,S Chaturvedi,YC Barde,CK Nandan,Nitin Menon,K Srinivasan,20,"MJ Guptill, HM Amla, M Vohra, SE Marsh, GJ Maxwell, WP Saha, AR Patel, MM Sharma, VR Aaron, Sandeep Sharma, T Natarajan","SV Samson, SW Billings, KK Nair, SS Iyer, RR Pant, CJ Anderson, CH Morris, K Rabada, A Mishra, Mohammed Shami, S Nadeem",2017
2017_35,2017.0,,Sunrisers Hyderabad,Kolkata Knight Riders,Sunrisers Hyderabad,Kolkata Knight Riders,field,"Rajiv Gandhi International Stadium, Uppal",Hyderabad,48,0,DA Warner,209,3,161,7,complete,J Srinath,AY Dandekar,S Ravi,VK Sharma,Navdeep Singh,20,"DA Warner, S Dhawan, KS Williamson, Yuvraj Singh, MC Henriques, NV Ojha, Bipul Sharma, B Kumar, Rashid Khan, S Kaul, Mohammed Siraj","SP Narine, G Gambhir, RV Uthappa, MK Pandey, YK Pathan, SP Jackson, C de Grandhomme, CR Woakes, NM Coulter-Nile, UT Yadav, Kuldeep Yadav",2017
2017_36,2017.0,2017-01-05,Rising Pune Supergiants,Gujarat Lions,Rising Pune Supergiants,Rising Pune Supergiants,field,Maharashtra Cricket Association Stadium,Pune,0,5,BA Stokes,167,5,161,10,complete,Chinmay Sharma,M Erasmus,C Shamshuddin,KN Ananthapadmanabhan,R Pandit,20,"AM Rahane, RA Tripathi, SPD Smith, MK Tiwary, BA Stokes, MS Dhoni, DT Christian, Washington Sundar, JD Unadkat, SN Thakur, Imran Tahir","Ishan Kishan, BB McCullum, SK Raina, AJ Finch, DR Smith, KD Karthik, RA Jadeja, JP Faulkner, PJ Sangwan, Basil Thampi, Ankit Soni",2017
2017_37,2017.0,2017-01-05,Mumbai Indians,Royal Challengers Bengaluru,Mumbai Indians,Royal Challengers Bengaluru,bat,Wankhede Stadium,Mumbai,0,5,RG Sharma,165,6,162,8,complete,M Nayyar,AK Chaudhary,CB Gaffaney,A Deshmukh,N Pandit,20,"PA Patel, JC Buttler, N Rana, RG Sharma, KA Pollard, KH Pandya, KV Sharma, HH Pandya, MJ McClenaghan, SL Malinga, JJ Bumrah","V Kohli, Mandeep Singh, TM Head, AB de Villiers, KM Jadhav, SR Watson, P Negi, AF Milne, S Aravind, A Choudhary, YS Chahal",2017
2017_38,2017.0,2017-02-05,Delhi Capitals,Sunrisers Hyderabad,Delhi Capitals,Delhi Capitals,field,Feroz Shah Kotla,Delhi,0,6,Mohammed Shami,189,4,185,3,complete,AJ Pycroft,YC Barde,Nitin Menon,CK Nandan,K Srinivasan,20,"SV Samson, KK Nair, RR Pant, SS Iyer, CJ Anderson, CH Morris, AD Mathews, J Yadav, K Rabada, A Mishra, Mohammed Shami","DA Warner, S Dhawan, KS Williamson, Yuvraj Singh, MC Henriques, DJ Hooda, NV Ojha, B Kumar, Rashid Khan, S Kaul, Mohammed Siraj",2017
2017_39,2017.0,2017-03-05,Kolkata Knight Riders,Rising Pune Supergiants,Rising Pune Supergiants,Rising Pune Supergiants,field,Eden Gardens,Kolkata,0,4,RA Tripathi,155,8,158,6,complete,J Srinath,KN Ananthapadmanabhan,A Nand Kishore,S Ravi,Navdeep Singh,20,"SP Narine, G Gambhir, SP Jackson, MK Pandey, YK Pathan, C de Grandhomme, SA Yadav, CR Woakes, NM Coulter-Nile, UT Yadav, Kuldeep Yadav","AM Rahane, RA Tripathi, SPD Smith, MK Tiwary, BA Stokes, MS Dhoni, DT Christian, Washington Sundar, SN Thakur, JD Unadkat, Imran Tahir",2017
2017_4,2017.0,2017-08-04,Royal Challengers Bengaluru,Delhi Capitals,Royal Challengers Bengaluru,Royal Challengers Bengaluru,bat,M.Chinnaswamy Stadium,Bengaluru,15,0,KM Jadhav,157,8,142,9,complete,J Srinath,S Ravi,VK Sharma,A Nand Kishore,Navdeep Singh,20,"CH Gayle, SR Watson, Mandeep Singh, KM Jadhav, STR Binny, Vishnu Vinod, P Negi, Iqbal Abdulla, TS Mills, YS Chahal, B Stanlake","AP Tare, SW Billings, KK Nair, SV Samson, RR Pant, CH Morris, CR Brathwaite, PJ Cummins, A Mishra, S Nadeem, Z Khan",2017
2017_40,2017.0,2017-04-05,Delhi Capitals,Gujarat Lions,Delhi Capitals,Delhi Capitals,field,Feroz Shah Kotla,Delhi,0,7,RR Pant,214,3,208,7,complete,M Nayyar,M Erasmus,Nitin Menon,CK Nandan,K Srinivasan,20,"SV Samson, KK Nair, RR Pant, SS Iyer, CJ Anderson, MN Samuels, PJ Cummins, K Rabada, S Nadeem, A Mishra, Mohammed Shami","DR Smith, BB McCullum, SK Raina, KD Karthik, AJ Finch, Ishan Kishan, RA Jadeja, JP Faulkner, PJ Sangwan, Basil Thampi, Ankit Soni",2017
2017_41,2017.0,2017-05-05,Royal Challengers Bengaluru,Punjab Kings,Punjab Kings,Royal Challengers Bengaluru,field,M Chinnaswamy Stadium,Bangalore,19,0,Sandeep Sharma,119,10,138,7,complete,V Narayan Kutty,CB Gaffaney,C Shamshuddin,AY Dandekar,N Pandit,20,"Mandeep Singh, CH Gayle, V Kohli, AB de Villiers, KM Jadhav, SR Watson, P Negi, S Aravind, S Badree, A Choudhary, YS Chahal","HM Amla, MJ Guptill, SE Marsh, M Vohra, WP Saha, GJ Maxwell, AR Patel, MM Sharma, VR Aaron, Sandeep Sharma, T Natarajan",2017
2017_42,2017.0,2017-06-05,Sunrisers Hyderabad,Rising Pune Supergiants,Rising Pune Supergiants,Sunrisers Hyderabad,field,"Rajiv Gandhi International Stadium, Uppal",Hyderabad,12,0,JD Unadkat,136,9,148,8,complete,Chinmay Sharma,KN Ananthapadmanabhan,AK Chaudhary,M Erasmus,R Pandit,20,"DA Warner, S Dhawan, KS Williamson, Yuvraj Singh, MC Henriques, NV Ojha, Bipul Sharma, Rashid Khan, B Kumar, S Kaul, A Nehra","AM Rahane, RA Tripathi, SPD Smith, BA Stokes, MS Dhoni, DT Christian, MK Tiwary, Washington Sundar, SN Thakur, JD Unadkat, Imran Tahir",2017
2017_43,2017.0,2017-06-05,Delhi Capitals,Mumbai Indians,Mumbai Indians,Delhi Capitals,field,Feroz Shah Kotla,Delhi,146,0,LMP Simmons,66,10,212,3,complete,M Nayyar,Nitin Menon,CK Nandan,YC Barde,K Srinivasan,20,"SV Samson, KK Nair, SS Iyer, RR Pant, CJ Anderson, MN Samuels, PJ Cummins, K Rabada, A Mishra, Mohammed Shami, Z Khan","LMP Simmons, PA Patel, KA Pollard, RG Sharma, HH Pandya, N Rana, KV Sharma, Harbhajan Singh, MJ McClenaghan, SL Malinga, JJ Bumrah",2017
2017_44,2017.0,2017-07-05,Royal Challengers Bengaluru,Kolkata Knight Riders,Kolkata Knight Riders,Kolkata Knight Riders,field,M Chinnaswamy Stadium,Bangalore,0,6,SP Narine,158,6,159,4,complete,AJ Pycroft,AY Dandekar,C Shamshuddin,CB Gaffaney,N Pandit,20,"CH Gayle, Mandeep Singh, V Kohli, AB de Villiers, TM Head, KM Jadhav, P Negi, S Aravind, S Badree, A Choudhary, YS Chahal","CA Lynn, SP Narine, C de Grandhomme, G Gambhir, MK Pandey, YK Pathan, SP Jackson, CR Woakes, UT Yadav, PP Chawla, AS Rajpoot",2017
2017_45,2017.0,2017-07-05,Punjab Kings,Gujarat Lions,Gujarat Lions,Gujarat Lions,field,"Punjab Cricket Association IS Bindra Stadium, Mohali",Chandigarh,0,6,DR Smith,189,3,192,4,complete,J Srinath,A Nand Kishore,VK Sharma,S Ravi,Navdeep Singh,20,"MJ Guptill, HM Amla, SE Marsh, GJ Maxwell, AR Patel, WP Saha, Gurkeerat Singh, MM Sharma, Sandeep Sharma, VR Aaron, T Natarajan","DR Smith, Ishan Kishan, SK Raina, KD Karthik, AJ Finch, RA Jadeja, JP Faulkner, DS Kulkarni, PJ Sangwan, Basil Thampi, Ankit Soni",2017
2017_46,2017.0,2017-08-05,Sunrisers Hyderabad,Mumbai Indians,Sunrisers Hyderabad,Mumbai Indians,bat,"Rajiv Gandhi International Stadium, Uppal",Hyderabad,0,7,S Dhawan,140,3,138,7,complete,Chinmay Sharma,KN Ananthapadmanabhan,M Erasmus,AK Chaudhary,R Pandit,20,"DA Warner, S Dhawan, MC Henriques, Yuvraj Singh, V Shankar, Mohammad Nabi, NV Ojha, B Kumar, Rashid Khan, S Kaul, Mohammed Siraj","LMP Simmons, PA Patel, N Rana, RG Sharma, HH Pandya, KA Pollard, KV Sharma, Harbhajan Singh, MJ McClenaghan, JJ Bumrah, SL Malinga",2017
2017_47,2017.0,2017-09-05,Punjab Kings,Kolkata Knight Riders,Punjab Kings,Kolkata Knight Riders,field,"Punjab Cricket Association IS Bindra Stadium, Mohali",Chandigarh,14,0,MM Sharma,167,6,153,6,complete,J Srinath,A Nand Kishore,S Ravi,VK Sharma,Navdeep Singh,20,"MJ Guptill, M Vohra, SE Marsh, WP Saha, GJ Maxwell, AR Patel, Swapnil Singh, R Tewatia, MJ Henry, MM Sharma, Sandeep Sharma","SP Narine, CA Lynn, G Gambhir, RV Uthappa, MK Pandey, C de Grandhomme, YK Pathan, CR Woakes, UT Yadav, Kuldeep Yadav, AS Rajpoot",2017
2017_48,2017.0,2017-10-05,Gujarat Lions,Delhi Capitals,Delhi Capitals,Delhi Capitals,field,Green Park,Kanpur,0,2,SS Iyer,195,5,197,8,complete,V Narayan Kutty,YC Barde,AK Chaudhary,Nitin Menon,K Srinivasan,20,"DR Smith, Ishan Kishan, SK Raina, KD Karthik, AJ Finch, RA Jadeja, JP Faulkner, DS Kulkarni, PJ Sangwan, Basil Thampi, Ankit Soni","SV Samson, KK Nair, RR Pant, SS Iyer, MN Samuels, CJ Anderson, CR Brathwaite, PJ Cummins, Mohammed Shami, A Mishra, Z Khan",2017
2017_49,2017.0,2017-11-05,Mumbai Indians,Punjab Kings,Punjab Kings,Mumbai Indians,field,Wankhede Stadium,Mumbai,7,0,WP Saha,223,6,230,3,complete,M Nayyar,A Deshmukh,A Nand Kishore,VK Sharma,N Pandit,20,"LMP Simmons, PA Patel, N Rana, RG Sharma, KA Pollard, HH Pandya, KV Sharma, Harbhajan Singh, MJ McClenaghan, JJ Bumrah, SL Malinga","MJ Guptill, WP Saha, GJ Maxwell, SE Marsh, AR Patel, M Vohra, R Tewatia, MM Sharma, Sandeep Sharma, I Sharma, MJ Henry",2017
2017_5,2017.0,2017-09-04,Sunrisers Hyderabad,Gujarat Lions,Sunrisers Hyderabad,Sunrisers Hyderabad,field,"Rajiv Gandhi International Stadium, Uppal",Hyderabad,0,9,Rashid Khan,140,1,135,7,complete,M Nayyar,A Deshmukh,NJ Llong,AY Dandekar,N Pandit,20,"DA Warner, S Dhawan, MC Henriques, Yuvraj Singh, DJ Hooda, BCJ Cutting, NV Ojha, Bipul Sharma, B Kumar, A Nehra, Rashid Khan","JJ Roy, BB McCullum, SK Raina, AJ Finch, KD Karthik, DR Smith, DS Kulkarni, P Kumar, Basil Thampi, Tejas Baroka, S Kaushik",2017
2017_50,2017.0,2017-12-05,Delhi Capitals,Rising Pune Supergiants,Delhi Capitals,Delhi Capitals,bat,Feroz Shah Kotla,Delhi,7,0,KK Nair,168,8,161,7,complete,AJ Pycroft,KN Ananthapadmanabhan,CK Nandan,C Shamshuddin,R Pandit,20,"SV Samson, KK Nair, SS Iyer, RR Pant, MN Samuels, CJ Anderson, PJ Cummins, A Mishra, Mohammed Shami, S Nadeem, Z Khan","AM Rahane, RA Tripathi, SPD Smith, MK Tiwary, BA Stokes, MS Dhoni, DT Christian, Washington Sundar, SN Thakur, JD Unadkat, A Zampa",2017
2017_51,2017.0,,Gujarat Lions,Sunrisers Hyderabad,Sunrisers Hyderabad,Sunrisers Hyderabad,field,Green Park,Kanpur,0,8,Mohammed Siraj,154,10,158,2,complete,Chinmay Sharma,AK Chaudhary,Nitin Menon,YC Barde,K Srinivasan,20,"DR Smith, Ishan Kishan, SK Raina, KD Karthik, AJ Finch, RA Jadeja, JP Faulkner, PJ Sangwan, Ankit Soni, P Kumar, MM Patel","DA Warner, S Dhawan, MC Henriques, V Shankar, DJ Hooda, Mohammad Nabi, NV Ojha, B Kumar, Rashid Khan, S Kaul, Mohammed Siraj",2017
2017_52,2017.0,,Kolkata Knight Riders,Mumbai Indians,Mumbai Indians,Kolkata Knight Riders,field,Eden Gardens,Kolkata,9,0,AT Rayudu,164,8,173,5,complete,J Srinath,A Nand Kishore,S Ravi,VK Sharma,Navdeep Singh,20,"SP Narine, CA Lynn, G Gambhir, RV Uthappa, MK Pandey, YK Pathan, C de Grandhomme, Kuldeep Yadav, UT Yadav, TA Boult, AS Rajpoot","SS Tiwary, LMP Simmons, RG Sharma, AT Rayudu, KA Pollard, HH Pandya, KH Pandya, KV Sharma, MG Johnson, R Vinay Kumar, TG Southee",2017
2017_53,2017.0,,Delhi Capitals,Royal Challengers Bengaluru,Royal Challengers Bengaluru,Royal Challengers Bengaluru,bat,Feroz Shah Kotla,Delhi,10,0,HV Patel,151,10,161,6,complete,AJ Pycroft,CK Nandan,C Shamshuddin,KN Ananthapadmanabhan,R Pandit,20,"SV Samson, KK Nair, SS Iyer, RR Pant, MN Samuels, CJ Anderson, PJ Cummins, A Mishra, Mohammed Shami, S Nadeem, Z Khan","CH Gayle, Vishnu Vinod, V Kohli, TM Head, KM Jadhav, Sachin Baby, SR Watson, P Negi, HV Patel, Avesh Khan, YS Chahal",2017
2017_54,2017.0,,Rising Pune Supergiants,Punjab Kings,Rising Pune Supergiants,Rising Pune Supergiants,field,Maharashtra Cricket Association Stadium,Pune,0,9,JD Unadkat,78,1,73,10,complete,M Nayyar,AY Dandekar,A Deshmukh,KN Ananthapadmanabhan,N Pandit,20,"AM Rahane, RA Tripathi, SPD Smith, BA Stokes, MK Tiwary, MS Dhoni, DT Christian, Washington Sundar, SN Thakur, JD Unadkat, A Zampa","MJ Guptill, WP Saha, SE Marsh, EJG Morgan, R Tewatia, GJ Maxwell, AR Patel, Swapnil Singh, MM Sharma, I Sharma, Sandeep Sharma",2017
2017_55,2017.0,,Mumbai Indians,Rising Pune Supergiants,Rising Pune Supergiants,Mumbai Indians,field,Wankhede Stadium,Mumbai,20,0,Washington Sundar,142,9,162,4,complete,J Srinath,S Ravi,C Shamshuddin,CK Nandan,YC Barde,20,"LMP Simmons, PA Patel, RG Sharma, AT Rayudu, KA Pollard, HH Pandya, KH Pandya, MJ McClenaghan, KV Sharma, JJ Bumrah, SL Malinga","AM Rahane, RA Tripathi, SPD Smith, MK Tiwary, MS Dhoni, DT Christian, Washington Sundar, LH Ferguson, A Zampa, SN Thakur, JD Unadkat",2017
2017_56,2017.0,,Sunrisers Hyderabad,Kolkata Knight Riders,Kolkata Knight Riders,Kolkata Knight Riders,field,M Chinnaswamy Stadium,Bangalore,0,7,NM Coulter-Nile,128,7,48,3,complete,M Nayyar,AK Chaudhary,Nitin Menon,A Nand Kishore,KN Ananthapadmanabhan,20,"DA Warner, S Dhawan, KS Williamson, Yuvraj Singh, V Shankar, NV Ojha, CJ Jordan, Bipul Sharma, B Kumar, Rashid Khan, S Kaul","RV Uthappa, CA Lynn, YK Pathan, G Gambhir, IR Jaggi, SA Yadav, SP Narine, PP Chawla, UT Yadav, NM Coulter-Nile, TA Boult",2017
2017_57,2017.0,,Mumbai Indians,Kolkata Knight Riders,Mumbai Indians,Mumbai Indians,field,M Chinnaswamy Stadium,Bangalore,0,6,KV Sharma,111,4,107,10,complete,Chinmay Sharma,NJ Llong,Nitin Menon,C Shamshuddin,KN Ananthapadmanabhan,20,"LMP Simmons, PA Patel, AT Rayudu, RG Sharma, KH Pandya, KA Pollard, HH Pandya, MG Johnson, KV Sharma, JJ Bumrah, SL Malinga","CA Lynn, SP Narine, G Gambhir, RV Uthappa, IR Jaggi, C de Grandhomme, SA Yadav, PP Chawla, NM Coulter-Nile, UT Yadav, AS Rajpoot",2017
2017_58,2017.0,,Mumbai Indians,Rising Pune Supergiants,Mumbai Indians,Mumbai Indians,bat,"Rajiv Gandhi International Stadium, Uppal",Hyderabad,1,0,KH Pandya,129,8,128,6,complete,J Srinath,NJ Llong,S Ravi,AK Chaudhary,A Nand Kishore,20,"LMP Simmons, PA Patel, AT Rayudu, RG Sharma, KH Pandya, KA Pollard, HH Pandya, KV Sharma, MG Johnson, JJ Bumrah, SL Malinga","AM Rahane, RA Tripathi, SPD Smith, MS Dhoni, MK Tiwary, DT Christian, Washington Sundar, LH Ferguson, A Zampa, SN Thakur, JD Unadkat",2017
2017_6,2017.0,2017-09-04,Mumbai Indians,Kolkata Knight Riders,Mumbai Indians,Mumbai Indians,field,Wankhede Stadium,Mumbai,0,4,N Rana,180,6,178,7,complete,S Chaturvedi,Nitin Menon,CK Nandan,YC Barde,K Srinivasan,20,"PA Patel, JC Buttler, N Rana, RG Sharma, KH Pandya, KA Pollard, HH Pandya, Harbhajan Singh, MJ McClenaghan, SL Malinga, JJ Bumrah","G Gambhir, CA Lynn, RV Uthappa, MK Pandey, YK Pathan, SA Yadav, CR Woakes, SP Narine, Kuldeep Yadav, AS Rajpoot, TA Boult",2017
2017_7,2017.0,2017-10-04,Punjab Kings,Royal Challengers Bengaluru,Punjab Kings,Royal Challengers Bengaluru,bat,Holkar Cricket Stadium,Indore,0,8,AR Patel,150,2,148,4,complete,Chinmay Sharma,AK Chaudhary,C Shamshuddin,KN Ananthapadmanabhan,R Pandit,20,"M Vohra, HM Amla, AR Patel, GJ Maxwell, WP Saha, DA Miller, MP Stoinis, MM Sharma, Sandeep Sharma, VR Aaron, T Natarajan","SR Watson, Vishnu Vinod, AB de Villiers, KM Jadhav, Mandeep Singh, STR Binny, P Negi, Iqbal Abdulla, TS Mills, B Stanlake, YS Chahal",2017
2017_8,2017.0,2017-11-04,Rising Pune Supergiants,Delhi Capitals,Delhi Capitals,Rising Pune Supergiants,field,Maharashtra Cricket Association Stadium,Pune,97,0,SV Samson,108,10,205,4,complete,J Srinath,AY Dandekar,S Ravi,A Nand Kishore,Navdeep Singh,20,"AM Rahane, MA Agarwal, F du Plessis, RA Tripathi, BA Stokes, MS Dhoni, R Bhatia, DL Chahar, A Zampa, AB Dinda, Imran Tahir","AP Tare, SW Billings, SV Samson, RR Pant, CJ Anderson, CH Morris, KK Nair, PJ Cummins, A Mishra, Z Khan, S Nadeem",2017
2017_9,2017.0,2017-12-04,Mumbai Indians,Sunrisers Hyderabad,Mumbai Indians,Mumbai Indians,field,Wankhede Stadium,Mumbai,0,4,JJ Bumrah,159,6,158,8,complete,M Nayyar,Nitin Menon,CK Nandan,YC Barde,K Srinivasan,20,"PA Patel, JC Buttler, RG Sharma, N Rana, KA Pollard, KH Pandya, HH Pandya, Harbhajan Singh, MJ McClenaghan, SL Malinga, JJ Bumrah","S Dhawan, DA Warner, DJ Hooda, Yuvraj Singh, BCJ Cutting, NV Ojha, V Shankar, Rashid Khan, B Kumar, A Nehra, Mustafizur Rahman",2017
2018_0,2018.0,2018-04-07,Mumbai Indians,Chennai Super Kings,Chennai Super Kings,Chennai Super Kings,field,Wankhede Stadium,Mumbai,0,1,DJ Bravo,165,4,169,9,complete,RB Richardson,CB Gaffaney,A Nand Kishore,AK Chaudhary,UV Gandhe,20,"RG Sharma, E Lewis, Ishan Kishan, SA Yadav, HH Pandya, KH Pandya, KA Pollard, JJ Bumrah, MJ McClenaghan, Mustafizur Rahman, M Markande","SR Watson, AT Rayudu, SK Raina, KM Jadhav, MS Dhoni, RA Jadeja, DJ Bravo, DL Chahar, Harbhajan Singh, MA Wood, Imran Tahir",2018
2018_1,2018.0,2018-04-08,Delhi Capitals,Punjab Kings,Punjab Kings,Punjab Kings,field,Punjab Cricket Association IS Bindra Stadium,Chandigarh,0,6,KL Rahul,166,7,167,4,complete,J Srinath,KN Ananthapadmanabhan,RJ Tucker,Nitin Menon,N Pandit,20,"C Munro, G Gambhir, SS Iyer, V Shankar, RR Pant, R Tewatia, CH Morris, DT Christian, A Mishra, TA Boult, Mohammed Shami","KL Rahul, MA Agarwal, Yuvraj Singh, KK Nair, DA Miller, MP Stoinis, AR Patel, R Ashwin, AJ Tye, MM Sharma, Mujeeb Ur Rahman",2018
2018_10,2018.0,2018-04-15,Rajasthan Royals,Royal Challengers Bengaluru,Rajasthan Royals,Royal Challengers Bengaluru,field,M.Chinnaswamy Stadium,Bengaluru,19,0,SV Samson,217,4,198,6,complete,M Nayyar,C Shamshuddin,S Ravi,A Deshmukh,K Srinath,20,"AM Rahane, DJM Short, SV Samson, BA Stokes, JC Buttler, RA Tripathi, K Gowtham, S Gopal, DS Kulkarni, JD Unadkat, B Laughlin","BB McCullum, Q de Kock, V Kohli, AB de Villiers, Mandeep Singh, P Negi, Washington Sundar, CR Woakes, UT Yadav, K Khejroliya, YS Chahal",2018
2018_11,2018.0,2018-04-15,Punjab Kings,Chennai Super Kings,Punjab Kings,Chennai Super Kings,field,Punjab Cricket Association IS Bindra Stadium,Chandigarh,4,0,CH Gayle,197,7,193,5,complete,S Chaturvedi,CK Nandan,VA Kulkarni,NJ Llong,R Pandit,20,"KL Rahul, CH Gayle, MA Agarwal, Yuvraj Singh, AJ Finch, KK Nair, R Ashwin, AJ Tye, BB Sran, MM Sharma, Mujeeb Ur Rahman","SR Watson, M Vijay, AT Rayudu, SW Billings, MS Dhoni, RA Jadeja, DJ Bravo, DL Chahar, Harbhajan Singh, SN Thakur, Imran Tahir",2018
2018_12,2018.0,2018-04-16,Kolkata Knight Riders,Delhi Capitals,Kolkata Knight Riders,Delhi Capitals,field,Eden Gardens,Kolkata,71,0,N Rana,200,9,129,10,complete,RB Richardson,AK Chaudhary,A Nand Kishore,CB Gaffaney,UV Gandhe,20,"CA Lynn, SP Narine, RV Uthappa, N Rana, KD Karthik, AD Russell, Shubman Gill, TK Curran, PP Chawla, Shivam Mavi, Kuldeep Yadav","G Gambhir, JJ Roy, SS Iyer, RR Pant, GJ Maxwell, R Tewatia, V Shankar, CH Morris, Mohammed Shami, S Nadeem, TA Boult",2018
2018_13,2018.0,2018-04-17,Mumbai Indians,Royal Challengers Bengaluru,Mumbai Indians,Royal Challengers Bengaluru,field,Wankhede Stadium,Mumbai,46,0,RG Sharma,213,6,167,8,complete,J Srinath,Nitin Menon,RJ Tucker,KN Ananthapadmanabhan,N Pandit,20,"SA Yadav, E Lewis, Ishan Kishan, RG Sharma, KH Pandya, KA Pollard, HH Pandya, MJ McClenaghan, M Markande, JJ Bumrah, Mustafizur Rahman","V Kohli, Q de Kock, AB de Villiers, Mandeep Singh, CJ Anderson, Washington Sundar, SN Khan, CR Woakes, UT Yadav, Mohammed Siraj, YS Chahal",2018
2018_14,2018.0,2018-04-18,Rajasthan Royals,Kolkata Knight Riders,Kolkata Knight Riders,Kolkata Knight Riders,field,Sawai Mansingh Stadium,Jaipur,0,7,N Rana,160,8,163,3,complete,M Nayyar,A Deshmukh,S Ravi,C Shamshuddin,K Srinath,20,"AM Rahane, DJM Short, SV Samson, RA Tripathi, BA Stokes, JC Buttler, K Gowtham, S Gopal, DS Kulkarni, JD Unadkat, B Laughlin","SP Narine, CA Lynn, RV Uthappa, N Rana, KD Karthik, AD Russell, Shubman Gill, TK Curran, PP Chawla, Shivam Mavi, Kuldeep Yadav",2018
2018_15,2018.0,2018-04-19,Punjab Kings,Sunrisers Hyderabad,Punjab Kings,Punjab Kings,bat,Punjab Cricket Association IS Bindra Stadium,Chandigarh,15,0,CH Gayle,193,3,178,5,complete,S Chaturvedi,AK Chaudhary,NJ Llong,VA Kulkarni,R Pandit,20,"KL Rahul, CH Gayle, MA Agarwal, KK Nair, AJ Finch, Yuvraj Singh, R Ashwin, AJ Tye, BB Sran, MM Sharma, Mujeeb Ur Rahman","WP Saha, S Dhawan, KS Williamson, YK Pathan, MK Pandey, DJ Hooda, Shakib Al Hasan, CJ Jordan, B Kumar, Rashid Khan, S Kaul",2018
2018_16,2018.0,2018-04-20,Chennai Super Kings,Rajasthan Royals,Chennai Super Kings,Rajasthan Royals,field,Maharashtra Cricket Association Stadium,Pune,64,0,SR Watson,204,5,140,10,complete,J Srinath,KN Ananthapadmanabhan,Nitin Menon,RJ Tucker,N Pandit,20,"SR Watson, AT Rayudu, SK Raina, MS Dhoni, SW Billings, DJ Bravo, RA Jadeja, DL Chahar, KV Sharma, SN Thakur, Imran Tahir","AM Rahane, H Klaasen, SV Samson, BA Stokes, JC Buttler, RA Tripathi, STR Binny, K Gowtham, S Gopal, JD Unadkat, B Laughlin",2018
2018_17,2018.0,2018-04-21,Delhi Capitals,Royal Challengers Bengaluru,Royal Challengers Bengaluru,Royal Challengers Bengaluru,field,M.Chinnaswamy Stadium,Bengaluru,0,6,AB de Villiers,174,5,176,4,complete,RB Richardson,CB Gaffaney,CK Nandan,A Nand Kishore,UV Gandhe,20,"JJ Roy, G Gambhir, SS Iyer, RR Pant, GJ Maxwell, R Tewatia, CH Morris, V Shankar, S Nadeem, HV Patel, TA Boult","Q de Kock, M Vohra, V Kohli, AB de Villiers, CJ Anderson, Mandeep Singh, Washington Sundar, CR Woakes, UT Yadav, Mohammed Siraj, YS Chahal",2018
2018_18,2018.0,2018-04-21,Kolkata Knight Riders,Punjab Kings,Punjab Kings,Punjab Kings,field,Eden Gardens,Kolkata,0,9,KL Rahul,191,7,126,1,complete,M Nayyar,A Deshmukh,C Shamshuddin,S Ravi,K Srinath,20,"CA Lynn, SP Narine, RV Uthappa, N Rana, KD Karthik, AD Russell, Shubman Gill, TK Curran, PP Chawla, Shivam Mavi, Kuldeep Yadav","KL Rahul, CH Gayle, MA Agarwal, KK Nair, AJ Finch, Yuvraj Singh, R Ashwin, AJ Tye, BB Sran, Mujeeb Ur Rahman, AS Rajpoot",2018
2018_19,2018.0,2018-04-22,Mumbai Indians,Rajasthan Royals,Rajasthan Royals,Mumbai Indians,bat,Sawai Mansingh Stadium,Jaipur,0,3,JC Archer,167,7,168,7,complete,J Srinath,KN Ananthapadmanabhan,RJ Tucker,Nitin Menon,HAS Khalid,20,"SA Yadav, E Lewis, Ishan Kishan, KA Pollard, RG Sharma, KH Pandya, HH Pandya, MJ McClenaghan, M Markande, JJ Bumrah, Mustafizur Rahman","AM Rahane, RA Tripathi, SV Samson, BA Stokes, JC Buttler, H Klaasen, JC Archer, K Gowtham, JD Unadkat, DS Kulkarni, S Gopal",2018
2018_2,2018.0,2018-04-08,Royal Challengers Bengaluru,Kolkata Knight Riders,Kolkata Knight Riders,Kolkata Knight Riders,field,Eden Gardens,Kolkata,0,4,SP Narine,176,7,177,6,complete,V Narayan Kutty,A Deshmukh,C Shamshuddin,S Ravi,K Srinath,20,"BB McCullum, Q de Kock, V Kohli, AB de Villiers, SN Khan, Mandeep Singh, CR Woakes, Washington Sundar, UT Yadav, K Khejroliya, YS Chahal","SP Narine, CA Lynn, RV Uthappa, N Rana, KD Karthik, RK Singh, AD Russell, R Vinay Kumar, PP Chawla, MG Johnson, Kuldeep Yadav",2018
2018_20,2018.0,2018-04-22,Chennai Super Kings,Sunrisers Hyderabad,Chennai Super Kings,Sunrisers Hyderabad,field,Rajiv Gandhi International Stadium,Hyderabad,4,0,AT Rayudu,182,3,178,6,complete,S Chaturvedi,AK Chaudhary,VA Kulkarni,NJ Llong,R Pandit,20,"SR Watson, F du Plessis, SK Raina, AT Rayudu, MS Dhoni, SW Billings, DJ Bravo, RA Jadeja, DL Chahar, KV Sharma, SN Thakur","RK Bhui, KS Williamson, MK Pandey, DJ Hooda, Shakib Al Hasan, YK Pathan, WP Saha, Rashid Khan, B Kumar, B Stanlake, S Kaul",2018
2018_21,2018.0,2018-04-23,Punjab Kings,Delhi Capitals,Punjab Kings,Delhi Capitals,field,Arun Jaitley Stadium,Delhi,4,0,AS Rajpoot,143,8,139,8,complete,RB Richardson,A Nand Kishore,CK Nandan,CB Gaffaney,GR Sadashiv Iyer,20,"KL Rahul, AJ Finch, MA Agarwal, KK Nair, Yuvraj Singh, DA Miller, R Ashwin, AJ Tye, BB Sran, AS Rajpoot, Mujeeb Ur Rahman","PP Shaw, G Gambhir, GJ Maxwell, SS Iyer, RR Pant, DT Christian, R Tewatia, LE Plunkett, A Mishra, Avesh Khan, TA Boult",2018
2018_22,2018.0,2018-04-24,Sunrisers Hyderabad,Mumbai Indians,Sunrisers Hyderabad,Mumbai Indians,field,Wankhede Stadium,Mumbai,31,0,Rashid Khan,118,10,87,10,complete,V Narayan Kutty,C Shamshuddin,S Ravi,A Deshmukh,K Srinath,20,"S Dhawan, KS Williamson, WP Saha, MK Pandey, Shakib Al Hasan, YK Pathan, Mohammad Nabi, Rashid Khan, Basil Thampi, S Kaul, Sandeep Sharma","SA Yadav, E Lewis, Ishan Kishan, RG Sharma, KH Pandya, KA Pollard, HH Pandya, MJ McClenaghan, M Markande, JJ Bumrah, Mustafizur Rahman",2018
2018_23,2018.0,2018-04-25,Royal Challengers Bengaluru,Chennai Super Kings,Chennai Super Kings,Chennai Super Kings,field,M.Chinnaswamy Stadium,Bengaluru,0,5,MS Dhoni,205,8,207,5,complete,S Chaturvedi,NJ Llong,VK Sharma,AK Chaudhary,N Pandit,20,"Q de Kock, V Kohli, AB de Villiers, CJ Anderson, Mandeep Singh, C de Grandhomme, P Negi, Washington Sundar, UT Yadav, Mohammed Siraj, YS Chahal","SR Watson, AT Rayudu, SK Raina, SW Billings, RA Jadeja, MS Dhoni, DJ Bravo, Harbhajan Singh, DL Chahar, SN Thakur, Imran Tahir",2018
2018_24,2018.0,2018-04-26,Sunrisers Hyderabad,Punjab Kings,Sunrisers Hyderabad,Punjab Kings,field,Rajiv Gandhi International Stadium,Hyderabad,13,0,AS Rajpoot,132,6,119,10,complete,J Srinath,CK Nandan,YC Barde,RJ Tucker,GR Sadashiv Iyer,20,"S Dhawan, KS Williamson, WP Saha, MK Pandey, Shakib Al Hasan, YK Pathan, Mohammad Nabi, Rashid Khan, Basil Thampi, S Kaul, Sandeep Sharma","KL Rahul, CH Gayle, MA Agarwal, KK Nair, AJ Finch, MK Tiwary, R Ashwin, AJ Tye, BB Sran, AS Rajpoot, Mujeeb Ur Rahman",2018
2018_25,2018.0,2018-04-27,Delhi Capitals,Kolkata Knight Riders,Delhi Capitals,Kolkata Knight Riders,field,Arun Jaitley Stadium,Delhi,55,0,SS Iyer,219,4,164,9,complete,RB Richardson,C Shamshuddin,S Ravi,A Nand Kishore,UV Gandhe,20,"PP Shaw, C Munro, SS Iyer, RR Pant, GJ Maxwell, V Shankar, R Tewatia, LE Plunkett, A Mishra, Avesh Khan, TA Boult","CA Lynn, SP Narine, RV Uthappa, N Rana, KD Karthik, Shubman Gill, AD Russell, Shivam Mavi, PP Chawla, MG Johnson, Kuldeep Yadav",2018
2018_26,2018.0,2018-04-28,Chennai Super Kings,Mumbai Indians,Mumbai Indians,Mumbai Indians,field,Maharashtra Cricket Association Stadium,Pune,0,8,RG Sharma,169,5,170,2,complete,V Narayan Kutty,CB Gaffaney,Nitin Menon,AY Dandekar,HAS Khalid,20,"SR Watson, AT Rayudu, SK Raina, MS Dhoni, DJ Bravo, SW Billings, RA Jadeja, Harbhajan Singh, DL Chahar, SN Thakur, Imran Tahir","SA Yadav, E Lewis, RG Sharma, HH Pandya, Ishan Kishan, JP Duminy, KH Pandya, BCJ Cutting, MJ McClenaghan, M Markande, JJ Bumrah",2018
2018_27,2018.0,2018-04-29,Royal Challengers Bengaluru,Kolkata Knight Riders,Kolkata Knight Riders,Kolkata Knight Riders,field,M.Chinnaswamy Stadium,Bengaluru,0,6,CA Lynn,175,4,176,5,complete,M Nayyar,AK Chaudhary,NJ Llong,VK Sharma,R Pandit,20,"Q de Kock, BB McCullum, V Kohli, M Vohra, Mandeep Singh, C de Grandhomme, M Ashwin, TG Southee, UT Yadav, YS Chahal, Mohammed Siraj","CA Lynn, SP Narine, RV Uthappa, N Rana, AD Russell, KD Karthik, Shubman Gill, Shivam Mavi, PP Chawla, MG Johnson, Kuldeep Yadav",2018
2018_28,2018.0,2018-04-29,Sunrisers Hyderabad,Rajasthan Royals,Sunrisers Hyderabad,Sunrisers Hyderabad,bat,Sawai Mansingh Stadium,Jaipur,11,0,KS Williamson,151,7,140,6,complete,AJ Pycroft,BNJ Oxenford,A Nand Kishore,S Ravi,GR Sadashiv Iyer,20,"AD Hales, S Dhawan, KS Williamson, MK Pandey, Shakib Al Hasan, YK Pathan, WP Saha, Rashid Khan, Basil Thampi, Sandeep Sharma, S Kaul","AM Rahane, RA Tripathi, SV Samson, BA Stokes, JC Buttler, MK Lomror, K Gowtham, JC Archer, DS Kulkarni, IS Sodhi, JD Unadkat",2018
2018_29,2018.0,2018-04-30,Chennai Super Kings,Delhi Capitals,Chennai Super Kings,Delhi Capitals,field,Maharashtra Cricket Association Stadium,Pune,13,0,SR Watson,211,4,198,5,complete,V Narayan Kutty,AY Dandekar,C Shamshuddin,CK Nandan,HAS Khalid,20,"SR Watson, F du Plessis, SK Raina, AT Rayudu, MS Dhoni, RA Jadeja, DJ Bravo, KV Sharma, Harbhajan Singh, KM Asif, L Ngidi","PP Shaw, C Munro, SS Iyer, RR Pant, GJ Maxwell, V Shankar, R Tewatia, LE Plunkett, A Mishra, Avesh Khan, TA Boult",2018
2018_3,2018.0,2018-04-09,Rajasthan Royals,Sunrisers Hyderabad,Sunrisers Hyderabad,Sunrisers Hyderabad,field,Rajiv Gandhi International Stadium,Hyderabad,0,9,S Dhawan,125,9,127,1,complete,S Chaturvedi,NJ Llong,VA Kulkarni,CK Nandan,R Pandit,20,"AM Rahane, DJM Short, SV Samson, BA Stokes, RA Tripathi, JC Buttler, K Gowtham, S Gopal, DS Kulkarni, JD Unadkat, B Laughlin","WP Saha, S Dhawan, KS Williamson, MK Pandey, DJ Hooda, YK Pathan, Shakib Al Hasan, Rashid Khan, B Kumar, B Stanlake, S Kaul",2018
2018_30,2018.0,2018-05-01,Royal Challengers Bengaluru,Mumbai Indians,Royal Challengers Bengaluru,Mumbai Indians,field,M.Chinnaswamy Stadium,Bengaluru,14,0,TG Southee,167,7,153,7,complete,J Srinath,M Erasmus,Nitin Menon,YC Barde,N Pandit,20,"M Vohra, Q de Kock, BB McCullum, V Kohli, Mandeep Singh, C de Grandhomme, Washington Sundar, TG Southee, UT Yadav, YS Chahal, Mohammed Siraj","SA Yadav, Ishan Kishan, JP Duminy, RG Sharma, KA Pollard, HH Pandya, KH Pandya, BCJ Cutting, MJ McClenaghan, M Markande, JJ Bumrah",2018
2018_31,2018.0,2018-05-02,Delhi Capitals,Rajasthan Royals,Delhi Capitals,Rajasthan Royals,field,Arun Jaitley Stadium,Delhi,4,0,RR Pant,196,6,146,5,complete,AJ Pycroft,CK Nandan,VK Sharma,BNJ Oxenford,GR Sadashiv Iyer,20,"PP Shaw, C Munro, SS Iyer, RR Pant, GJ Maxwell, V Shankar, LE Plunkett, A Mishra, S Nadeem, Avesh Khan, TA Boult","DJM Short, JC Buttler, SV Samson, BA Stokes, RA Tripathi, K Gowtham, JC Archer, AM Rahane, JD Unadkat, DS Kulkarni, S Gopal",2018
2018_32,2018.0,2018-05-03,Chennai Super Kings,Kolkata Knight Riders,Kolkata Knight Riders,Kolkata Knight Riders,field,Eden Gardens,Kolkata,0,6,SP Narine,177,5,180,4,complete,V Narayan Kutty,A Deshmukh,HDPK Dharmasena,AK Chaudhary,R Pandit,20,"SR Watson, F du Plessis, SK Raina, AT Rayudu, MS Dhoni, RA Jadeja, KV Sharma, DJ Bravo, Harbhajan Singh, KM Asif, L Ngidi","CA Lynn, SP Narine, RV Uthappa, Shubman Gill, RK Singh, KD Karthik, AD Russell, Shivam Mavi, PP Chawla, MG Johnson, Kuldeep Yadav",2018
2018_33,2018.0,2018-05-04,Punjab Kings,Mumbai Indians,Mumbai Indians,Mumbai Indians,field,Holkar Cricket Stadium,Indore,0,6,SA Yadav,174,6,176,4,complete,M Nayyar,AY Dandekar,S Ravi,C Shamshuddin,HAS Khalid,20,"KL Rahul, CH Gayle, Yuvraj Singh, KK Nair, AR Patel, MP Stoinis, MA Agarwal, R Ashwin, AJ Tye, Mujeeb Ur Rahman, AS Rajpoot","SA Yadav, E Lewis, Ishan Kishan, HH Pandya, RG Sharma, KH Pandya, JP Duminy, BCJ Cutting, MJ McClenaghan, M Markande, JJ Bumrah",2018
2018_34,2018.0,2018-05-05,Royal Challengers Bengaluru,Chennai Super Kings,Chennai Super Kings,Chennai Super Kings,field,Maharashtra Cricket Association Stadium,Pune,0,6,RA Jadeja,127,9,128,4,complete,J Srinath,Nitin Menon,YC Barde,M Erasmus,N Pandit,20,"PA Patel, BB McCullum, V Kohli, AB de Villiers, Mandeep Singh, C de Grandhomme, M Ashwin, TG Southee, UT Yadav, Mohammed Siraj, YS Chahal","SR Watson, AT Rayudu, SK Raina, DR Shorey, MS Dhoni, DJ Bravo, RA Jadeja, DJ Willey, Harbhajan Singh, L Ngidi, SN Thakur",2018
2018_35,2018.0,2018-05-05,Delhi Capitals,Sunrisers Hyderabad,Sunrisers Hyderabad,Delhi Capitals,bat,Rajiv Gandhi International Stadium,Hyderabad,0,7,Rashid Khan,163,5,164,3,complete,AJ Pycroft,BNJ Oxenford,CK Nandan,VK Sharma,GR Sadashiv Iyer,20,"PP Shaw, GJ Maxwell, SS Iyer, RR Pant, NV Ojha, V Shankar, DT Christian, LE Plunkett, A Mishra, Avesh Khan, TA Boult","AD Hales, S Dhawan, KS Williamson, MK Pandey, YK Pathan, Shakib Al Hasan, WP Saha, B Kumar, Rashid Khan, S Kaul, Sandeep Sharma",2018
2018_36,2018.0,2018-05-06,Rajasthan Royals,Punjab Kings,Punjab Kings,Punjab Kings,field,Holkar Cricket Stadium,Indore,0,6,Mujeeb Ur Rahman,152,9,155,4,complete,M Nayyar,C Shamshuddin,S Ravi,AY Dandekar,HAS Khalid,20,"JC Buttler, DJM Short, AM Rahane, SV Samson, BA Stokes, RA Tripathi, JC Archer, K Gowtham, S Gopal, JD Unadkat, Anureet Singh","KL Rahul, CH Gayle, MA Agarwal, KK Nair, AR Patel, MP Stoinis, MK Tiwary, R Ashwin, Mujeeb Ur Rahman, AS Rajpoot, AJ Tye",2018
2018_37,2018.0,2018-05-06,Mumbai Indians,Kolkata Knight Riders,Mumbai Indians,Kolkata Knight Riders,field,Wankhede Stadium,Mumbai,13,0,HH Pandya,181,4,168,6,complete,V Narayan Kutty,A Deshmukh,HDPK Dharmasena,AK Chaudhary,R Pandit,20,"SA Yadav, E Lewis, RG Sharma, HH Pandya, KH Pandya, JP Duminy, Ishan Kishan, BCJ Cutting, MJ McClenaghan, M Markande, JJ Bumrah","CA Lynn, Shubman Gill, RV Uthappa, N Rana, KD Karthik, AD Russell, SP Narine, PP Chawla, MG Johnson, M Prasidh Krishna, Kuldeep Yadav",2018
2018_38,2018.0,2018-05-07,Sunrisers Hyderabad,Royal Challengers Bengaluru,Sunrisers Hyderabad,Royal Challengers Bengaluru,field,Rajiv Gandhi International Stadium,Hyderabad,5,0,KS Williamson,146,10,141,6,complete,AJ Pycroft,BNJ Oxenford,VK Sharma,CK Nandan,GR Sadashiv Iyer,20,"AD Hales, S Dhawan, KS Williamson, MK Pandey, Shakib Al Hasan, YK Pathan, WP Saha, Rashid Khan, B Kumar, S Kaul, Sandeep Sharma","M Vohra, PA Patel, V Kohli, AB de Villiers, MM Ali, Mandeep Singh, C de Grandhomme, TG Southee, UT Yadav, Mohammed Siraj, YS Chahal",2018
2018_39,2018.0,2018-05-08,Rajasthan Royals,Punjab Kings,Rajasthan Royals,Rajasthan Royals,bat,Sawai Mansingh Stadium,Jaipur,15,0,JC Buttler,158,8,143,7,complete,J Srinath,M Erasmus,Nitin Menon,YC Barde,N Pandit,20,"AM Rahane, JC Buttler, K Gowtham, SV Samson, BA Stokes, STR Binny, MK Lomror, JC Archer, JD Unadkat, IS Sodhi, Anureet Singh","KL Rahul, CH Gayle, R Ashwin, KK Nair, AD Nath, MK Tiwary, AR Patel, MP Stoinis, AJ Tye, MM Sharma, Mujeeb Ur Rahman",2018
2018_4,2018.0,2018-04-10,Kolkata Knight Riders,Chennai Super Kings,Chennai Super Kings,Chennai Super Kings,field,MA Chidambaram Stadium,Chennai,0,5,SW Billings,202,6,205,5,complete,RB Richardson,AK Chaudhary,CB Gaffaney,A Nand Kishore,UV Gandhe,20,"CA Lynn, SP Narine, RV Uthappa, N Rana, KD Karthik, RK Singh, AD Russell, TK Curran, R Vinay Kumar, Kuldeep Yadav, PP Chawla","SR Watson, AT Rayudu, SK Raina, MS Dhoni, SW Billings, RA Jadeja, DJ Bravo, DL Chahar, Harbhajan Singh, SN Thakur, Imran Tahir",2018
2018_40,2018.0,2018-05-09,Mumbai Indians,Kolkata Knight Riders,Mumbai Indians,Kolkata Knight Riders,field,Eden Gardens,Kolkata,102,0,Ishan Kishan,210,6,108,10,complete,Prakash Bhatt,KN Ananthapadmanabhan,AK Chaudhary,HDPK Dharmasena,R Pandit,20,"SA Yadav, E Lewis, RG Sharma, Ishan Kishan, HH Pandya, BCJ Cutting, KH Pandya, JP Duminy, MJ McClenaghan, M Markande, JJ Bumrah","SP Narine, CA Lynn, RV Uthappa, N Rana, AD Russell, KD Karthik, RK Singh, TK Curran, PP Chawla, Kuldeep Yadav, M Prasidh Krishna",2018
2018_41,2018.0,2018-05-10,Delhi Capitals,Sunrisers Hyderabad,Sunrisers Hyderabad,Delhi Capitals,bat,Arun Jaitley Stadium,Delhi,0,9,S Dhawan,187,5,191,1,complete,M Nayyar,AY Dandekar,C Shamshuddin,S Ravi,HAS Khalid,20,"PP Shaw, JJ Roy, SS Iyer, RR Pant, HV Patel, GJ Maxwell, V Shankar, LE Plunkett, S Nadeem, A Mishra, TA Boult","AD Hales, S Dhawan, KS Williamson, MK Pandey, Shakib Al Hasan, YK Pathan, SP Goswami, Rashid Khan, B Kumar, S Kaul, Sandeep Sharma",2018
2018_42,2018.0,2018-05-11,Chennai Super Kings,Rajasthan Royals,Rajasthan Royals,Chennai Super Kings,bat,Sawai Mansingh Stadium,Jaipur,0,4,JC Buttler,176,4,177,6,complete,J Srinath,M Erasmus,YC Barde,Nitin Menon,N Pandit,20,"SR Watson, AT Rayudu, SK Raina, MS Dhoni, SW Billings, DJ Bravo, RA Jadeja, DJ Willey, Harbhajan Singh, SN Thakur, KV Sharma","JC Buttler, BA Stokes, AM Rahane, SV Samson, P Chopra, STR Binny, K Gowtham, JC Archer, Ankit Sharma, JD Unadkat, IS Sodhi",2018
2018_43,2018.0,2018-05-12,Delhi Capitals,Royal Challengers Bengaluru,Royal Challengers Bengaluru,Royal Challengers Bengaluru,field,Arun Jaitley Stadium,Delhi,0,5,AB de Villiers,181,4,187,5,complete,Prakash Bhatt,KN Ananthapadmanabhan,HDPK Dharmasena,AK Chaudhary,K Srinath,20,"PP Shaw, JJ Roy, SS Iyer, RR Pant, V Shankar, Abhishek Sharma, HV Patel, A Mishra, S Lamichhane, CJ Dala, TA Boult","PA Patel, MM Ali, V Kohli, AB de Villiers, Mandeep Singh, SN Khan, C de Grandhomme, TG Southee, UT Yadav, Mohammed Siraj, YS Chahal",2018
2018_44,2018.0,2018-05-12,Kolkata Knight Riders,Punjab Kings,Kolkata Knight Riders,Punjab Kings,field,Holkar Cricket Stadium,Indore,31,0,SP Narine,245,6,214,8,complete,AJ Pycroft,CK Nandan,VK Sharma,BNJ Oxenford,GR Sadashiv Iyer,20,"CA Lynn, SP Narine, RV Uthappa, AD Russell, KD Karthik, N Rana, Shubman Gill, JPR Scantlebury-Searles, PP Chawla, Kuldeep Yadav, M Prasidh Krishna","KL Rahul, CH Gayle, MA Agarwal, KK Nair, AJ Finch, AR Patel, R Ashwin, AJ Tye, BB Sran, MM Sharma, Mujeeb Ur Rahman",2018
2018_45,2018.0,2018-05-13,Sunrisers Hyderabad,Chennai Super Kings,Chennai Super Kings,Chennai Super Kings,field,Maharashtra Cricket Association Stadium,Pune,0,8,AT Rayudu,179,4,180,2,complete,M Nayyar,M Erasmus,YC Barde,AY Dandekar,HAS Khalid,20,"S Dhawan, AD Hales, KS Williamson, MK Pandey, DJ Hooda, Shakib Al Hasan, SP Goswami, Rashid Khan, B Kumar, S Kaul, Sandeep Sharma","SR Watson, AT Rayudu, SK Raina, MS Dhoni, SW Billings, DJ Bravo, RA Jadeja, DJ Willey, Harbhajan Singh, DL Chahar, SN Thakur",2018
2018_46,2018.0,2018-05-13,Mumbai Indians,Rajasthan Royals,Rajasthan Royals,Rajasthan Royals,field,Wankhede Stadium,Mumbai,0,7,JC Buttler,168,6,171,3,complete,J Srinath,Nitin Menon,S Ravi,C Shamshuddin,UV Gandhe,20,"SA Yadav, E Lewis, RG Sharma, Ishan Kishan, HH Pandya, KH Pandya, BCJ Cutting, JP Duminy, MJ McClenaghan, M Markande, JJ Bumrah","DJM Short, JC Buttler, AM Rahane, SV Samson, BA Stokes, STR Binny, JC Archer, K Gowtham, S Gopal, JD Unadkat, DS Kulkarni",2018
2018_47,2018.0,2018-05-14,Punjab Kings,Royal Challengers Bengaluru,Royal Challengers Bengaluru,Royal Challengers Bengaluru,field,Holkar Cricket Stadium,Indore,0,10,UT Yadav,88,10,92,0,complete,AJ Pycroft,BNJ Oxenford,VK Sharma,CK Nandan,GR Sadashiv Iyer,20,"KL Rahul, CH Gayle, KK Nair, AJ Finch, MP Stoinis, MA Agarwal, AR Patel, R Ashwin, AJ Tye, MM Sharma, AS Rajpoot","V Kohli, PA Patel, MM Ali, AB de Villiers, Mandeep Singh, SN Khan, C de Grandhomme, TG Southee, UT Yadav, Mohammed Siraj, YS Chahal",2018
2018_48,2018.0,2018-05-15,Rajasthan Royals,Kolkata Knight Riders,Kolkata Knight Riders,Kolkata Knight Riders,field,Eden Gardens,Kolkata,0,6,Kuldeep Yadav,142,10,145,4,complete,M Nayyar,AK Chaudhary,HDPK Dharmasena,VA Kulkarni,K Srinath,20,"RA Tripathi, JC Buttler, AM Rahane, SV Samson, BA Stokes, STR Binny, K Gowtham, JD Unadkat, IS Sodhi, JC Archer, Anureet Singh","SP Narine, CA Lynn, RV Uthappa, N Rana, KD Karthik, AD Russell, Shubman Gill, Shivam Mavi, JPR Scantlebury-Searles, Kuldeep Yadav, M Prasidh Krishna",2018
2018_49,2018.0,2018-05-16,Mumbai Indians,Punjab Kings,Mumbai Indians,Punjab Kings,field,Wankhede Stadium,Mumbai,3,0,JJ Bumrah,186,8,183,5,complete,J Srinath,M Erasmus,Nitin Menon,YC Barde,UV Gandhe,20,"SA Yadav, E Lewis, Ishan Kishan, RG Sharma, KH Pandya, KA Pollard, HH Pandya, BCJ Cutting, MJ McClenaghan, M Markande, JJ Bumrah","KL Rahul, CH Gayle, AJ Finch, MP Stoinis, AR Patel, Yuvraj Singh, MK Tiwary, R Ashwin, AJ Tye, MM Sharma, AS Rajpoot",2018
2018_5,2018.0,2018-04-11,Rajasthan Royals,Delhi Capitals,Rajasthan Royals,Delhi Capitals,field,Sawai Mansingh Stadium,Jaipur,10,0,SV Samson,153,5,60,4,complete,J Srinath,KN Ananthapadmanabhan,Nitin Menon,RJ Tucker,N Pandit,20,"AM Rahane, DJM Short, BA Stokes, SV Samson, JC Buttler, RA Tripathi, K Gowtham, S Gopal, DS Kulkarni, JD Unadkat, B Laughlin","GJ Maxwell, C Munro, RR Pant, CH Morris, V Shankar, SS Iyer, G Gambhir, R Tewatia, S Nadeem, TA Boult, Mohammed Shami",2018
2018_50,2018.0,2018-05-17,Royal Challengers Bengaluru,Sunrisers Hyderabad,Royal Challengers Bengaluru,Sunrisers Hyderabad,field,M.Chinnaswamy Stadium,Bengaluru,14,0,AB de Villiers,218,6,204,3,complete,Prakash Bhatt,AY Dandekar,S Ravi,C Shamshuddin,HAS Khalid,20,"PA Patel, V Kohli, AB de Villiers, MM Ali, C de Grandhomme, Mandeep Singh, SN Khan, TG Southee, UT Yadav, Mohammed Siraj, YS Chahal","S Dhawan, AD Hales, KS Williamson, MK Pandey, DJ Hooda, Shakib Al Hasan, SP Goswami, Rashid Khan, S Kaul, Sandeep Sharma, Basil Thampi",2018
2018_51,2018.0,2018-05-18,Delhi Capitals,Chennai Super Kings,Delhi Capitals,Chennai Super Kings,field,Arun Jaitley Stadium,Delhi,34,0,HV Patel,162,5,128,6,complete,M Nayyar,HDPK Dharmasena,VA Kulkarni,CK Nandan,K Srinath,20,"PP Shaw, SS Iyer, RR Pant, GJ Maxwell, V Shankar, Abhishek Sharma, HV Patel, A Mishra, S Lamichhane, TA Boult, Avesh Khan","SR Watson, AT Rayudu, SK Raina, MS Dhoni, SW Billings, RA Jadeja, DJ Bravo, DL Chahar, Harbhajan Singh, SN Thakur, L Ngidi",2018
2018_52,2018.0,2018-05-19,Sunrisers Hyderabad,Kolkata Knight Riders,Kolkata Knight Riders,Sunrisers Hyderabad,bat,Rajiv Gandhi International Stadium,Hyderabad,0,5,CA Lynn,172,9,173,5,complete,Prakash Bhatt,AK Chaudhary,S Ravi,AY Dandekar,HAS Khalid,20,"S Dhawan, SP Goswami, KS Williamson, MK Pandey, YK Pathan, CR Brathwaite, Shakib Al Hasan, Rashid Khan, B Kumar, S Kaul, Sandeep Sharma","CA Lynn, SP Narine, RV Uthappa, KD Karthik, AD Russell, N Rana, Shubman Gill, PP Chawla, JPR Scantlebury-Searles, Kuldeep Yadav, M Prasidh Krishna",2018
2018_53,2018.0,2018-05-19,Rajasthan Royals,Royal Challengers Bengaluru,Rajasthan Royals,Rajasthan Royals,bat,Sawai Mansingh Stadium,Jaipur,30,0,S Gopal,164,5,134,10,complete,AJ Pycroft,BNJ Oxenford,VK Sharma,C Shamshuddin,GR Sadashiv Iyer,20,"RA Tripathi, JC Archer, AM Rahane, SV Samson, H Klaasen, K Gowtham, STR Binny, S Gopal, IS Sodhi, JD Unadkat, B Laughlin","V Kohli, PA Patel, AB de Villiers, MM Ali, Mandeep Singh, C de Grandhomme, SN Khan, TG Southee, UT Yadav, Mohammed Siraj, YS Chahal",2018
2018_54,2018.0,2018-05-20,Delhi Capitals,Mumbai Indians,Delhi Capitals,Delhi Capitals,bat,Arun Jaitley Stadium,Delhi,11,0,A Mishra,174,4,163,10,complete,M Nayyar,HDPK Dharmasena,CK Nandan,VA Kulkarni,K Srinath,20,"PP Shaw, GJ Maxwell, SS Iyer, RR Pant, V Shankar, Abhishek Sharma, HV Patel, A Mishra, S Lamichhane, TA Boult, LE Plunkett","SA Yadav, E Lewis, Ishan Kishan, KA Pollard, RG Sharma, KH Pandya, HH Pandya, BCJ Cutting, M Markande, JJ Bumrah, Mustafizur Rahman",2018
2018_55,2018.0,2018-05-20,Punjab Kings,Chennai Super Kings,Chennai Super Kings,Chennai Super Kings,field,Maharashtra Cricket Association Stadium,Pune,0,5,L Ngidi,153,10,159,5,complete,J Srinath,Nitin Menon,YC Barde,M Erasmus,UV Gandhe,20,"KL Rahul, CH Gayle, AJ Finch, MK Tiwary, DA Miller, KK Nair, AR Patel, R Ashwin, AJ Tye, MM Sharma, AS Rajpoot","AT Rayudu, F du Plessis, SK Raina, SW Billings, Harbhajan Singh, DL Chahar, MS Dhoni, DJ Bravo, RA Jadeja, SN Thakur, L Ngidi",2018
2018_56,2018.0,2018-05-22,Sunrisers Hyderabad,Chennai Super Kings,Chennai Super Kings,Chennai Super Kings,field,Wankhede Stadium,Mumbai,0,2,F du Plessis,139,7,140,8,complete,AJ Pycroft,C Shamshuddin,M Erasmus,S Ravi,YC Barde,20,"S Dhawan, SP Goswami, KS Williamson, MK Pandey, Shakib Al Hasan, YK Pathan, CR Brathwaite, B Kumar, Rashid Khan, S Kaul, Sandeep Sharma","SR Watson, F du Plessis, SK Raina, AT Rayudu, MS Dhoni, DJ Bravo, RA Jadeja, DL Chahar, Harbhajan Singh, SN Thakur, L Ngidi",2018
2018_57,2018.0,2018-05-23,Kolkata Knight Riders,Rajasthan Royals,Kolkata Knight Riders,Rajasthan Royals,field,Eden Gardens,Kolkata,25,0,AD Russell,169,7,144,4,complete,J Srinath,AK Chaudhary,Nitin Menon,HDPK Dharmasena,A Nand Kishore,20,"SP Narine, CA Lynn, RV Uthappa, N Rana, KD Karthik, Shubman Gill, AD Russell, JPR Scantlebury-Searles, PP Chawla, Kuldeep Yadav, M Prasidh Krishna","AM Rahane, RA Tripathi, SV Samson, H Klaasen, STR Binny, K Gowtham, JC Archer, S Gopal, IS Sodhi, JD Unadkat, B Laughlin",2018
2018_58,2018.0,2018-05-25,Sunrisers Hyderabad,Kolkata Knight Riders,Sunrisers Hyderabad,Kolkata Knight Riders,field,Eden Gardens,Kolkata,14,0,Rashid Khan,174,7,160,9,complete,J Srinath,HDPK Dharmasena,Nitin Menon,AK Chaudhary,A Nand Kishore,20,"WP Saha, S Dhawan, KS Williamson, Shakib Al Hasan, DJ Hooda, YK Pathan, CR Brathwaite, Rashid Khan, B Kumar, S Kaul, KK Ahmed","CA Lynn, SP Narine, N Rana, RV Uthappa, KD Karthik, Shubman Gill, AD Russell, PP Chawla, Shivam Mavi, Kuldeep Yadav, M Prasidh Krishna",2018
2018_59,2018.0,2018-05-27,Sunrisers Hyderabad,Chennai Super Kings,Chennai Super Kings,Chennai Super Kings,field,Wankhede Stadium,Mumbai,0,8,SR Watson,178,6,181,2,complete,AJ Pycroft,M Erasmus,S Ravi,Nitin Menon,YC Barde,20,"SP Goswami, S Dhawan, KS Williamson, Shakib Al Hasan, YK Pathan, DJ Hooda, CR Brathwaite, Rashid Khan, B Kumar, S Kaul, Sandeep Sharma","SR Watson, F du Plessis, SK Raina, AT Rayudu, MS Dhoni, DJ Bravo, RA Jadeja, DL Chahar, KV Sharma, SN Thakur, L Ngidi",2018
2018_6,2018.0,2018-04-12,Mumbai Indians,Sunrisers Hyderabad,Sunrisers Hyderabad,Sunrisers Hyderabad,field,Rajiv Gandhi International Stadium,Hyderabad,0,1,Rashid Khan,147,8,151,9,complete,S Chaturvedi,CK Nandan,NJ Llong,VA Kulkarni,R Pandit,20,"RG Sharma, E Lewis, Ishan Kishan, SA Yadav, KH Pandya, KA Pollard, BCJ Cutting, PJ Sangwan, M Markande, JJ Bumrah, Mustafizur Rahman","WP Saha, S Dhawan, KS Williamson, MK Pandey, Shakib Al Hasan, DJ Hooda, YK Pathan, Rashid Khan, S Kaul, Sandeep Sharma, B Stanlake",2018
2018_7,2018.0,2018-04-13,Punjab Kings,Royal Challengers Bengaluru,Royal Challengers Bengaluru,Royal Challengers Bengaluru,field,M.Chinnaswamy Stadium,Bengaluru,0,4,UT Yadav,155,10,159,6,complete,V Narayan Kutty,A Deshmukh,S Ravi,C Shamshuddin,K Srinath,20,"KL Rahul, MA Agarwal, AJ Finch, Yuvraj Singh, KK Nair, MP Stoinis, AR Patel, R Ashwin, AJ Tye, MM Sharma, Mujeeb Ur Rahman","Q de Kock, BB McCullum, V Kohli, AB de Villiers, SN Khan, Mandeep Singh, CR Woakes, Washington Sundar, UT Yadav, K Khejroliya, YS Chahal",2018
2018_8,2018.0,2018-04-14,Mumbai Indians,Delhi Capitals,Delhi Capitals,Delhi Capitals,field,Wankhede Stadium,Mumbai,0,7,JJ Roy,194,7,195,3,complete,J Srinath,KN Ananthapadmanabhan,Nitin Menon,RJ Tucker,N Pandit,20,"SA Yadav, E Lewis, Ishan Kishan, RG Sharma, KA Pollard, KH Pandya, HH Pandya, A Dananjaya, M Markande, JJ Bumrah, Mustafizur Rahman","JJ Roy, G Gambhir, RR Pant, GJ Maxwell, SS Iyer, V Shankar, DT Christian, R Tewatia, S Nadeem, Mohammed Shami, TA Boult",2018
2018_9,2018.0,2018-04-14,Kolkata Knight Riders,Sunrisers Hyderabad,Sunrisers Hyderabad,Sunrisers Hyderabad,field,Eden Gardens,Kolkata,0,5,B Stanlake,138,8,139,5,complete,RB Richardson,AK Chaudhary,A Nand Kishore,CB Gaffaney,UV Gandhe,20,"RV Uthappa, CA Lynn, N Rana, SP Narine, KD Karthik, AD Russell, Shubman Gill, Shivam Mavi, MG Johnson, PP Chawla, Kuldeep Yadav","WP Saha, S Dhawan, KS Williamson, MK Pandey, Shakib Al Hasan, DJ Hooda, YK Pathan, B Kumar, Rashid Khan, S Kaul, B Stanlake",2018
2019_0,2019.0,2019-03-23,Royal Challengers Bengaluru,Chennai Super Kings,Chennai Super Kings,Chennai Super Kings,field,MA Chidambaram Stadium,Chennai,0,7,Harbhajan Singh,70,10,71,3,complete,J Srinath,AY Dandekar,BNJ Oxenford,Nitin Menon,HAS Khalid,20,"V Kohli, PA Patel, MM Ali, AB de Villiers, SO Hetmyer, S Dube, C de Grandhomme, Navdeep Saini, YS Chahal, UT Yadav, Mohammed Siraj","SR Watson, AT Rayudu, SK Raina, KM Jadhav, RA Jadeja, MS Dhoni, DJ Bravo, DL Chahar, SN Thakur, Harbhajan Singh, Imran Tahir",2019
2019_1,2019.0,2019-03-24,Delhi Capitals,Mumbai Indians,Delhi Capitals,Mumbai Indians,field,Wankhede Stadium,Mumbai,37,0,RR Pant,213,6,176,9,complete,M Nayyar,S Ravi,YC Barde,CK Nandan,BK Ravi,20,"PP Shaw, S Dhawan, SS Iyer, CA Ingram, RR Pant, KMA Paul, AR Patel, R Tewatia, K Rabada, TA Boult, I Sharma","RG Sharma, Q de Kock, SA Yadav, Yuvraj Singh, KA Pollard, HH Pandya, KH Pandya, BCJ Cutting, MJ McClenaghan, Rasikh Salam, JJ Bumrah",2019
2019_10,2019.0,2019-03-31,Sunrisers Hyderabad,Royal Challengers Bengaluru,Sunrisers Hyderabad,Royal Challengers Bengaluru,field,Rajiv Gandhi International Stadium,Hyderabad,118,0,JM Bairstow,231,2,113,10,complete,Chinmay Sharma,KN Ananthapadmanabhan,S Ravi,C Shamshuddin,K Srinath,20,"JM Bairstow, DA Warner, V Shankar, YK Pathan, MK Pandey, DJ Hooda, Mohammad Nabi, Rashid Khan, B Kumar, Sandeep Sharma, S Kaul","PA Patel, SO Hetmyer, V Kohli, AB de Villiers, MM Ali, S Dube, C de Grandhomme, P Ray Barman, UT Yadav, Mohammed Siraj, YS Chahal",2019
2019_11,2019.0,2019-03-31,Chennai Super Kings,Rajasthan Royals,Chennai Super Kings,Rajasthan Royals,field,MA Chidambaram Stadium,Chennai,8,0,MS Dhoni,175,5,167,8,complete,M Nayyar,CK Nandan,YC Barde,BNJ Oxenford,BK Ravi,20,"AT Rayudu, SR Watson, SK Raina, KM Jadhav, MS Dhoni, DJ Bravo, RA Jadeja, DL Chahar, SN Thakur, MJ Santner, Imran Tahir","AM Rahane, JC Buttler, SV Samson, RA Tripathi, SPD Smith, BA Stokes, K Gowtham, JC Archer, S Gopal, JD Unadkat, DS Kulkarni",2019
2019_12,2019.0,2019-04-01,Punjab Kings,Delhi Capitals,Punjab Kings,Delhi Capitals,field,Punjab Cricket Association IS Bindra Stadium,Chandigarh,14,0,SM Curran,166,9,152,10,complete,V Narayan Kutty,AK Chaudhary,CB Gaffaney,VA Kulkarni,GR Sadashiv Iyer,20,"KL Rahul, SM Curran, MA Agarwal, SN Khan, DA Miller, Mandeep Singh, GC Viljoen, R Ashwin, M Ashwin, Mohammed Shami, Mujeeb Ur Rahman","PP Shaw, S Dhawan, SS Iyer, RR Pant, CA Ingram, CH Morris, GH Vihari, HV Patel, K Rabada, Avesh Khan, S Lamichhane",2019
2019_13,2019.0,2019-04-02,Royal Challengers Bengaluru,Rajasthan Royals,Rajasthan Royals,Rajasthan Royals,field,Sawai Mansingh Stadium,Jaipur,0,7,S Gopal,158,4,164,3,complete,J Srinath,AY Dandekar,M Erasmus,Nitin Menon,HAS Khalid,20,"V Kohli, PA Patel, AB de Villiers, SO Hetmyer, MP Stoinis, MM Ali, AD Nath, UT Yadav, Navdeep Saini, YS Chahal, Mohammed Siraj","AM Rahane, JC Buttler, SPD Smith, RA Tripathi, BA Stokes, STR Binny, K Gowtham, JC Archer, S Gopal, VR Aaron, DS Kulkarni",2019
2019_14,2019.0,2019-04-03,Mumbai Indians,Chennai Super Kings,Mumbai Indians,Chennai Super Kings,field,Wankhede Stadium,Mumbai,37,0,HH Pandya,170,5,133,8,complete,M Nayyar,BNJ Oxenford,RJ Tucker,YC Barde,BK Ravi,20,"Q de Kock, RG Sharma, SA Yadav, Yuvraj Singh, KH Pandya, HH Pandya, KA Pollard, JP Behrendorff, RD Chahar, SL Malinga, JJ Bumrah","SR Watson, AT Rayudu, SK Raina, KM Jadhav, MS Dhoni, RA Jadeja, DJ Bravo, DL Chahar, SN Thakur, MM Sharma, Imran Tahir",2019
2019_15,2019.0,2019-04-04,Delhi Capitals,Sunrisers Hyderabad,Sunrisers Hyderabad,Sunrisers Hyderabad,field,Arun Jaitley Stadium,Delhi,0,5,JM Bairstow,129,8,131,5,complete,Chinmay Sharma,C Shamshuddin,KN Ananthapadmanabhan,S Ravi,K Srinath,20,"PP Shaw, S Dhawan, SS Iyer, RR Pant, R Tewatia, CA Ingram, CH Morris, AR Patel, K Rabada, I Sharma, S Lamichhane","DA Warner, JM Bairstow, V Shankar, MK Pandey, DJ Hooda, YK Pathan, Mohammad Nabi, Rashid Khan, B Kumar, Sandeep Sharma, S Kaul",2019
2019_16,2019.0,2019-04-05,Royal Challengers Bengaluru,Kolkata Knight Riders,Kolkata Knight Riders,Kolkata Knight Riders,field,M.Chinnaswamy Stadium,Bengaluru,0,5,AD Russell,205,3,206,5,complete,V Narayan Kutty,AK Chaudhary,CB Gaffaney,CK Nandan,GR Sadashiv Iyer,20,"PA Patel, V Kohli, AB de Villiers, MP Stoinis, MM Ali, AD Nath, P Negi, Navdeep Saini, TG Southee, YS Chahal, Mohammed Siraj","CA Lynn, SP Narine, RV Uthappa, N Rana, KD Karthik, AD Russell, Shubman Gill, PP Chawla, Kuldeep Yadav, M Prasidh Krishna, LH Ferguson",2019
2019_17,2019.0,2019-04-06,Mumbai Indians,Sunrisers Hyderabad,Mumbai Indians,Sunrisers Hyderabad,field,Rajiv Gandhi International Stadium,Hyderabad,40,0,AS Joseph,136,7,96,10,complete,J Srinath,AY Dandekar,Nitin Menon,M Erasmus,HAS Khalid,20,"RG Sharma, Q de Kock, SA Yadav, Ishan Kishan, KH Pandya, KA Pollard, HH Pandya, RD Chahar, AS Joseph, JP Behrendorff, JJ Bumrah","DA Warner, JM Bairstow, V Shankar, MK Pandey, DJ Hooda, YK Pathan, Mohammad Nabi, Rashid Khan, B Kumar, S Kaul, Sandeep Sharma",2019
2019_18,2019.0,2019-04-06,Chennai Super Kings,Punjab Kings,Chennai Super Kings,Chennai Super Kings,bat,MA Chidambaram Stadium,Chennai,22,0,Harbhajan Singh,160,3,138,5,complete,Chinmay Sharma,KN Ananthapadmanabhan,RJ Tucker,C Shamshuddin,K Srinath,20,"SR Watson, F du Plessis, SK Raina, MS Dhoni, AT Rayudu, KM Jadhav, SC Kuggeleijn, RA Jadeja, Harbhajan Singh, DL Chahar, Imran Tahir","KL Rahul, CH Gayle, MA Agarwal, SN Khan, DA Miller, Mandeep Singh, SM Curran, R Ashwin, Mohammed Shami, AJ Tye, M Ashwin",2019
2019_19,2019.0,2019-04-07,Royal Challengers Bengaluru,Delhi Capitals,Delhi Capitals,Delhi Capitals,field,M.Chinnaswamy Stadium,Bengaluru,0,4,K Rabada,149,8,152,6,complete,M Nayyar,S Ravi,YC Barde,CK Nandan,BK Ravi,20,"PA Patel, V Kohli, AB de Villiers, MP Stoinis, MM Ali, AD Nath, P Negi, TG Southee, Mohammed Siraj, YS Chahal, Navdeep Saini","PP Shaw, S Dhawan, SS Iyer, CA Ingram, RR Pant, CH Morris, AR Patel, R Tewatia, K Rabada, I Sharma, S Lamichhane",2019
2019_2,2019.0,2019-03-24,Sunrisers Hyderabad,Kolkata Knight Riders,Kolkata Knight Riders,Kolkata Knight Riders,field,Eden Gardens,Kolkata,0,6,AD Russell,181,3,183,4,complete,V Narayan Kutty,AK Chaudhary,CB Gaffaney,VA Kulkarni,GR Sadashiv Iyer,20,"DA Warner, JM Bairstow, V Shankar, YK Pathan, MK Pandey, DJ Hooda, Shakib Al Hasan, Rashid Khan, B Kumar, Sandeep Sharma, S Kaul","CA Lynn, N Rana, RV Uthappa, KD Karthik, AD Russell, Shubman Gill, SP Narine, PP Chawla, Kuldeep Yadav, LH Ferguson, M Prasidh Krishna",2019
2019_20,2019.0,2019-04-07,Rajasthan Royals,Kolkata Knight Riders,Kolkata Knight Riders,Kolkata Knight Riders,field,Sawai Mansingh Stadium,Jaipur,0,8,HF Gurney,139,3,140,2,complete,V Narayan Kutty,AK Chaudhary,CB Gaffaney,BNJ Oxenford,GR Sadashiv Iyer,20,"AM Rahane, JC Buttler, SPD Smith, RA Tripathi, BA Stokes, P Chopra, K Gowtham, JC Archer, S Gopal, S Midhun, DS Kulkarni","CA Lynn, SP Narine, RV Uthappa, Shubman Gill, N Rana, KD Karthik, AD Russell, PP Chawla, Kuldeep Yadav, HF Gurney, M Prasidh Krishna",2019
2019_21,2019.0,2019-04-08,Sunrisers Hyderabad,Punjab Kings,Punjab Kings,Punjab Kings,field,Punjab Cricket Association IS Bindra Stadium,Chandigarh,0,6,KL Rahul,150,4,151,4,complete,J Srinath,AY Dandekar,M Erasmus,Nitin Menon,HAS Khalid,20,"DA Warner, JM Bairstow, V Shankar, Mohammad Nabi, MK Pandey, DJ Hooda, YK Pathan, Rashid Khan, B Kumar, S Kaul, Sandeep Sharma","KL Rahul, CH Gayle, MA Agarwal, DA Miller, Mandeep Singh, SM Curran, SN Khan, R Ashwin, Mohammed Shami, Mujeeb Ur Rahman, AS Rajpoot",2019
2019_22,2019.0,2019-04-09,Kolkata Knight Riders,Chennai Super Kings,Chennai Super Kings,Chennai Super Kings,field,MA Chidambaram Stadium,Chennai,0,7,DL Chahar,108,9,111,3,complete,Prakash Bhatt,C Shamshuddin,RJ Tucker,UV Gandhe,K Srinath,20,"CA Lynn, SP Narine, RV Uthappa, N Rana, KD Karthik, Shubman Gill, AD Russell, PP Chawla, Kuldeep Yadav, M Prasidh Krishna, HF Gurney","SR Watson, F du Plessis, SK Raina, AT Rayudu, KM Jadhav, MS Dhoni, SC Kuggeleijn, RA Jadeja, Harbhajan Singh, DL Chahar, Imran Tahir",2019
2019_23,2019.0,2019-04-10,Punjab Kings,Mumbai Indians,Mumbai Indians,Mumbai Indians,field,Wankhede Stadium,Mumbai,0,3,KA Pollard,197,4,198,7,complete,M Nayyar,S Ravi,YC Barde,CK Nandan,K Srinivasan,20,"KL Rahul, CH Gayle, DA Miller, KK Nair, SM Curran, Mandeep Singh, SN Khan, GC Viljoen, R Ashwin, Mohammed Shami, AS Rajpoot","Q de Kock, SD Lad, SA Yadav, KA Pollard, Ishan Kishan, HH Pandya, KH Pandya, AS Joseph, RD Chahar, JP Behrendorff, JJ Bumrah",2019
2019_24,2019.0,2019-04-11,Rajasthan Royals,Chennai Super Kings,Chennai Super Kings,Chennai Super Kings,field,Sawai Mansingh Stadium,Jaipur,0,4,MS Dhoni,151,7,155,6,complete,Prakash Bhatt,BNJ Oxenford,UV Gandhe,CB Gaffaney,GR Sadashiv Iyer,20,"AM Rahane, JC Buttler, SV Samson, SPD Smith, RA Tripathi, BA Stokes, R Parag, JC Archer, S Gopal, JD Unadkat, DS Kulkarni","SR Watson, F du Plessis, SK Raina, AT Rayudu, KM Jadhav, MS Dhoni, RA Jadeja, MJ Santner, DL Chahar, SN Thakur, Imran Tahir",2019
2019_25,2019.0,2019-04-12,Kolkata Knight Riders,Delhi Capitals,Delhi Capitals,Delhi Capitals,field,Eden Gardens,Kolkata,0,7,S Dhawan,178,7,180,3,complete,M Nayyar,CK Nandan,YC Barde,RJ Tucker,BK Ravi,20,"JL Denly, Shubman Gill, RV Uthappa, N Rana, AD Russell, KD Karthik, CR Brathwaite, PP Chawla, Kuldeep Yadav, LH Ferguson, M Prasidh Krishna","PP Shaw, S Dhawan, SS Iyer, RR Pant, CA Ingram, CH Morris, AR Patel, KMA Paul, R Tewatia, K Rabada, I Sharma",2019
2019_26,2019.0,2019-04-13,Mumbai Indians,Rajasthan Royals,Rajasthan Royals,Rajasthan Royals,field,Wankhede Stadium,Mumbai,0,4,JC Buttler,187,5,188,6,complete,J Srinath,A Nand Kishore,Nitin Menon,M Erasmus,N Pandit,20,"RG Sharma, Q de Kock, SA Yadav, KA Pollard, HH Pandya, Ishan Kishan, KH Pandya, AS Joseph, RD Chahar, JP Behrendorff, JJ Bumrah","AM Rahane, JC Buttler, SV Samson, SPD Smith, RA Tripathi, LS Livingstone, S Gopal, K Gowtham, JC Archer, JD Unadkat, DS Kulkarni",2019
2019_27,2019.0,2019-04-13,Punjab Kings,Royal Challengers Bengaluru,Royal Challengers Bengaluru,Royal Challengers Bengaluru,field,Punjab Cricket Association IS Bindra Stadium,Chandigarh,0,8,AB de Villiers,173,4,174,2,complete,Prakash Bhatt,S Ravi,UV Gandhe,NJ Llong,K Srinath,20,"KL Rahul, CH Gayle, MA Agarwal, SN Khan, SM Curran, Mandeep Singh, N Pooran, AJ Tye, R Ashwin, Mohammed Shami, M Ashwin","PA Patel, V Kohli, AB de Villiers, MP Stoinis, MM Ali, AD Nath, P Negi, UT Yadav, Mohammed Siraj, YS Chahal, Navdeep Saini",2019
2019_28,2019.0,2019-04-14,Kolkata Knight Riders,Chennai Super Kings,Chennai Super Kings,Chennai Super Kings,field,Eden Gardens,Kolkata,0,5,Imran Tahir,161,8,162,5,complete,M Nayyar,CK Nandan,RJ Tucker,YC Barde,BK Ravi,20,"CA Lynn, SP Narine, N Rana, RV Uthappa, KD Karthik, AD Russell, Shubman Gill, PP Chawla, Kuldeep Yadav, M Prasidh Krishna, HF Gurney","SR Watson, F du Plessis, SK Raina, AT Rayudu, KM Jadhav, MS Dhoni, RA Jadeja, MJ Santner, Imran Tahir, SN Thakur, DL Chahar",2019
2019_29,2019.0,2019-04-14,Delhi Capitals,Sunrisers Hyderabad,Delhi Capitals,Sunrisers Hyderabad,field,Rajiv Gandhi International Stadium,Hyderabad,39,0,KMA Paul,155,7,116,10,complete,V Narayan Kutty,AK Chaudhary,BNJ Oxenford,CB Gaffaney,GR Sadashiv Iyer,20,"PP Shaw, S Dhawan, C Munro, SS Iyer, RR Pant, CH Morris, AR Patel, KMA Paul, K Rabada, A Mishra, I Sharma","DA Warner, JM Bairstow, KS Williamson, RK Bhui, V Shankar, DJ Hooda, Abhishek Sharma, Rashid Khan, B Kumar, Sandeep Sharma, KK Ahmed",2019
2019_3,2019.0,2019-03-25,Punjab Kings,Rajasthan Royals,Punjab Kings,Rajasthan Royals,field,Sawai Mansingh Stadium,Jaipur,14,0,CH Gayle,184,4,170,9,complete,Chinmay Sharma,C Shamshuddin,KN Ananthapadmanabhan,BNJ Oxenford,K Srinath,20,"KL Rahul, CH Gayle, MA Agarwal, SN Khan, N Pooran, Mandeep Singh, SM Curran, R Ashwin, Mohammed Shami, Mujeeb Ur Rahman, AS Rajpoot","AM Rahane, JC Buttler, SV Samson, SPD Smith, BA Stokes, RA Tripathi, K Gowtham, JC Archer, JD Unadkat, S Gopal, DS Kulkarni",2019
2019_30,2019.0,2019-04-15,Royal Challengers Bengaluru,Mumbai Indians,Mumbai Indians,Mumbai Indians,field,Wankhede Stadium,Mumbai,0,5,SL Malinga,171,7,172,5,complete,J Srinath,M Erasmus,Nitin Menon,A Nand Kishore,N Pandit,20,"PA Patel, V Kohli, AB de Villiers, MM Ali, MP Stoinis, AD Nath, P Negi, UT Yadav, Mohammed Siraj, YS Chahal, Navdeep Saini","Q de Kock, RG Sharma, SA Yadav, Ishan Kishan, KH Pandya, HH Pandya, KA Pollard, JP Behrendorff, RD Chahar, JJ Bumrah, SL Malinga",2019
2019_31,2019.0,2019-04-16,Punjab Kings,Rajasthan Royals,Punjab Kings,Rajasthan Royals,field,Punjab Cricket Association IS Bindra Stadium,Chandigarh,12,0,R Ashwin,182,6,170,7,complete,AJ Pycroft,AK Chaudhary,VA Kulkarni,S Ravi,K Srinivasan,20,"KL Rahul, CH Gayle, MA Agarwal, DA Miller, N Pooran, Mandeep Singh, R Ashwin, Mujeeb Ur Rahman, Mohammed Shami, M Ashwin, Arshdeep Singh","RA Tripathi, JC Buttler, SV Samson, AM Rahane, AJ Turner, JC Archer, STR Binny, S Gopal, JD Unadkat, DS Kulkarni, IS Sodhi",2019
2019_32,2019.0,2019-04-17,Chennai Super Kings,Sunrisers Hyderabad,Sunrisers Hyderabad,Chennai Super Kings,bat,Rajiv Gandhi International Stadium,Hyderabad,0,6,DA Warner,132,5,137,4,complete,Prakash Bhatt,IJ Gould,UV Gandhe,C Shamshuddin,BK Ravi,20,"SR Watson, F du Plessis, SK Raina, AT Rayudu, KM Jadhav, SW Billings, RA Jadeja, KV Sharma, Imran Tahir, SN Thakur, DL Chahar","DA Warner, JM Bairstow, KS Williamson, V Shankar, DJ Hooda, YK Pathan, Rashid Khan, B Kumar, Sandeep Sharma, S Nadeem, KK Ahmed",2019
2019_33,2019.0,2019-04-18,Mumbai Indians,Delhi Capitals,Mumbai Indians,Mumbai Indians,bat,Arun Jaitley Stadium,Delhi,40,0,HH Pandya,168,5,128,9,complete,J Srinath,BNJ Oxenford,NJ Llong,AK Chaudhary,N Pandit,20,"RG Sharma, Q de Kock, BCJ Cutting, SA Yadav, KH Pandya, HH Pandya, KA Pollard, RD Chahar, J Yadav, JJ Bumrah, SL Malinga","PP Shaw, S Dhawan, C Munro, SS Iyer, RR Pant, AR Patel, CH Morris, KMA Paul, K Rabada, A Mishra, I Sharma",2019
2019_34,2019.0,2019-04-19,Royal Challengers Bengaluru,Kolkata Knight Riders,Royal Challengers Bengaluru,Kolkata Knight Riders,field,Eden Gardens,Kolkata,10,0,V Kohli,213,4,203,5,complete,AJ Pycroft,IJ Gould,Nitin Menon,AY Dandekar,K Srinath,20,"PA Patel, V Kohli, AD Nath, MM Ali, MP Stoinis, H Klaasen, P Negi, DW Steyn, Mohammed Siraj, YS Chahal, Navdeep Saini","CA Lynn, SP Narine, Shubman Gill, RV Uthappa, N Rana, AD Russell, KD Karthik, PP Chawla, Kuldeep Yadav, HF Gurney, M Prasidh Krishna",2019
2019_35,2019.0,2019-04-20,Punjab Kings,Delhi Capitals,Delhi Capitals,Delhi Capitals,field,Arun Jaitley Stadium,Delhi,0,5,SS Iyer,163,7,166,5,complete,Prakash Bhatt,C Shamshuddin,UV Gandhe,BNJ Oxenford,N Pandit,20,"KL Rahul, CH Gayle, MA Agarwal, DA Miller, Mandeep Singh, SM Curran, R Ashwin, Harpreet Brar, GC Viljoen, M Ashwin, Mohammed Shami","PP Shaw, S Dhawan, SS Iyer, RR Pant, CA Ingram, AR Patel, SE Rutherford, A Mishra, K Rabada, I Sharma, S Lamichhane",2019
2019_36,2019.0,2019-04-20,Mumbai Indians,Rajasthan Royals,Rajasthan Royals,Rajasthan Royals,field,Sawai Mansingh Stadium,Jaipur,0,5,SPD Smith,161,5,162,5,complete,M Nayyar,S Ravi,YC Barde,CK Nandan,K Srinivasan,20,"Q de Kock, RG Sharma, SA Yadav, HH Pandya, KA Pollard, BCJ Cutting, KH Pandya, RD Chahar, JJ Bumrah, SL Malinga, M Markande","AM Rahane, SV Samson, SPD Smith, BA Stokes, R Parag, AJ Turner, STR Binny, JC Archer, S Gopal, JD Unadkat, DS Kulkarni",2019
2019_37,2019.0,2019-04-21,Kolkata Knight Riders,Sunrisers Hyderabad,Sunrisers Hyderabad,Sunrisers Hyderabad,field,Rajiv Gandhi International Stadium,Hyderabad,0,9,KK Ahmed,159,8,161,1,complete,AJ Pycroft,NJ Llong,Nitin Menon,IJ Gould,K Srinath,20,"CA Lynn, SP Narine, Shubman Gill, N Rana, KD Karthik, RK Singh, AD Russell, PP Chawla, Y Prithvi Raj, KC Cariappa, HF Gurney","DA Warner, JM Bairstow, KS Williamson, V Shankar, YK Pathan, DJ Hooda, Rashid Khan, B Kumar, S Nadeem, KK Ahmed, Sandeep Sharma",2019
2019_38,2019.0,2019-04-21,Royal Challengers Bengaluru,Chennai Super Kings,Royal Challengers Bengaluru,Chennai Super Kings,field,M.Chinnaswamy Stadium,Bengaluru,1,0,PA Patel,161,7,160,8,complete,J Srinath,RJ Tucker,VA Kulkarni,AK Chaudhary,BK Ravi,20,"PA Patel, V Kohli, AB de Villiers, AD Nath, MP Stoinis, MM Ali, P Negi, UT Yadav, DW Steyn, Navdeep Saini, YS Chahal","SR Watson, F du Plessis, SK Raina, AT Rayudu, KM Jadhav, MS Dhoni, RA Jadeja, DJ Bravo, SN Thakur, DL Chahar, Imran Tahir",2019
2019_39,2019.0,2019-04-22,Rajasthan Royals,Delhi Capitals,Delhi Capitals,Delhi Capitals,field,Sawai Mansingh Stadium,Jaipur,0,6,RR Pant,191,6,193,4,complete,M Nayyar,A Nand Kishore,S Ravi,YC Barde,K Srinath,20,"AM Rahane, SV Samson, SPD Smith, BA Stokes, AJ Turner, STR Binny, R Parag, JC Archer, S Gopal, JD Unadkat, DS Kulkarni","PP Shaw, S Dhawan, SS Iyer, RR Pant, SE Rutherford, CA Ingram, AR Patel, CH Morris, A Mishra, K Rabada, I Sharma",2019
2019_4,2019.0,2019-03-26,Delhi Capitals,Chennai Super Kings,Chennai Super Kings,Delhi Capitals,bat,Arun Jaitley Stadium,Delhi,0,6,SR Watson,147,6,150,4,complete,J Srinath,M Erasmus,Nitin Menon,AY Dandekar,HAS Khalid,20,"PP Shaw, S Dhawan, SS Iyer, RR Pant, CA Ingram, KMA Paul, AR Patel, R Tewatia, K Rabada, I Sharma, A Mishra","SR Watson, AT Rayudu, SK Raina, KM Jadhav, MS Dhoni, DJ Bravo, RA Jadeja, DL Chahar, SN Thakur, Harbhajan Singh, Imran Tahir",2019
2019_40,2019.0,2019-04-23,Sunrisers Hyderabad,Chennai Super Kings,Chennai Super Kings,Chennai Super Kings,field,MA Chidambaram Stadium,Chennai,0,6,SR Watson,175,3,176,4,complete,V Narayan Kutty,AK Chaudhary,NJ Llong,VA Kulkarni,N Pandit,20,"DA Warner, JM Bairstow, MK Pandey, V Shankar, YK Pathan, Shakib Al Hasan, DJ Hooda, Rashid Khan, B Kumar, KK Ahmed, Sandeep Sharma","SR Watson, F du Plessis, SK Raina, AT Rayudu, KM Jadhav, DJ Bravo, MS Dhoni, RA Jadeja, Harbhajan Singh, DL Chahar, Imran Tahir",2019
2019_41,2019.0,2019-04-24,Royal Challengers Bengaluru,Punjab Kings,Royal Challengers Bengaluru,Punjab Kings,field,M.Chinnaswamy Stadium,Bengaluru,17,0,AB de Villiers,202,4,185,7,complete,J Srinath,BNJ Oxenford,C Shamshuddin,RJ Tucker,K Srinivasan,20,"PA Patel, V Kohli, AB de Villiers, MM Ali, AD Nath, MP Stoinis, Washington Sundar, UT Yadav, TG Southee, YS Chahal, Navdeep Saini","KL Rahul, CH Gayle, MA Agarwal, DA Miller, N Pooran, Mandeep Singh, R Ashwin, GC Viljoen, M Ashwin, AS Rajpoot, Mohammed Shami",2019
2019_42,2019.0,2019-04-25,Kolkata Knight Riders,Rajasthan Royals,Rajasthan Royals,Rajasthan Royals,field,Eden Gardens,Kolkata,0,3,VR Aaron,175,6,177,7,complete,AJ Pycroft,AY Dandekar,IJ Gould,Nitin Menon,HAS Khalid,20,"CA Lynn, Shubman Gill, N Rana, KD Karthik, SP Narine, AD Russell, CR Brathwaite, RK Singh, PP Chawla, Y Prithvi Raj, M Prasidh Krishna","AM Rahane, SV Samson, SPD Smith, BA Stokes, R Parag, STR Binny, S Gopal, JC Archer, JD Unadkat, VR Aaron, O Thomas",2019
2019_43,2019.0,2019-04-26,Mumbai Indians,Chennai Super Kings,Mumbai Indians,Chennai Super Kings,field,MA Chidambaram Stadium,Chennai,46,0,RG Sharma,155,4,109,10,complete,V Narayan Kutty,AK Chaudhary,NJ Llong,VA Kulkarni,N Pandit,20,"RG Sharma, Q de Kock, E Lewis, KH Pandya, HH Pandya, KA Pollard, SA Yadav, AS Roy, RD Chahar, JJ Bumrah, SL Malinga","M Vijay, SR Watson, SK Raina, AT Rayudu, KM Jadhav, DR Shorey, DJ Bravo, MJ Santner, DL Chahar, Harbhajan Singh, Imran Tahir",2019
2019_44,2019.0,2019-04-27,Sunrisers Hyderabad,Rajasthan Royals,Rajasthan Royals,Rajasthan Royals,field,Sawai Mansingh Stadium,Jaipur,0,7,JD Unadkat,160,8,161,3,complete,M Nayyar,A Nand Kishore,YC Barde,S Ravi,K Srinivasan,20,"DA Warner, KS Williamson, MK Pandey, V Shankar, Shakib Al Hasan, DJ Hooda, WP Saha, Rashid Khan, B Kumar, S Kaul, KK Ahmed","AM Rahane, LS Livingstone, SV Samson, SPD Smith, AJ Turner, R Parag, STR Binny, S Gopal, JD Unadkat, VR Aaron, O Thomas",2019
2019_45,2019.0,2019-04-28,Kolkata Knight Riders,Mumbai Indians,Kolkata Knight Riders,Mumbai Indians,field,Eden Gardens,Kolkata,34,0,AD Russell,232,2,198,7,complete,AJ Pycroft,IJ Gould,Nitin Menon,AY Dandekar,HAS Khalid,20,"Shubman Gill, CA Lynn, AD Russell, KD Karthik, SP Narine, RV Uthappa, N Rana, RK Singh, PP Chawla, HF Gurney, S Sandeep Warrier","Q de Kock, RG Sharma, E Lewis, SA Yadav, KA Pollard, HH Pandya, KH Pandya, BB Sran, RD Chahar, SL Malinga, JJ Bumrah",2019
2019_46,2019.0,2019-04-28,Delhi Capitals,Royal Challengers Bengaluru,Delhi Capitals,Delhi Capitals,bat,Arun Jaitley Stadium,Delhi,16,0,S Dhawan,187,5,171,7,complete,J Srinath,BNJ Oxenford,KN Ananthapadmanabhan,C Shamshuddin,N Pandit,20,"PP Shaw, S Dhawan, SS Iyer, RR Pant, CA Ingram, SE Rutherford, AR Patel, S Lamichhane, A Mishra, K Rabada, I Sharma","PA Patel, V Kohli, AB de Villiers, S Dube, H Klaasen, Gurkeerat Singh, MP Stoinis, Washington Sundar, UT Yadav, YS Chahal, Navdeep Saini",2019
2019_47,2019.0,2019-04-29,Sunrisers Hyderabad,Punjab Kings,Sunrisers Hyderabad,Punjab Kings,field,Rajiv Gandhi International Stadium,Hyderabad,45,0,DA Warner,212,6,167,8,complete,M Nayyar,CK Nandan,S Ravi,A Nand Kishore,K Srinivasan,20,"DA Warner, WP Saha, MK Pandey, Mohammad Nabi, KS Williamson, Rashid Khan, V Shankar, Abhishek Sharma, B Kumar, KK Ahmed, Sandeep Sharma","KL Rahul, CH Gayle, MA Agarwal, N Pooran, DA Miller, R Ashwin, P Simran Singh, M Ashwin, Mujeeb Ur Rahman, Mohammed Shami, Arshdeep Singh",2019
2019_48,2019.0,2019-04-30,Royal Challengers Bengaluru,Rajasthan Royals,,Rajasthan Royals,field,M.Chinnaswamy Stadium,Bengaluru,0,0,,62,7,41,1,no result,V Narayan Kutty,NJ Llong,UV Gandhe,AK Chaudhary,GR Sadashiv Iyer,20,"V Kohli, AB de Villiers, MP Stoinis, H Klaasen, Gurkeerat Singh, PA Patel, P Negi, UT Yadav, Navdeep Saini, K Khejroliya, YS Chahal","SV Samson, LS Livingstone, AM Rahane, SPD Smith, R Parag, STR Binny, MK Lomror, S Gopal, JD Unadkat, VR Aaron, O Thomas",2019
2019_49,2019.0,2019-05-01,Chennai Super Kings,Delhi Capitals,Chennai Super Kings,Delhi Capitals,field,MA Chidambaram Stadium,Chennai,80,0,MS Dhoni,179,4,99,10,complete,AJ Pycroft,AY Dandekar,Nitin Menon,IJ Gould,HAS Khalid,20,"F du Plessis, SR Watson, SK Raina, MS Dhoni, RA Jadeja, AT Rayudu, KM Jadhav, DJ Bravo, DL Chahar, Harbhajan Singh, Imran Tahir","PP Shaw, S Dhawan, SS Iyer, RR Pant, CA Ingram, AR Patel, SE Rutherford, CH Morris, J Suchith, A Mishra, TA Boult",2019
2019_5,2019.0,2019-03-27,Kolkata Knight Riders,Punjab Kings,Kolkata Knight Riders,Punjab Kings,field,Eden Gardens,Kolkata,28,0,AD Russell,218,4,190,4,complete,V Narayan Kutty,AK Chaudhary,VA Kulkarni,CB Gaffaney,GR Sadashiv Iyer,20,"CA Lynn, SP Narine, RV Uthappa, N Rana, AD Russell, KD Karthik, Shubman Gill, PP Chawla, Kuldeep Yadav, M Prasidh Krishna, LH Ferguson","KL Rahul, CH Gayle, MA Agarwal, SN Khan, DA Miller, Mandeep Singh, R Ashwin, GC Viljoen, CV Varun, Mohammed Shami, AJ Tye",2019
2019_50,2019.0,2019-05-02,Mumbai Indians,Sunrisers Hyderabad,,Mumbai Indians,bat,Wankhede Stadium,Mumbai,0,0,JJ Bumrah,171,5,170,8,tie,M Nayyar,CK Nandan,S Ravi,A Nand Kishore,K Srinivasan,20,"RG Sharma, Q de Kock, SA Yadav, E Lewis, HH Pandya, KA Pollard, KH Pandya, BB Sran, RD Chahar, SL Malinga, JJ Bumrah","WP Saha, MJ Guptill, MK Pandey, KS Williamson, V Shankar, Abhishek Sharma, Mohammad Nabi, Rashid Khan, B Kumar, KK Ahmed, Basil Thampi",2019
2019_51,2019.0,2019-05-03,Punjab Kings,Kolkata Knight Riders,Kolkata Knight Riders,Kolkata Knight Riders,field,Punjab Cricket Association IS Bindra Stadium,Chandigarh,0,7,Shubman Gill,183,6,185,3,complete,J Srinath,BNJ Oxenford,C Shamshuddin,KN Ananthapadmanabhan,N Pandit,20,"CH Gayle, KL Rahul, MA Agarwal, N Pooran, Mandeep Singh, SM Curran, R Ashwin, AJ Tye, Mohammed Shami, M Ashwin, Arshdeep Singh","Shubman Gill, CA Lynn, RV Uthappa, AD Russell, KD Karthik, SP Narine, N Rana, RK Singh, PP Chawla, HF Gurney, S Sandeep Warrier",2019
2019_52,2019.0,2019-05-04,Sunrisers Hyderabad,Royal Challengers Bengaluru,Royal Challengers Bengaluru,Royal Challengers Bengaluru,field,M.Chinnaswamy Stadium,Bengaluru,0,4,SO Hetmyer,175,7,178,6,complete,V Narayan Kutty,AK Chaudhary,NJ Llong,UV Gandhe,Unknown,20,"WP Saha, MJ Guptill, MK Pandey, KS Williamson, V Shankar, YK Pathan, Mohammad Nabi, Rashid Khan, B Kumar, KK Ahmed, Basil Thampi","PA Patel, V Kohli, AB de Villiers, SO Hetmyer, Gurkeerat Singh, C de Grandhomme, Washington Sundar, UT Yadav, K Khejroliya, YS Chahal, Navdeep Saini",2019
2019_53,2019.0,2019-05-04,Rajasthan Royals,Delhi Capitals,Delhi Capitals,Rajasthan Royals,bat,Arun Jaitley Stadium,Delhi,0,5,A Mishra,115,9,121,5,complete,AJ Pycroft,AY Dandekar,IJ Gould,Nitin Menon,HAS Khalid,20,"AM Rahane, LS Livingstone, SV Samson, MK Lomror, S Gopal, R Parag, STR Binny, K Gowtham, IS Sodhi, VR Aaron, O Thomas","PP Shaw, S Dhawan, SS Iyer, RR Pant, CA Ingram, SE Rutherford, AR Patel, KMA Paul, A Mishra, TA Boult, I Sharma",2019
2019_54,2019.0,2019-05-05,Kolkata Knight Riders,Mumbai Indians,Mumbai Indians,Mumbai Indians,field,Wankhede Stadium,Mumbai,0,9,HH Pandya,133,7,134,1,complete,M Nayyar,A Nand Kishore,CK Nandan,S Ravi,K Srinivasan,20,"Shubman Gill, CA Lynn, RV Uthappa, KD Karthik, AD Russell, N Rana, RK Singh, SP Narine, HF Gurney, M Prasidh Krishna, S Sandeep Warrier","Q de Kock, RG Sharma, SA Yadav, Ishan Kishan, HH Pandya, KA Pollard, KH Pandya, RD Chahar, MJ McClenaghan, SL Malinga, JJ Bumrah",2019
2019_55,2019.0,2019-05-05,Chennai Super Kings,Punjab Kings,Punjab Kings,Punjab Kings,field,Punjab Cricket Association IS Bindra Stadium,Chandigarh,0,6,KL Rahul,170,5,173,4,complete,J Srinath,C Shamshuddin,KN Ananthapadmanabhan,BNJ Oxenford,N Pandit,20,"F du Plessis, SR Watson, SK Raina, MS Dhoni, AT Rayudu, KM Jadhav, DJ Bravo, RA Jadeja, DL Chahar, Harbhajan Singh, Imran Tahir","KL Rahul, CH Gayle, N Pooran, MA Agarwal, Mandeep Singh, SM Curran, R Ashwin, AJ Tye, Mohammed Shami, M Ashwin, Harpreet Brar",2019
2019_56,2019.0,2019-05-07,Chennai Super Kings,Mumbai Indians,Mumbai Indians,Chennai Super Kings,bat,MA Chidambaram Stadium,Chennai,0,6,SA Yadav,131,4,132,4,complete,J Srinath,NJ Llong,Nitin Menon,IJ Gould,CK Nandan,20,"F du Plessis, SR Watson, SK Raina, M Vijay, AT Rayudu, MS Dhoni, RA Jadeja, DJ Bravo, DL Chahar, Harbhajan Singh, Imran Tahir","RG Sharma, Q de Kock, SA Yadav, Ishan Kishan, KH Pandya, HH Pandya, KA Pollard, J Yadav, RD Chahar, SL Malinga, JJ Bumrah",2019
2019_57,2019.0,2019-05-08,Sunrisers Hyderabad,Delhi Capitals,Delhi Capitals,Delhi Capitals,field,Dr. Y.S. Rajasekhara Reddy ACA-VDCA Cricket Stadium,Visakhapatnam,0,2,RR Pant,162,8,165,8,complete,AJ Pycroft,BNJ Oxenford,S Ravi,AK Chaudhary,C Shamshuddin,20,"WP Saha, MJ Guptill, MK Pandey, KS Williamson, V Shankar, Mohammad Nabi, DJ Hooda, Rashid Khan, B Kumar, Basil Thampi, KK Ahmed","PP Shaw, S Dhawan, SS Iyer, RR Pant, C Munro, AR Patel, SE Rutherford, KMA Paul, A Mishra, TA Boult, I Sharma",2019
2019_58,2019.0,2019-05-10,Delhi Capitals,Chennai Super Kings,Chennai Super Kings,Chennai Super Kings,field,Dr. Y.S. Rajasekhara Reddy ACA-VDCA Cricket Stadium,Visakhapatnam,0,6,F du Plessis,147,9,151,4,complete,AJ Pycroft,BNJ Oxenford,S Ravi,C Shamshuddin,AK Chaudhary,20,"PP Shaw, S Dhawan, C Munro, SS Iyer, RR Pant, AR Patel, SE Rutherford, KMA Paul, A Mishra, TA Boult, I Sharma","F du Plessis, SR Watson, SK Raina, AT Rayudu, MS Dhoni, DJ Bravo, RA Jadeja, DL Chahar, Harbhajan Singh, Imran Tahir, SN Thakur",2019
2019_59,2019.0,2019-05-12,Mumbai Indians,Chennai Super Kings,Mumbai Indians,Mumbai Indians,bat,Rajiv Gandhi International Stadium,Hyderabad,1,0,JJ Bumrah,149,8,148,7,complete,J Srinath,IJ Gould,Nitin Menon,NJ Llong,CK Nandan,20,"Q de Kock, RG Sharma, SA Yadav, Ishan Kishan, KH Pandya, KA Pollard, HH Pandya, RD Chahar, MJ McClenaghan, JJ Bumrah, SL Malinga","F du Plessis, SR Watson, SK Raina, AT Rayudu, MS Dhoni, DJ Bravo, RA Jadeja, SN Thakur, DL Chahar, Harbhajan Singh, Imran Tahir",2019
2019_6,2019.0,2019-03-28,Mumbai Indians,Royal Challengers Bengaluru,Mumbai Indians,Royal Challengers Bengaluru,field,M.Chinnaswamy Stadium,Bengaluru,6,0,JJ Bumrah,187,8,181,5,complete,M Nayyar,CK Nandan,S Ravi,YC Barde,BK Ravi,20,"Q de Kock, RG Sharma, SA Yadav, Yuvraj Singh, KA Pollard, KH Pandya, HH Pandya, MJ McClenaghan, M Markande, JJ Bumrah, SL Malinga","PA Patel, MM Ali, V Kohli, AB de Villiers, SO Hetmyer, C de Grandhomme, S Dube, Navdeep Saini, YS Chahal, UT Yadav, Mohammed Siraj",2019
2019_7,2019.0,2019-03-29,Rajasthan Royals,Sunrisers Hyderabad,Sunrisers Hyderabad,Rajasthan Royals,bat,Rajiv Gandhi International Stadium,Hyderabad,0,5,Rashid Khan,198,2,201,5,complete,Chinmay Sharma,BNJ Oxenford,C Shamshuddin,KN Ananthapadmanabhan,K Srinath,20,"AM Rahane, JC Buttler, SV Samson, BA Stokes, SPD Smith, RA Tripathi, K Gowtham, JC Archer, JD Unadkat, S Gopal, DS Kulkarni","DA Warner, JM Bairstow, KS Williamson, V Shankar, MK Pandey, YK Pathan, Rashid Khan, B Kumar, Sandeep Sharma, S Kaul, S Nadeem",2019
2019_8,2019.0,2019-03-30,Kolkata Knight Riders,Delhi Capitals,,Delhi Capitals,field,Arun Jaitley Stadium,Delhi,0,0,PP Shaw,192,9,195,7,tie,J Srinath,AY Dandekar,Nitin Menon,M Erasmus,HAS Khalid,20,"NS Naik, CA Lynn, RV Uthappa, N Rana, KD Karthik, Shubman Gill, AD Russell, PP Chawla, Kuldeep Yadav, M Prasidh Krishna, LH Ferguson","PP Shaw, S Dhawan, SS Iyer, RR Pant, CA Ingram, GH Vihari, HV Patel, CH Morris, A Mishra, S Lamichhane, K Rabada",2019
2019_9,2019.0,2019-03-30,Mumbai Indians,Punjab Kings,Punjab Kings,Punjab Kings,field,Punjab Cricket Association IS Bindra Stadium,Chandigarh,0,8,MA Agarwal,176,7,177,2,complete,V Narayan Kutty,CB Gaffaney,VA Kulkarni,AK Chaudhary,GR Sadashiv Iyer,20,"RG Sharma, Q de Kock, SA Yadav, Yuvraj Singh, KA Pollard, HH Pandya, KH Pandya, MJ McClenaghan, M Markande, SL Malinga, JJ Bumrah","KL Rahul, CH Gayle, MA Agarwal, DA Miller, SN Khan, Mandeep Singh, R Ashwin, GC Viljoen, M Ashwin, Mohammed Shami, AJ Tye",2019
2020_0,2020.0,2020-09-19,Mumbai Indians,Chennai Super Kings,Chennai Super Kings,Chennai Super Kings,field,Sheikh Zayed Stadium,Abu Dhabi,0,5,AT Rayudu,162,9,166,5,complete,M Nayyar,CB Gaffaney,VK Sharma,S Ravi,UV Gandhe,20,"RG Sharma, Q de Kock, SA Yadav, SS Tiwary, HH Pandya, KA Pollard, KH Pandya, JL Pattinson, RD Chahar, TA Boult, JJ Bumrah","M Vijay, SR Watson, F du Plessis, AT Rayudu, RA Jadeja, SM Curran, MS Dhoni, KM Jadhav, PP Chawla, DL Chahar, L Ngidi",2020
2020_1,2020.0,2020-09-20,Delhi Capitals,Punjab Kings,,Punjab Kings,field,Dubai International Cricket Stadium,Unknown,0,0,MP Stoinis,160,8,159,10,tie,J Srinath,AK Chaudhary,Nitin Menon,PR Reiffel,YC Barde,20,"PP Shaw, S Dhawan, SO Hetmyer, SS Iyer, RR Pant, MP Stoinis, AR Patel, R Ashwin, K Rabada, A Nortje, MM Sharma","KL Rahul, MA Agarwal, KK Nair, N Pooran, GJ Maxwell, SN Khan, K Gowtham, CJ Jordan, Mohammed Shami, SS Cottrell, Ravi Bishnoi",2020
2020_10,2020.0,2020-09-29,Sunrisers Hyderabad,Delhi Capitals,Sunrisers Hyderabad,Delhi Capitals,field,Sheikh Zayed Stadium,Abu Dhabi,15,0,Rashid Khan,162,4,147,7,complete,M Nayyar,VK Sharma,S Ravi,CB Gaffaney,PG Pathak,20,"DA Warner, JM Bairstow, MK Pandey, KS Williamson, Abdul Samad, Abhishek Sharma, PK Garg, Rashid Khan, B Kumar, T Natarajan, KK Ahmed","PP Shaw, S Dhawan, SS Iyer, RR Pant, SO Hetmyer, MP Stoinis, AR Patel, K Rabada, A Nortje, A Mishra, I Sharma",2020
2020_11,2020.0,2020-09-30,Kolkata Knight Riders,Rajasthan Royals,Kolkata Knight Riders,Rajasthan Royals,field,Dubai International Cricket Stadium,Unknown,37,0,Shivam Mavi,174,6,137,9,complete,V Narayan Kutty,KN Ananthapadmanabhan,C Shamshuddin,VA Kulkarni,K Srinivasan,20,"Shubman Gill, SP Narine, N Rana, AD Russell, KD Karthik, EJG Morgan, PJ Cummins, KL Nagarkoti, Shivam Mavi, Kuldeep Yadav, CV Varun","JC Buttler, SPD Smith, SV Samson, RV Uthappa, R Parag, R Tewatia, TK Curran, S Gopal, JC Archer, JD Unadkat, AS Rajpoot",2020
2020_12,2020.0,2020-10-01,Mumbai Indians,Punjab Kings,Mumbai Indians,Punjab Kings,field,Sheikh Zayed Stadium,Abu Dhabi,48,0,KA Pollard,191,4,143,8,complete,M Nayyar,VK Sharma,S Ravi,UV Gandhe,PG Pathak,20,"Q de Kock, RG Sharma, SA Yadav, Ishan Kishan, KA Pollard, HH Pandya, KH Pandya, JL Pattinson, RD Chahar, TA Boult, JJ Bumrah","KL Rahul, MA Agarwal, KK Nair, N Pooran, GJ Maxwell, JDS Neesham, SN Khan, K Gowtham, Ravi Bishnoi, Mohammed Shami, SS Cottrell",2020
2020_13,2020.0,2020-10-02,Sunrisers Hyderabad,Chennai Super Kings,Sunrisers Hyderabad,Sunrisers Hyderabad,bat,Dubai International Cricket Stadium,Unknown,7,0,PK Garg,164,5,157,5,complete,Prakash Bhatt,AK Chaudhary,PR Reiffel,YC Barde,AY Dandekar,20,"DA Warner, JM Bairstow, MK Pandey, KS Williamson, PK Garg, Abhishek Sharma, Abdul Samad, Rashid Khan, B Kumar, T Natarajan, KK Ahmed","F du Plessis, SR Watson, AT Rayudu, KM Jadhav, MS Dhoni, RA Jadeja, SM Curran, DJ Bravo, SN Thakur, PP Chawla, DL Chahar",2020
2020_14,2020.0,2020-10-03,Delhi Capitals,Kolkata Knight Riders,Delhi Capitals,Kolkata Knight Riders,field,Sharjah Cricket Stadium,Unknown,18,0,SS Iyer,228,4,210,8,complete,V Narayan Kutty,VA Kulkarni,RK Illingworth,KN Ananthapadmanabhan,K Srinivasan,20,"PP Shaw, S Dhawan, SS Iyer, RR Pant, MP Stoinis, SO Hetmyer, R Ashwin, K Rabada, A Nortje, A Mishra, HV Patel","Shubman Gill, SP Narine, N Rana, AD Russell, KD Karthik, EJG Morgan, PJ Cummins, RA Tripathi, KL Nagarkoti, Shivam Mavi, CV Varun",2020
2020_15,2020.0,2020-10-03,Rajasthan Royals,Royal Challengers Bengaluru,Royal Challengers Bengaluru,Rajasthan Royals,bat,Sheikh Zayed Stadium,Abu Dhabi,0,8,YS Chahal,154,6,158,2,complete,M Nayyar,CB Gaffaney,S Ravi,PG Pathak,UV Gandhe,20,"JC Buttler, SPD Smith, SV Samson, RV Uthappa, MK Lomror, R Parag, R Tewatia, JC Archer, TK Curran, S Gopal, JD Unadkat","D Padikkal, AJ Finch, V Kohli, AB de Villiers, S Dube, Gurkeerat Singh, Washington Sundar, I Udana, Navdeep Saini, YS Chahal, A Zampa",2020
2020_16,2020.0,2020-10-04,Punjab Kings,Chennai Super Kings,Chennai Super Kings,Punjab Kings,bat,Dubai International Cricket Stadium,Unknown,0,10,SR Watson,178,4,181,0,complete,J Srinath,AY Dandekar,Nitin Menon,PR Reiffel,YC Barde,20,"KL Rahul, MA Agarwal, Mandeep Singh, N Pooran, GJ Maxwell, SN Khan, CJ Jordan, Harpreet Brar, Ravi Bishnoi, Mohammed Shami, SS Cottrell","SR Watson, F du Plessis, AT Rayudu, KM Jadhav, MS Dhoni, RA Jadeja, SM Curran, DJ Bravo, PP Chawla, SN Thakur, DL Chahar",2020
2020_17,2020.0,2020-10-04,Mumbai Indians,Sunrisers Hyderabad,Mumbai Indians,Mumbai Indians,bat,Sharjah Cricket Stadium,Unknown,34,0,TA Boult,208,5,174,7,complete,V Narayan Kutty,KN Ananthapadmanabhan,RK Illingworth,K Srinivasan,VA Kulkarni,20,"RG Sharma, Q de Kock, SA Yadav, Ishan Kishan, HH Pandya, KA Pollard, KH Pandya, JL Pattinson, RD Chahar, TA Boult, JJ Bumrah","DA Warner, JM Bairstow, MK Pandey, KS Williamson, PK Garg, Abhishek Sharma, Abdul Samad, Rashid Khan, Sandeep Sharma, S Kaul, T Natarajan",2020
2020_18,2020.0,2020-10-05,Delhi Capitals,Royal Challengers Bengaluru,Delhi Capitals,Royal Challengers Bengaluru,field,Dubai International Cricket Stadium,Unknown,59,0,AR Patel,196,4,137,9,complete,Prakash Bhatt,Nitin Menon,YC Barde,PR Reiffel,AY Dandekar,20,"PP Shaw, S Dhawan, SS Iyer, RR Pant, MP Stoinis, SO Hetmyer, AR Patel, R Ashwin, K Rabada, A Nortje, HV Patel","D Padikkal, AJ Finch, V Kohli, AB de Villiers, MM Ali, Washington Sundar, S Dube, I Udana, Navdeep Saini, Mohammed Siraj, YS Chahal",2020
2020_19,2020.0,2020-10-06,Mumbai Indians,Rajasthan Royals,Mumbai Indians,Mumbai Indians,bat,Sheikh Zayed Stadium,Abu Dhabi,57,0,SA Yadav,193,4,136,10,complete,Shakti Singh,VK Sharma,S Ravi,CB Gaffaney,UV Gandhe,20,"Q de Kock, RG Sharma, SA Yadav, Ishan Kishan, KH Pandya, HH Pandya, KA Pollard, JL Pattinson, RD Chahar, TA Boult, JJ Bumrah","YBK Jaiswal, JC Buttler, SPD Smith, SV Samson, MK Lomror, TK Curran, R Tewatia, JC Archer, S Gopal, AS Rajpoot, Kartik Tyagi",2020
2020_2,2020.0,2020-09-21,Royal Challengers Bengaluru,Sunrisers Hyderabad,Royal Challengers Bengaluru,Sunrisers Hyderabad,field,Dubai International Cricket Stadium,Unknown,10,0,YS Chahal,163,5,153,10,complete,Prakash Bhatt,AY Dandekar,Nitin Menon,AK Chaudhary,YC Barde,20,"D Padikkal, AJ Finch, V Kohli, AB de Villiers, S Dube, JR Philippe, Washington Sundar, UT Yadav, Navdeep Saini, DW Steyn, YS Chahal","DA Warner, JM Bairstow, MK Pandey, PK Garg, V Shankar, Abhishek Sharma, Rashid Khan, B Kumar, Sandeep Sharma, MR Marsh, T Natarajan",2020
2020_20,2020.0,2020-10-07,Kolkata Knight Riders,Chennai Super Kings,Kolkata Knight Riders,Kolkata Knight Riders,bat,Sheikh Zayed Stadium,Abu Dhabi,10,0,RA Tripathi,167,10,157,5,complete,V Narayan Kutty,KN Ananthapadmanabhan,RK Illingworth,C Shamshuddin,K Srinivasan,20,"RA Tripathi, Shubman Gill, N Rana, SP Narine, EJG Morgan, AD Russell, KD Karthik, PJ Cummins, KL Nagarkoti, Shivam Mavi, CV Varun","SR Watson, F du Plessis, AT Rayudu, MS Dhoni, SM Curran, KM Jadhav, RA Jadeja, DJ Bravo, SN Thakur, DL Chahar, KV Sharma",2020
2020_21,2020.0,2020-10-08,Sunrisers Hyderabad,Punjab Kings,Sunrisers Hyderabad,Sunrisers Hyderabad,bat,Dubai International Cricket Stadium,Unknown,69,0,JM Bairstow,201,6,132,10,complete,J Srinath,AK Chaudhary,Nitin Menon,YC Barde,AY Dandekar,20,"DA Warner, JM Bairstow, Abdul Samad, MK Pandey, KS Williamson, PK Garg, Abhishek Sharma, Rashid Khan, Sandeep Sharma, KK Ahmed, T Natarajan","KL Rahul, MA Agarwal, P Simran Singh, N Pooran, GJ Maxwell, Mandeep Singh, Mujeeb Ur Rahman, Ravi Bishnoi, Mohammed Shami, SS Cottrell, Arshdeep Singh",2020
2020_22,2020.0,2020-10-09,Delhi Capitals,Rajasthan Royals,Delhi Capitals,Rajasthan Royals,field,Sharjah Cricket Stadium,Unknown,46,0,R Ashwin,184,8,138,10,complete,V Narayan Kutty,KN Ananthapadmanabhan,C Shamshuddin,VA Kulkarni,K Srinivasan,20,"PP Shaw, S Dhawan, SS Iyer, RR Pant, MP Stoinis, SO Hetmyer, HV Patel, AR Patel, K Rabada, R Ashwin, A Nortje","YBK Jaiswal, JC Buttler, SPD Smith, SV Samson, MK Lomror, R Tewatia, AJ Tye, JC Archer, S Gopal, Kartik Tyagi, VR Aaron",2020
2020_23,2020.0,2020-10-10,Kolkata Knight Riders,Punjab Kings,Kolkata Knight Riders,Kolkata Knight Riders,bat,Sheikh Zayed Stadium,Abu Dhabi,2,0,KD Karthik,164,6,162,5,complete,M Nayyar,UV Gandhe,CB Gaffaney,VK Sharma,PG Pathak,20,"RA Tripathi, Shubman Gill, N Rana, EJG Morgan, KD Karthik, AD Russell, PJ Cummins, SP Narine, KL Nagarkoti, M Prasidh Krishna, CV Varun","KL Rahul, MA Agarwal, N Pooran, P Simran Singh, GJ Maxwell, Mandeep Singh, CJ Jordan, Ravi Bishnoi, Mohammed Shami, Arshdeep Singh, Mujeeb Ur Rahman",2020
2020_24,2020.0,2020-10-10,Royal Challengers Bengaluru,Chennai Super Kings,Royal Challengers Bengaluru,Royal Challengers Bengaluru,bat,Dubai International Cricket Stadium,Unknown,37,0,V Kohli,169,4,132,8,complete,J Srinath,AK Chaudhary,PR Reiffel,AY Dandekar,YC Barde,20,"D Padikkal, AJ Finch, V Kohli, AB de Villiers, Washington Sundar, S Dube, Gurkeerat Singh, CH Morris, I Udana, Navdeep Saini, YS Chahal","SR Watson, F du Plessis, AT Rayudu, N Jagadeesan, MS Dhoni, SM Curran, RA Jadeja, DJ Bravo, DL Chahar, SN Thakur, KV Sharma",2020
2020_25,2020.0,2020-10-11,Sunrisers Hyderabad,Rajasthan Royals,Rajasthan Royals,Sunrisers Hyderabad,bat,Dubai International Cricket Stadium,Unknown,0,5,R Tewatia,158,4,163,5,complete,Prakash Bhatt,YC Barde,PR Reiffel,Nitin Menon,AY Dandekar,20,"DA Warner, JM Bairstow, MK Pandey, KS Williamson, PK Garg, V Shankar, Abhishek Sharma, Rashid Khan, Sandeep Sharma, KK Ahmed, T Natarajan","BA Stokes, JC Buttler, SPD Smith, SV Samson, RV Uthappa, R Parag, R Tewatia, JC Archer, S Gopal, JD Unadkat, Kartik Tyagi",2020
2020_26,2020.0,2020-10-11,Delhi Capitals,Mumbai Indians,Mumbai Indians,Delhi Capitals,bat,Sheikh Zayed Stadium,Abu Dhabi,0,5,Q de Kock,162,4,166,5,complete,Shakti Singh,CB Gaffaney,S Ravi,VK Sharma,UV Gandhe,20,"PP Shaw, S Dhawan, AM Rahane, SS Iyer, MP Stoinis, AT Carey, AR Patel, R Ashwin, HV Patel, K Rabada, A Nortje","RG Sharma, Q de Kock, SA Yadav, Ishan Kishan, HH Pandya, KA Pollard, KH Pandya, JL Pattinson, RD Chahar, TA Boult, JJ Bumrah",2020
2020_27,2020.0,2020-10-12,Royal Challengers Bengaluru,Kolkata Knight Riders,Royal Challengers Bengaluru,Royal Challengers Bengaluru,bat,Sharjah Cricket Stadium,Unknown,82,0,AB de Villiers,194,2,112,9,complete,V Narayan Kutty,RK Illingworth,K Srinivasan,KN Ananthapadmanabhan,VA Kulkarni,20,"AJ Finch, D Padikkal, V Kohli, AB de Villiers, CH Morris, Washington Sundar, S Dube, I Udana, Navdeep Saini, YS Chahal, Mohammed Siraj","T Banton, Shubman Gill, N Rana, EJG Morgan, KD Karthik, AD Russell, RA Tripathi, PJ Cummins, KL Nagarkoti, CV Varun, M Prasidh Krishna",2020
2020_28,2020.0,2020-10-13,Chennai Super Kings,Sunrisers Hyderabad,Chennai Super Kings,Chennai Super Kings,bat,Dubai International Cricket Stadium,Unknown,20,0,RA Jadeja,167,6,147,8,complete,J Srinath,AK Chaudhary,PR Reiffel,Nitin Menon,YC Barde,20,"SM Curran, F du Plessis, SR Watson, AT Rayudu, MS Dhoni, RA Jadeja, DJ Bravo, DL Chahar, PP Chawla, SN Thakur, KV Sharma","DA Warner, JM Bairstow, MK Pandey, KS Williamson, PK Garg, V Shankar, Rashid Khan, S Nadeem, Sandeep Sharma, T Natarajan, KK Ahmed",2020
2020_29,2020.0,2020-10-14,Delhi Capitals,Rajasthan Royals,Delhi Capitals,Delhi Capitals,bat,Dubai International Cricket Stadium,Unknown,13,0,A Nortje,161,7,148,8,complete,J Srinath,AK Chaudhary,Nitin Menon,AY Dandekar,YC Barde,20,"PP Shaw, S Dhawan, AM Rahane, SS Iyer, MP Stoinis, AT Carey, AR Patel, R Ashwin, TU Deshpande, K Rabada, A Nortje","BA Stokes, JC Buttler, SPD Smith, SV Samson, RV Uthappa, R Parag, R Tewatia, JC Archer, S Gopal, JD Unadkat, Kartik Tyagi",2020
2020_3,2020.0,2020-09-22,Rajasthan Royals,Chennai Super Kings,Rajasthan Royals,Chennai Super Kings,field,Sharjah Cricket Stadium,Unknown,16,0,SV Samson,216,7,200,6,complete,V Narayan Kutty,C Shamshuddin,VA Kulkarni,KN Ananthapadmanabhan,K Srinivasan,20,"YBK Jaiswal, SPD Smith, SV Samson, DA Miller, RV Uthappa, R Tewatia, R Parag, TK Curran, JC Archer, S Gopal, JD Unadkat","M Vijay, SR Watson, F du Plessis, SM Curran, RD Gaikwad, KM Jadhav, MS Dhoni, RA Jadeja, PP Chawla, DL Chahar, L Ngidi",2020
2020_30,2020.0,2020-10-15,Royal Challengers Bengaluru,Punjab Kings,Punjab Kings,Royal Challengers Bengaluru,bat,Sharjah Cricket Stadium,Unknown,0,8,KL Rahul,171,6,177,2,complete,V Narayan Kutty,KN Ananthapadmanabhan,C Shamshuddin,RK Illingworth,K Srinivasan,20,"AJ Finch, D Padikkal, V Kohli, Washington Sundar, S Dube, AB de Villiers, CH Morris, I Udana, Navdeep Saini, YS Chahal, Mohammed Siraj","KL Rahul, MA Agarwal, CH Gayle, N Pooran, GJ Maxwell, DJ Hooda, CJ Jordan, M Ashwin, Ravi Bishnoi, Mohammed Shami, Arshdeep Singh",2020
2020_31,2020.0,2020-10-16,Kolkata Knight Riders,Mumbai Indians,Mumbai Indians,Kolkata Knight Riders,bat,Sheikh Zayed Stadium,Abu Dhabi,0,8,Q de Kock,148,5,149,2,complete,M Nayyar,CB Gaffaney,VK Sharma,S Ravi,PG Pathak,20,"RA Tripathi, Shubman Gill, N Rana, KD Karthik, EJG Morgan, AD Russell, PJ Cummins, CJ Green, M Prasidh Krishna, Shivam Mavi, CV Varun","RG Sharma, Q de Kock, SA Yadav, HH Pandya, Ishan Kishan, KA Pollard, KH Pandya, RD Chahar, TA Boult, JJ Bumrah, NM Coulter-Nile",2020
2020_32,2020.0,2020-10-17,Chennai Super Kings,Delhi Capitals,Delhi Capitals,Chennai Super Kings,bat,Sharjah Cricket Stadium,Unknown,0,5,S Dhawan,179,4,185,5,complete,V Narayan Kutty,KN Ananthapadmanabhan,RK Illingworth,C Shamshuddin,VA Kulkarni,20,"SM Curran, F du Plessis, SR Watson, AT Rayudu, MS Dhoni, RA Jadeja, KM Jadhav, DJ Bravo, DL Chahar, SN Thakur, KV Sharma","PP Shaw, S Dhawan, AM Rahane, SS Iyer, MP Stoinis, AT Carey, AR Patel, R Ashwin, TU Deshpande, K Rabada, A Nortje",2020
2020_33,2020.0,2020-10-17,Rajasthan Royals,Royal Challengers Bengaluru,Royal Challengers Bengaluru,Rajasthan Royals,bat,Dubai International Cricket Stadium,Unknown,0,7,AB de Villiers,177,6,179,3,complete,J Srinath,AK Chaudhary,Nitin Menon,PR Reiffel,YC Barde,20,"RV Uthappa, BA Stokes, SV Samson, SPD Smith, JC Buttler, R Tewatia, JC Archer, R Parag, S Gopal, JD Unadkat, Kartik Tyagi","D Padikkal, AJ Finch, V Kohli, AB de Villiers, Gurkeerat Singh, CH Morris, Washington Sundar, Shahbaz Ahmed, I Udana, Navdeep Saini, YS Chahal",2020
2020_34,2020.0,2020-10-18,Kolkata Knight Riders,Sunrisers Hyderabad,,Sunrisers Hyderabad,field,Sheikh Zayed Stadium,Abu Dhabi,0,0,LH Ferguson,166,5,165,8,tie,M Nayyar,PG Pathak,S Ravi,VK Sharma,UV Gandhe,20,"Shubman Gill, RA Tripathi, N Rana, AD Russell, EJG Morgan, KD Karthik, PJ Cummins, LH Ferguson, Kuldeep Yadav, Shivam Mavi, CV Varun","JM Bairstow, KS Williamson, PK Garg, DA Warner, MK Pandey, V Shankar, Abdul Samad, Rashid Khan, Sandeep Sharma, Basil Thampi, T Natarajan",2020
2020_35,2020.0,2020-10-18,Mumbai Indians,Punjab Kings,,Mumbai Indians,bat,Dubai International Cricket Stadium,Unknown,0,0,KL Rahul,192,8,196,8,tie,J Srinath,Nitin Menon,PR Reiffel,AK Chaudhary,AY Dandekar,20,"RG Sharma, Q de Kock, SA Yadav, Ishan Kishan, KH Pandya, HH Pandya, KA Pollard, NM Coulter-Nile, RD Chahar, TA Boult, JJ Bumrah","KL Rahul, MA Agarwal, CH Gayle, N Pooran, GJ Maxwell, DJ Hooda, CJ Jordan, M Ashwin, Ravi Bishnoi, Mohammed Shami, Arshdeep Singh",2020
2020_36,2020.0,2020-10-19,Chennai Super Kings,Rajasthan Royals,Rajasthan Royals,Chennai Super Kings,bat,Sheikh Zayed Stadium,Abu Dhabi,0,7,JC Buttler,125,5,126,3,complete,M Nayyar,CB Gaffaney,VK Sharma,UV Gandhe,PG Pathak,20,"SM Curran, F du Plessis, SR Watson, AT Rayudu, MS Dhoni, RA Jadeja, KM Jadhav, PP Chawla, DL Chahar, SN Thakur, JR Hazlewood","BA Stokes, RV Uthappa, SV Samson, SPD Smith, JC Buttler, R Tewatia, R Parag, JC Archer, S Gopal, AS Rajpoot, Kartik Tyagi",2020
2020_37,2020.0,2020-10-20,Delhi Capitals,Punjab Kings,Punjab Kings,Delhi Capitals,bat,Dubai International Cricket Stadium,Unknown,0,5,S Dhawan,164,5,167,5,complete,Prakash Bhatt,C Shamshuddin,RK Illingworth,KN Ananthapadmanabhan,K Srinivasan,20,"PP Shaw, S Dhawan, SS Iyer, RR Pant, MP Stoinis, SO Hetmyer, AR Patel, R Ashwin, K Rabada, DR Sams, TU Deshpande","KL Rahul, MA Agarwal, CH Gayle, N Pooran, GJ Maxwell, DJ Hooda, JDS Neesham, M Ashwin, Ravi Bishnoi, Mohammed Shami, Arshdeep Singh",2020
2020_38,2020.0,2020-10-21,Kolkata Knight Riders,Royal Challengers Bengaluru,Royal Challengers Bengaluru,Kolkata Knight Riders,bat,Sheikh Zayed Stadium,Abu Dhabi,0,8,Mohammed Siraj,84,8,85,2,complete,Shakti Singh,VK Sharma,S Ravi,CB Gaffaney,UV Gandhe,20,"Shubman Gill, RA Tripathi, N Rana, T Banton, KD Karthik, EJG Morgan, PJ Cummins, Kuldeep Yadav, LH Ferguson, M Prasidh Krishna, CV Varun","D Padikkal, AJ Finch, Gurkeerat Singh, V Kohli, AB de Villiers, CH Morris, Washington Sundar, I Udana, Navdeep Saini, YS Chahal, Mohammed Siraj",2020
2020_39,2020.0,2020-10-22,Rajasthan Royals,Sunrisers Hyderabad,Sunrisers Hyderabad,Sunrisers Hyderabad,field,Dubai International Cricket Stadium,Unknown,0,8,MK Pandey,154,6,156,2,complete,J Srinath,Nitin Menon,PR Reiffel,AK Chaudhary,AY Dandekar,20,"RV Uthappa, BA Stokes, SV Samson, JC Buttler, SPD Smith, R Parag, R Tewatia, JC Archer, S Gopal, AS Rajpoot, Kartik Tyagi","DA Warner, JM Bairstow, MK Pandey, V Shankar, PK Garg, Abdul Samad, JO Holder, Rashid Khan, Sandeep Sharma, T Natarajan, S Nadeem",2020
2020_4,2020.0,2020-09-23,Mumbai Indians,Kolkata Knight Riders,Mumbai Indians,Kolkata Knight Riders,field,Sheikh Zayed Stadium,Abu Dhabi,49,0,RG Sharma,195,5,146,9,complete,M Nayyar,CB Gaffaney,S Ravi,VK Sharma,PG Pathak,20,"Q de Kock, RG Sharma, SA Yadav, SS Tiwary, HH Pandya, KA Pollard, KH Pandya, JL Pattinson, RD Chahar, TA Boult, JJ Bumrah","Shubman Gill, SP Narine, KD Karthik, N Rana, EJG Morgan, AD Russell, NS Naik, PJ Cummins, Shivam Mavi, Kuldeep Yadav, S Sandeep Warrier",2020
2020_40,2020.0,2020-10-23,Chennai Super Kings,Mumbai Indians,Mumbai Indians,Mumbai Indians,field,Sharjah Cricket Stadium,Unknown,0,10,TA Boult,114,9,116,0,complete,V Narayan Kutty,C Shamshuddin,VA Kulkarni,RK Illingworth,K Srinivasan,20,"RD Gaikwad, F du Plessis, AT Rayudu, N Jagadeesan, MS Dhoni, RA Jadeja, SM Curran, DL Chahar, SN Thakur, Imran Tahir, JR Hazlewood","Q de Kock, Ishan Kishan, SA Yadav, SS Tiwary, KH Pandya, HH Pandya, KA Pollard, NM Coulter-Nile, RD Chahar, TA Boult, JJ Bumrah",2020
2020_41,2020.0,2020-10-24,Kolkata Knight Riders,Delhi Capitals,Kolkata Knight Riders,Delhi Capitals,field,Sheikh Zayed Stadium,Abu Dhabi,59,0,CV Varun,194,6,135,9,complete,M Nayyar,CB Gaffaney,PG Pathak,S Ravi,UV Gandhe,20,"Shubman Gill, N Rana, RA Tripathi, KD Karthik, SP Narine, EJG Morgan, PJ Cummins, LH Ferguson, KL Nagarkoti, M Prasidh Krishna, CV Varun","AM Rahane, S Dhawan, SS Iyer, RR Pant, SO Hetmyer, MP Stoinis, AR Patel, K Rabada, R Ashwin, TU Deshpande, A Nortje",2020
2020_42,2020.0,2020-10-24,Punjab Kings,Sunrisers Hyderabad,Punjab Kings,Sunrisers Hyderabad,field,Dubai International Cricket Stadium,Unknown,12,0,CJ Jordan,126,7,114,10,complete,J Srinath,AY Dandekar,PR Reiffel,Nitin Menon,YC Barde,20,"KL Rahul, Mandeep Singh, CH Gayle, N Pooran, GJ Maxwell, DJ Hooda, CJ Jordan, M Ashwin, Ravi Bishnoi, Mohammed Shami, Arshdeep Singh","DA Warner, JM Bairstow, MK Pandey, Abdul Samad, V Shankar, JO Holder, PK Garg, Rashid Khan, Sandeep Sharma, T Natarajan, KK Ahmed",2020
2020_43,2020.0,2020-10-25,Royal Challengers Bengaluru,Chennai Super Kings,Chennai Super Kings,Royal Challengers Bengaluru,bat,Dubai International Cricket Stadium,Unknown,0,8,RD Gaikwad,145,6,150,2,complete,Prakash Bhatt,C Shamshuddin,RK Illingworth,KN Ananthapadmanabhan,VA Kulkarni,20,"D Padikkal, AJ Finch, V Kohli, AB de Villiers, MM Ali, CH Morris, Gurkeerat Singh, Washington Sundar, Navdeep Saini, YS Chahal, Mohammed Siraj","RD Gaikwad, F du Plessis, AT Rayudu, MS Dhoni, N Jagadeesan, RA Jadeja, SM Curran, MJ Santner, DL Chahar, Imran Tahir, Monu Kumar",2020
2020_44,2020.0,2020-10-25,Mumbai Indians,Rajasthan Royals,Rajasthan Royals,Mumbai Indians,bat,Sheikh Zayed Stadium,Abu Dhabi,0,8,BA Stokes,195,5,196,2,complete,Shakti Singh,UV Gandhe,VK Sharma,S Ravi,PG Pathak,20,"Ishan Kishan, Q de Kock, SA Yadav, SS Tiwary, KA Pollard, HH Pandya, KH Pandya, JL Pattinson, RD Chahar, TA Boult, JJ Bumrah","RV Uthappa, BA Stokes, SPD Smith, SV Samson, JC Buttler, R Parag, R Tewatia, JC Archer, S Gopal, AS Rajpoot, Kartik Tyagi",2020
2020_45,2020.0,2020-10-26,Kolkata Knight Riders,Punjab Kings,Punjab Kings,Punjab Kings,field,Sharjah Cricket Stadium,Unknown,0,8,CH Gayle,149,9,150,2,complete,V Narayan Kutty,KN Ananthapadmanabhan,RK Illingworth,K Srinivasan,VA Kulkarni,20,"Shubman Gill, N Rana, RA Tripathi, KD Karthik, EJG Morgan, SP Narine, KL Nagarkoti, PJ Cummins, LH Ferguson, CV Varun, M Prasidh Krishna","KL Rahul, Mandeep Singh, CH Gayle, N Pooran, GJ Maxwell, DJ Hooda, CJ Jordan, M Ashwin, Ravi Bishnoi, Mohammed Shami, Arshdeep Singh",2020
2020_46,2020.0,2020-10-27,Sunrisers Hyderabad,Delhi Capitals,Sunrisers Hyderabad,Delhi Capitals,field,Dubai International Cricket Stadium,Unknown,88,0,WP Saha,219,2,131,10,complete,J Srinath,AK Chaudhary,Nitin Menon,PR Reiffel,AY Dandekar,20,"DA Warner, WP Saha, MK Pandey, KS Williamson, V Shankar, Abdul Samad, JO Holder, Rashid Khan, Sandeep Sharma, T Natarajan, S Nadeem","AM Rahane, S Dhawan, MP Stoinis, SO Hetmyer, RR Pant, SS Iyer, AR Patel, K Rabada, R Ashwin, TU Deshpande, A Nortje",2020
2020_47,2020.0,2020-10-28,Royal Challengers Bengaluru,Mumbai Indians,Mumbai Indians,Mumbai Indians,field,Sheikh Zayed Stadium,Abu Dhabi,0,5,SA Yadav,164,6,166,5,complete,M Nayyar,UV Gandhe,CB Gaffaney,S Ravi,PG Pathak,20,"JR Philippe, D Padikkal, V Kohli, AB de Villiers, S Dube, CH Morris, Gurkeerat Singh, Washington Sundar, YS Chahal, Mohammed Siraj, DW Steyn","Q de Kock, Ishan Kishan, SA Yadav, SS Tiwary, KH Pandya, HH Pandya, KA Pollard, JL Pattinson, RD Chahar, TA Boult, JJ Bumrah",2020
2020_48,2020.0,2020-10-29,Kolkata Knight Riders,Chennai Super Kings,Chennai Super Kings,Chennai Super Kings,field,Dubai International Cricket Stadium,Unknown,0,6,RD Gaikwad,172,5,178,4,complete,Prakash Bhatt,C Shamshuddin,RK Illingworth,KN Ananthapadmanabhan,K Srinivasan,20,"Shubman Gill, N Rana, SP Narine, RK Singh, EJG Morgan, KD Karthik, RA Tripathi, KL Nagarkoti, PJ Cummins, LH Ferguson, CV Varun","SR Watson, RD Gaikwad, AT Rayudu, MS Dhoni, SM Curran, RA Jadeja, N Jagadeesan, MJ Santner, DL Chahar, KV Sharma, L Ngidi",2020
2020_49,2020.0,2020-10-30,Punjab Kings,Rajasthan Royals,Rajasthan Royals,Rajasthan Royals,field,Sheikh Zayed Stadium,Abu Dhabi,0,7,BA Stokes,185,4,186,3,complete,M Nayyar,CB Gaffaney,S Ravi,PG Pathak,UV Gandhe,20,"KL Rahul, Mandeep Singh, CH Gayle, N Pooran, GJ Maxwell, DJ Hooda, CJ Jordan, M Ashwin, Ravi Bishnoi, Mohammed Shami, Arshdeep Singh","RV Uthappa, BA Stokes, SV Samson, SPD Smith, JC Buttler, R Parag, R Tewatia, JC Archer, S Gopal, Kartik Tyagi, VR Aaron",2020
2020_5,2020.0,2020-09-24,Punjab Kings,Royal Challengers Bengaluru,Punjab Kings,Royal Challengers Bengaluru,field,Dubai International Cricket Stadium,Unknown,97,0,KL Rahul,206,3,109,10,complete,J Srinath,AK Chaudhary,PR Reiffel,Nitin Menon,AY Dandekar,20,"KL Rahul, MA Agarwal, N Pooran, GJ Maxwell, KK Nair, JDS Neesham, SN Khan, Mohammed Shami, SS Cottrell, Ravi Bishnoi, M Ashwin","D Padikkal, AJ Finch, JR Philippe, V Kohli, AB de Villiers, Washington Sundar, S Dube, UT Yadav, Navdeep Saini, DW Steyn, YS Chahal",2020
2020_50,2020.0,2020-10-31,Delhi Capitals,Mumbai Indians,Mumbai Indians,Mumbai Indians,field,Dubai International Cricket Stadium,Unknown,0,9,Ishan Kishan,110,9,111,1,complete,J Srinath,YC Barde,PR Reiffel,AK Chaudhary,AY Dandekar,20,"PP Shaw, S Dhawan, SS Iyer, RR Pant, MP Stoinis, SO Hetmyer, HV Patel, R Ashwin, P Dubey, K Rabada, A Nortje","Ishan Kishan, Q de Kock, SA Yadav, SS Tiwary, KH Pandya, KA Pollard, NM Coulter-Nile, J Yadav, RD Chahar, TA Boult, JJ Bumrah",2020
2020_51,2020.0,2020-10-31,Royal Challengers Bengaluru,Sunrisers Hyderabad,Sunrisers Hyderabad,Sunrisers Hyderabad,field,Sharjah Cricket Stadium,Unknown,0,5,Sandeep Sharma,120,7,121,5,complete,V Narayan Kutty,KN Ananthapadmanabhan,K Srinivasan,C Shamshuddin,VA Kulkarni,20,"JR Philippe, D Padikkal, V Kohli, AB de Villiers, Washington Sundar, Gurkeerat Singh, CH Morris, I Udana, Mohammed Siraj, Navdeep Saini, YS Chahal","DA Warner, WP Saha, MK Pandey, KS Williamson, Abhishek Sharma, JO Holder, Abdul Samad, Rashid Khan, S Nadeem, Sandeep Sharma, T Natarajan",2020
2020_52,2020.0,2020-11-01,Kolkata Knight Riders,Rajasthan Royals,Kolkata Knight Riders,Rajasthan Royals,field,Dubai International Cricket Stadium,Unknown,60,0,PJ Cummins,191,7,131,9,complete,Shakti Singh,Nitin Menon,PR Reiffel,AK Chaudhary,YC Barde,20,"Shubman Gill, N Rana, RA Tripathi, SP Narine, EJG Morgan, KD Karthik, AD Russell, PJ Cummins, KL Nagarkoti, Shivam Mavi, CV Varun","RV Uthappa, BA Stokes, SPD Smith, SV Samson, JC Buttler, R Parag, R Tewatia, S Gopal, JC Archer, Kartik Tyagi, VR Aaron",2020
2020_53,2020.0,2020-11-01,Punjab Kings,Chennai Super Kings,Chennai Super Kings,Chennai Super Kings,field,Sheikh Zayed Stadium,Abu Dhabi,0,9,RD Gaikwad,153,6,154,1,complete,M Nayyar,PG Pathak,VK Sharma,CB Gaffaney,UV Gandhe,20,"KL Rahul, MA Agarwal, CH Gayle, N Pooran, Mandeep Singh, DJ Hooda, JDS Neesham, CJ Jordan, M Ashwin, Ravi Bishnoi, Mohammed Shami","RD Gaikwad, F du Plessis, AT Rayudu, MS Dhoni, N Jagadeesan, SM Curran, RA Jadeja, DL Chahar, SN Thakur, L Ngidi, Imran Tahir",2020
2020_54,2020.0,2020-11-02,Royal Challengers Bengaluru,Delhi Capitals,Delhi Capitals,Delhi Capitals,field,Sheikh Zayed Stadium,Abu Dhabi,0,6,A Nortje,152,7,154,4,complete,M Nayyar,CB Gaffaney,S Ravi,VK Sharma,PG Pathak,20,"JR Philippe, D Padikkal, V Kohli, AB de Villiers, CH Morris, S Dube, Washington Sundar, I Udana, Shahbaz Ahmed, Mohammed Siraj, YS Chahal","PP Shaw, S Dhawan, AM Rahane, SS Iyer, RR Pant, MP Stoinis, AR Patel, DR Sams, R Ashwin, K Rabada, A Nortje",2020
2020_55,2020.0,2020-11-03,Mumbai Indians,Sunrisers Hyderabad,Sunrisers Hyderabad,Sunrisers Hyderabad,field,Sharjah Cricket Stadium,Unknown,0,10,S Nadeem,149,8,151,0,complete,Prakash Bhatt,C Shamshuddin,RK Illingworth,KN Ananthapadmanabhan,VA Kulkarni,20,"RG Sharma, Q de Kock, SA Yadav, Ishan Kishan, KH Pandya, SS Tiwary, KA Pollard, NM Coulter-Nile, JL Pattinson, DS Kulkarni, RD Chahar","DA Warner, WP Saha, MK Pandey, KS Williamson, PK Garg, JO Holder, Abdul Samad, Rashid Khan, S Nadeem, Sandeep Sharma, T Natarajan",2020
2020_56,2020.0,2020-11-05,Mumbai Indians,Delhi Capitals,Mumbai Indians,Delhi Capitals,field,Dubai International Cricket Stadium,Unknown,57,0,JJ Bumrah,200,5,143,8,complete,J Srinath,CB Gaffaney,Nitin Menon,KN Ananthapadmanabhan,AK Chaudhary,20,"Q de Kock, RG Sharma, SA Yadav, Ishan Kishan, KA Pollard, KH Pandya, HH Pandya, NM Coulter-Nile, TA Boult, RD Chahar, JJ Bumrah","PP Shaw, S Dhawan, AM Rahane, SS Iyer, MP Stoinis, RR Pant, AR Patel, DR Sams, K Rabada, A Nortje, R Ashwin",2020
2020_57,2020.0,2020-11-06,Royal Challengers Bengaluru,Sunrisers Hyderabad,Sunrisers Hyderabad,Sunrisers Hyderabad,field,Sheikh Zayed Stadium,Abu Dhabi,0,6,KS Williamson,131,7,132,4,complete,M Nayyar,PR Reiffel,S Ravi,VK Sharma,C Shamshuddin,20,"V Kohli, D Padikkal, AJ Finch, AB de Villiers, MM Ali, S Dube, Washington Sundar, Navdeep Saini, Mohammed Siraj, YS Chahal, A Zampa","DA Warner, SP Goswami, MK Pandey, KS Williamson, PK Garg, JO Holder, Abdul Samad, Rashid Khan, S Nadeem, Sandeep Sharma, T Natarajan",2020
2020_58,2020.0,2020-11-08,Delhi Capitals,Sunrisers Hyderabad,Delhi Capitals,Delhi Capitals,bat,Sheikh Zayed Stadium,Abu Dhabi,17,0,MP Stoinis,189,3,172,8,complete,M Nayyar,PR Reiffel,S Ravi,C Shamshuddin,VK Sharma,20,"MP Stoinis, S Dhawan, SS Iyer, SO Hetmyer, RR Pant, AM Rahane, P Dubey, AR Patel, R Ashwin, K Rabada, A Nortje","PK Garg, DA Warner, MK Pandey, KS Williamson, JO Holder, Abdul Samad, Rashid Khan, SP Goswami, S Nadeem, Sandeep Sharma, T Natarajan",2020
2020_59,2020.0,2020-11-10,Delhi Capitals,Mumbai Indians,Mumbai Indians,Delhi Capitals,bat,Dubai International Cricket Stadium,Unknown,0,5,TA Boult,156,7,157,5,complete,J Srinath,CB Gaffaney,Nitin Menon,AK Chaudhary,KN Ananthapadmanabhan,20,"MP Stoinis, S Dhawan, AM Rahane, SS Iyer, RR Pant, SO Hetmyer, AR Patel, K Rabada, P Dubey, R Ashwin, A Nortje","RG Sharma, Q de Kock, SA Yadav, Ishan Kishan, KA Pollard, HH Pandya, KH Pandya, J Yadav, NM Coulter-Nile, TA Boult, JJ Bumrah",2020
2020_6,2020.0,2020-09-25,Delhi Capitals,Chennai Super Kings,Delhi Capitals,Chennai Super Kings,field,Dubai International Cricket Stadium,Unknown,44,0,PP Shaw,175,3,131,7,complete,V Narayan Kutty,KN Ananthapadmanabhan,RK Illingworth,K Srinivasan,VA Kulkarni,20,"PP Shaw, S Dhawan, RR Pant, SS Iyer, MP Stoinis, SO Hetmyer, AR Patel, A Mishra, K Rabada, A Nortje, Avesh Khan","M Vijay, SR Watson, F du Plessis, RD Gaikwad, KM Jadhav, MS Dhoni, RA Jadeja, SM Curran, PP Chawla, DL Chahar, JR Hazlewood",2020
2020_7,2020.0,2020-09-26,Sunrisers Hyderabad,Kolkata Knight Riders,Kolkata Knight Riders,Sunrisers Hyderabad,bat,Sheikh Zayed Stadium,Abu Dhabi,0,7,Shubman Gill,142,4,145,3,complete,Shakti Singh,CB Gaffaney,VK Sharma,S Ravi,UV Gandhe,20,"DA Warner, JM Bairstow, MK Pandey, WP Saha, Mohammad Nabi, Abhishek Sharma, PK Garg, Rashid Khan, B Kumar, T Natarajan, KK Ahmed","Shubman Gill, SP Narine, N Rana, KD Karthik, EJG Morgan, AD Russell, PJ Cummins, Shivam Mavi, Kuldeep Yadav, KL Nagarkoti, CV Varun",2020
2020_8,2020.0,2020-09-27,Punjab Kings,Rajasthan Royals,Rajasthan Royals,Rajasthan Royals,field,Sharjah Cricket Stadium,Unknown,0,4,SV Samson,223,2,226,6,complete,V Narayan Kutty,RK Illingworth,K Srinivasan,C Shamshuddin,VA Kulkarni,20,"KL Rahul, MA Agarwal, GJ Maxwell, N Pooran, KK Nair, JDS Neesham, SN Khan, Mohammed Shami, SS Cottrell, Ravi Bishnoi, M Ashwin","JC Buttler, SPD Smith, SV Samson, R Tewatia, RV Uthappa, JC Archer, R Parag, TK Curran, S Gopal, AS Rajpoot, JD Unadkat",2020
2020_9,2020.0,2020-09-28,Royal Challengers Bengaluru,Mumbai Indians,,Mumbai Indians,field,Dubai International Cricket Stadium,Unknown,0,0,AB de Villiers,212,3,208,6,tie,J Srinath,Nitin Menon,PR Reiffel,AK Chaudhary,YC Barde,20,"D Padikkal, AJ Finch, V Kohli, AB de Villiers, S Dube, Gurkeerat Singh, Washington Sundar, I Udana, Navdeep Saini, YS Chahal, A Zampa","RG Sharma, Q de Kock, SA Yadav, Ishan Kishan, HH Pandya, KA Pollard, KH Pandya, JL Pattinson, RD Chahar, TA Boult, JJ Bumrah",2020
2021_0,2021.0,2021-09-04,Mumbai Indians,Royal Challengers Bengaluru,Royal Challengers Bengaluru,Royal Challengers Bengaluru,field,"MA Chidambaram Stadium, Chepauk, Chennai",Chennai,0,2,HV Patel,159,9,160,8,complete,V Narayan Kutty,KN Ananthapadmanabhan,Nitin Menon,C Shamshuddin,UV Gandhe,20,"RG Sharma, CA Lynn, SA Yadav, Ishan Kishan, HH Pandya, KA Pollard, KH Pandya, M Jansen, RD Chahar, JJ Bumrah, TA Boult","Washington Sundar, V Kohli, RM Patidar, GJ Maxwell, AB de Villiers, Shahbaz Ahmed, DT Christian, KA Jamieson, HV Patel, Mohammed Siraj, YS Chahal",2021
2021_1,2021.0,2021-10-04,Chennai Super Kings,Delhi Capitals,Delhi Capitals,Delhi Capitals,field,"Wankhede Stadium, Mumbai",Mumbai,0,7,S Dhawan,188,7,190,3,complete,M Nayyar,AK Chaudhary,VK Sharma,S Ravi,AY Dandekar,20,"RD Gaikwad, F du Plessis, MM Ali, SK Raina, AT Rayudu, RA Jadeja, MS Dhoni, SM Curran, DJ Bravo, SN Thakur, DL Chahar","PP Shaw, S Dhawan, RR Pant, MP Stoinis, SO Hetmyer, AM Rahane, CR Woakes, TK Curran, R Ashwin, A Mishra, Avesh Khan",2021
2021_10,2021.0,,Royal Challengers Bengaluru,Kolkata Knight Riders,Royal Challengers Bengaluru,Royal Challengers Bengaluru,bat,"MA Chidambaram Stadium, Chepauk, Chennai",Chennai,38,0,AB de Villiers,204,4,166,8,complete,V Narayan Kutty,C Shamshuddin,Nitin Menon,CB Gaffaney,K Srinivasan,20,"V Kohli, D Padikkal, RM Patidar, GJ Maxwell, AB de Villiers, KA Jamieson, Washington Sundar, Shahbaz Ahmed, HV Patel, Mohammed Siraj, YS Chahal","N Rana, Shubman Gill, RA Tripathi, EJG Morgan, KD Karthik, Shakib Al Hasan, AD Russell, PJ Cummins, Harbhajan Singh, CV Varun, M Prasidh Krishna",2021
2021_11,2021.0,,Chennai Super Kings,Rajasthan Royals,Chennai Super Kings,Rajasthan Royals,field,"Wankhede Stadium, Mumbai",Mumbai,45,0,MM Ali,188,9,143,9,complete,Prakash Bhatt,PR Reiffel,VK Sharma,YC Barde,Navdeep Singh,20,"RD Gaikwad, F du Plessis, MM Ali, SK Raina, AT Rayudu, RA Jadeja, MS Dhoni, SM Curran, DJ Bravo, SN Thakur, DL Chahar","JC Buttler, M Vohra, SV Samson, S Dube, DA Miller, R Parag, R Tewatia, CH Morris, JD Unadkat, C Sakariya, Mustafizur Rahman",2021
2021_12,2021.0,,Mumbai Indians,Delhi Capitals,Delhi Capitals,Mumbai Indians,bat,"MA Chidambaram Stadium, Chepauk, Chennai",Chennai,0,6,A Mishra,137,9,138,4,complete,V Narayan Kutty,C Shamshuddin,CB Gaffaney,UV Gandhe,Tapan Sharma,20,"RG Sharma, Q de Kock, SA Yadav, Ishan Kishan, HH Pandya, KH Pandya, KA Pollard, J Yadav, RD Chahar, JJ Bumrah, TA Boult","PP Shaw, S Dhawan, SPD Smith, Lalit Yadav, RR Pant, SO Hetmyer, MP Stoinis, R Ashwin, K Rabada, Avesh Khan, A Mishra",2021
2021_13,2021.0,,Chennai Super Kings,Kolkata Knight Riders,Chennai Super Kings,Kolkata Knight Riders,field,"Wankhede Stadium, Mumbai",Mumbai,18,0,F du Plessis,220,3,202,10,complete,Shakti Singh,AY Dandekar,PR Reiffel,AK Chaudhary,YC Barde,20,"RD Gaikwad, F du Plessis, MM Ali, MS Dhoni, RA Jadeja, SK Raina, AT Rayudu, SM Curran, SN Thakur, DL Chahar, L Ngidi","N Rana, Shubman Gill, RA Tripathi, EJG Morgan, SP Narine, KD Karthik, AD Russell, PJ Cummins, KL Nagarkoti, CV Varun, M Prasidh Krishna",2021
2021_14,2021.0,,Punjab Kings,Sunrisers Hyderabad,Sunrisers Hyderabad,Punjab Kings,bat,"MA Chidambaram Stadium, Chepauk, Chennai",Chennai,0,9,JM Bairstow,120,10,121,1,complete,S Chaturvedi,K Srinivasan,Nitin Menon,KN Ananthapadmanabhan,HAS Khalid,20,"KL Rahul, MA Agarwal, CH Gayle, N Pooran, DJ Hooda, MC Henriques, M Shahrukh Khan, FA Allen, M Ashwin, Mohammed Shami, Arshdeep Singh","DA Warner, JM Bairstow, KS Williamson, Virat Singh, KM Jadhav, V Shankar, Abhishek Sharma, Rashid Khan, B Kumar, S Kaul, KK Ahmed",2021
2021_15,2021.0,,Rajasthan Royals,Royal Challengers Bengaluru,Royal Challengers Bengaluru,Royal Challengers Bengaluru,field,"Wankhede Stadium, Mumbai",Mumbai,0,10,D Padikkal,177,9,181,0,complete,Shakti Singh,J Madanagopal,S Ravi,VK Sharma,AY Dandekar,20,"JC Buttler, M Vohra, SV Samson, DA Miller, S Dube, R Parag, R Tewatia, CH Morris, S Gopal, C Sakariya, Mustafizur Rahman","V Kohli, D Padikkal, GJ Maxwell, AB de Villiers, Washington Sundar, KA Jamieson, Shahbaz Ahmed, HV Patel, Mohammed Siraj, KW Richardson, YS Chahal",2021
2021_16,2021.0,,Mumbai Indians,Punjab Kings,Punjab Kings,Punjab Kings,field,"MA Chidambaram Stadium, Chepauk, Chennai",Chennai,0,9,KL Rahul,131,6,132,1,complete,V Narayan Kutty,C Shamshuddin,Nitin Menon,HAS Khalid,UV Gandhe,20,"Q de Kock, RG Sharma, Ishan Kishan, SA Yadav, KA Pollard, HH Pandya, KH Pandya, J Yadav, RD Chahar, JJ Bumrah, TA Boult","KL Rahul, MA Agarwal, CH Gayle, DJ Hooda, N Pooran, MC Henriques, M Shahrukh Khan, FA Allen, Mohammed Shami, Ravi Bishnoi, Arshdeep Singh",2021
2021_17,2021.0,,Kolkata Knight Riders,Rajasthan Royals,Rajasthan Royals,Rajasthan Royals,field,"Wankhede Stadium, Mumbai",Mumbai,0,6,CH Morris,133,9,134,4,complete,M Nayyar,Navdeep Singh,S Ravi,PR Reiffel,YC Barde,20,"N Rana, Shubman Gill, RA Tripathi, SP Narine, EJG Morgan, KD Karthik, AD Russell, PJ Cummins, Shivam Mavi, M Prasidh Krishna, CV Varun","JC Buttler, YBK Jaiswal, SV Samson, S Dube, R Tewatia, DA Miller, R Parag, CH Morris, JD Unadkat, C Sakariya, Mustafizur Rahman",2021
2021_18,2021.0,,Delhi Capitals,Sunrisers Hyderabad,,Delhi Capitals,bat,"MA Chidambaram Stadium, Chepauk, Chennai",Chennai,0,0,PP Shaw,167,4,166,7,tie,S Chaturvedi,CB Gaffaney,KN Ananthapadmanabhan,Tapan Sharma,K Srinivasan,20,"PP Shaw, S Dhawan, RR Pant, SPD Smith, SO Hetmyer, MP Stoinis, AR Patel, R Ashwin, K Rabada, Avesh Khan, A Mishra","DA Warner, JM Bairstow, KS Williamson, Virat Singh, KM Jadhav, Abhishek Sharma, Rashid Khan, V Shankar, J Suchith, S Kaul, KK Ahmed",2021
2021_19,2021.0,,Chennai Super Kings,Royal Challengers Bengaluru,Chennai Super Kings,Chennai Super Kings,bat,"Wankhede Stadium, Mumbai",Mumbai,69,0,RA Jadeja,191,4,122,9,complete,Shakti Singh,AK Chaudhary,VK Sharma,Navdeep Singh,J Madanagopal,20,"RD Gaikwad, F du Plessis, SK Raina, AT Rayudu, RA Jadeja, MS Dhoni, DJ Bravo, SM Curran, SN Thakur, DL Chahar, Imran Tahir","V Kohli, D Padikkal, Washington Sundar, GJ Maxwell, AB de Villiers, DT Christian, KA Jamieson, HV Patel, Navdeep Saini, YS Chahal, Mohammed Siraj",2021
2021_2,2021.0,2021-11-04,Kolkata Knight Riders,Sunrisers Hyderabad,Kolkata Knight Riders,Sunrisers Hyderabad,field,"MA Chidambaram Stadium, Chepauk, Chennai",Chennai,10,0,N Rana,187,6,177,5,complete,V Narayan Kutty,KN Ananthapadmanabhan,Nitin Menon,CB Gaffaney,HAS Khalid,20,"N Rana, Shubman Gill, RA Tripathi, AD Russell, EJG Morgan, KD Karthik, Shakib Al Hasan, PJ Cummins, Harbhajan Singh, CV Varun, M Prasidh Krishna","WP Saha, DA Warner, MK Pandey, JM Bairstow, Mohammad Nabi, V Shankar, Abdul Samad, Rashid Khan, B Kumar, Sandeep Sharma, T Natarajan",2021
2021_20,2021.0,,Punjab Kings,Kolkata Knight Riders,Kolkata Knight Riders,Kolkata Knight Riders,field,"Narendra Modi Stadium, Ahmedabad",Ahmedabad,0,5,EJG Morgan,123,9,126,5,complete,Prakash Bhatt,PR Reiffel,YC Barde,S Ravi,AY Dandekar,20,"KL Rahul, MA Agarwal, CH Gayle, DJ Hooda, N Pooran, MC Henriques, M Shahrukh Khan, CJ Jordan, Ravi Bishnoi, Mohammed Shami, Arshdeep Singh","Shubman Gill, N Rana, RA Tripathi, SP Narine, EJG Morgan, AD Russell, KD Karthik, PJ Cummins, Shivam Mavi, CV Varun, M Prasidh Krishna",2021
2021_21,2021.0,,Royal Challengers Bengaluru,Delhi Capitals,Royal Challengers Bengaluru,Delhi Capitals,field,"Narendra Modi Stadium, Ahmedabad",Ahmedabad,1,0,AB de Villiers,171,5,170,4,complete,M Nayyar,S Ravi,VK Sharma,AK Chaudhary,J Madanagopal,20,"V Kohli, D Padikkal, RM Patidar, GJ Maxwell, AB de Villiers, Washington Sundar, DR Sams, KA Jamieson, HV Patel, Mohammed Siraj, YS Chahal","PP Shaw, S Dhawan, SPD Smith, RR Pant, MP Stoinis, SO Hetmyer, AR Patel, K Rabada, Avesh Khan, A Mishra, I Sharma",2021
2021_22,2021.0,,Sunrisers Hyderabad,Chennai Super Kings,Chennai Super Kings,Sunrisers Hyderabad,bat,"Arun Jaitley Stadium, Delhi",Delhi,0,7,RD Gaikwad,171,3,173,3,complete,J Srinath,C Shamshuddin,CK Nandan,KN Ananthapadmanabhan,UV Gandhe,20,"DA Warner, JM Bairstow, MK Pandey, KS Williamson, KM Jadhav, Rashid Khan, V Shankar, J Suchith, S Kaul, KK Ahmed, Sandeep Sharma","RD Gaikwad, F du Plessis, MM Ali, RA Jadeja, SK Raina, AT Rayudu, MS Dhoni, SM Curran, SN Thakur, DL Chahar, L Ngidi",2021
2021_23,2021.0,,Kolkata Knight Riders,Delhi Capitals,Delhi Capitals,Delhi Capitals,field,"Narendra Modi Stadium, Ahmedabad",Ahmedabad,0,7,PP Shaw,154,6,156,3,complete,Prakash Bhatt,AK Chaudhary,YC Barde,AY Dandekar,Navdeep Singh,20,"N Rana, Shubman Gill, RA Tripathi, EJG Morgan, SP Narine, AD Russell, KD Karthik, PJ Cummins, Shivam Mavi, CV Varun, M Prasidh Krishna","PP Shaw, S Dhawan, RR Pant, MP Stoinis, SO Hetmyer, SPD Smith, Lalit Yadav, AR Patel, K Rabada, Avesh Khan, I Sharma",2021
2021_24,2021.0,,Rajasthan Royals,Mumbai Indians,Mumbai Indians,Mumbai Indians,field,"Arun Jaitley Stadium, Delhi",Delhi,0,7,Q de Kock,171,4,172,3,complete,V Narayan Kutty,CB Gaffaney,KN Ananthapadmanabhan,C Shamshuddin,Tapan Sharma,20,"JC Buttler, YBK Jaiswal, SV Samson, S Dube, DA Miller, R Parag, R Tewatia, CH Morris, JD Unadkat, C Sakariya, Mustafizur Rahman","RG Sharma, Q de Kock, SA Yadav, KH Pandya, KA Pollard, HH Pandya, NM Coulter-Nile, J Yadav, RD Chahar, JJ Bumrah, TA Boult",2021
2021_25,2021.0,,Punjab Kings,Royal Challengers Bengaluru,Punjab Kings,Royal Challengers Bengaluru,field,"Narendra Modi Stadium, Ahmedabad",Ahmedabad,34,0,Harpreet Brar,179,5,145,8,complete,Shakti Singh,S Ravi,VK Sharma,J Madanagopal,YC Barde,20,"KL Rahul, P Simran Singh, CH Gayle, N Pooran, DJ Hooda, M Shahrukh Khan, Harpreet Brar, RP Meredith, Ravi Bishnoi, Mohammed Shami, CJ Jordan","V Kohli, D Padikkal, RM Patidar, GJ Maxwell, AB de Villiers, Shahbaz Ahmed, DR Sams, KA Jamieson, HV Patel, Mohammed Siraj, YS Chahal",2021
2021_26,2021.0,2021-01-05,Chennai Super Kings,Mumbai Indians,Mumbai Indians,Mumbai Indians,field,"Arun Jaitley Stadium, Delhi",Delhi,0,4,KA Pollard,218,4,219,6,complete,J Srinath,KN Ananthapadmanabhan,CK Nandan,CB Gaffaney,K Srinivasan,20,"RD Gaikwad, F du Plessis, MM Ali, SK Raina, AT Rayudu, RA Jadeja, MS Dhoni, SM Curran, SN Thakur, DL Chahar, L Ngidi","Q de Kock, RG Sharma, SA Yadav, KH Pandya, KA Pollard, HH Pandya, JDS Neesham, DS Kulkarni, RD Chahar, JJ Bumrah, TA Boult",2021
2021_27,2021.0,2021-02-05,Punjab Kings,Delhi Capitals,Delhi Capitals,Delhi Capitals,field,"Narendra Modi Stadium, Ahmedabad",Ahmedabad,0,7,MA Agarwal,166,6,167,3,complete,Shakti Singh,AK Chaudhary,AY Dandekar,J Madanagopal,Navdeep Singh,20,"P Simran Singh, MA Agarwal, CH Gayle, DJ Malan, DJ Hooda, M Shahrukh Khan, CJ Jordan, Harpreet Brar, RP Meredith, Ravi Bishnoi, Mohammed Shami","PP Shaw, S Dhawan, SPD Smith, RR Pant, SO Hetmyer, MP Stoinis, AR Patel, Lalit Yadav, K Rabada, I Sharma, Avesh Khan",2021
2021_28,2021.0,2021-02-05,Rajasthan Royals,Sunrisers Hyderabad,Rajasthan Royals,Sunrisers Hyderabad,field,"Arun Jaitley Stadium, Delhi",Delhi,55,0,JC Buttler,220,3,165,8,complete,S Chaturvedi,C Shamshuddin,CB Gaffaney,UV Gandhe,HAS Khalid,20,"JC Buttler, YBK Jaiswal, SV Samson, R Parag, DA Miller, Anuj Rawat, R Tewatia, CH Morris, Kartik Tyagi, C Sakariya, Mustafizur Rahman","MK Pandey, JM Bairstow, KS Williamson, V Shankar, KM Jadhav, Mohammad Nabi, Abdul Samad, Rashid Khan, B Kumar, Sandeep Sharma, KK Ahmed",2021
2021_29,2021.0,,Chennai Super Kings,Mumbai Indians,Chennai Super Kings,Chennai Super Kings,bat,Dubai International Cricket Stadium,Dubai,20,0,RD Gaikwad,156,7,136,8,complete,J Srinath,Nitin Menon,RK Illingworth,AK Chaudhary,AY Dandekar,20,"RD Gaikwad, F du Plessis, MM Ali, AT Rayudu, SK Raina, MS Dhoni, RA Jadeja, DJ Bravo, SN Thakur, DL Chahar, JR Hazlewood","Q de Kock, Anmolpreet Singh, SA Yadav, Ishan Kishan, SS Tiwary, KA Pollard, KH Pandya, AF Milne, RD Chahar, JJ Bumrah, TA Boult",2021
2021_3,2021.0,2021-12-04,Punjab Kings,Rajasthan Royals,Punjab Kings,Rajasthan Royals,field,"Wankhede Stadium, Mumbai",Mumbai,4,0,SV Samson,221,6,217,7,complete,M Nayyar,AK Chaudhary,S Ravi,VK Sharma,YC Barde,20,"KL Rahul, MA Agarwal, CH Gayle, DJ Hooda, N Pooran, M Shahrukh Khan, JA Richardson, M Ashwin, Mohammed Shami, RP Meredith, Arshdeep Singh","BA Stokes, M Vohra, SV Samson, JC Buttler, S Dube, R Parag, R Tewatia, CH Morris, S Gopal, C Sakariya, Mustafizur Rahman",2021
2021_30,2021.0,,Royal Challengers Bengaluru,Kolkata Knight Riders,Kolkata Knight Riders,Royal Challengers Bengaluru,bat,"Zayed Cricket Stadium, Abu Dhabi",Abu Dhabi,0,9,CV Varun,92,10,94,1,complete,V Narayan Kutty,CB Gaffaney,S Ravi,VK Sharma,UV Gandhe,20,"V Kohli, D Padikkal, KS Bharat, GJ Maxwell, AB de Villiers, Sachin Baby, PWH de Silva, KA Jamieson, HV Patel, Mohammed Siraj, YS Chahal","Shubman Gill, VR Iyer, AD Russell, N Rana, RA Tripathi, EJG Morgan, KD Karthik, LH Ferguson, SP Narine, CV Varun, M Prasidh Krishna",2021
2021_31,2021.0,,Rajasthan Royals,Punjab Kings,Rajasthan Royals,Punjab Kings,field,Dubai International Cricket Stadium,Dubai,2,0,Kartik Tyagi,185,10,183,4,complete,Prakash Bhatt,AK Chaudhary,MA Gough,KN Ananthapadmanabhan,YC Barde,20,"E Lewis, YBK Jaiswal, SV Samson, LS Livingstone, MK Lomror, R Parag, R Tewatia, CH Morris, C Sakariya, Kartik Tyagi, Mustafizur Rahman","KL Rahul, MA Agarwal, AK Markram, N Pooran, DJ Hooda, FA Allen, IC Porel, AU Rashid, Harpreet Brar, Arshdeep Singh, Mohammed Shami",2021
2021_32,2021.0,,Sunrisers Hyderabad,Delhi Capitals,Delhi Capitals,Sunrisers Hyderabad,bat,Dubai International Cricket Stadium,Dubai,0,8,A Nortje,134,9,139,2,complete,M Nayyar,KN Ananthapadmanabhan,RK Illingworth,J Madanagopal,K Srinivasan,20,"DA Warner, WP Saha, KS Williamson, MK Pandey, KM Jadhav, Abdul Samad, JO Holder, Rashid Khan, B Kumar, Sandeep Sharma, KK Ahmed","PP Shaw, S Dhawan, SS Iyer, RR Pant, MP Stoinis, SO Hetmyer, AR Patel, R Ashwin, K Rabada, A Nortje, Avesh Khan",2021
2021_33,2021.0,,Mumbai Indians,Kolkata Knight Riders,Kolkata Knight Riders,Kolkata Knight Riders,field,"Zayed Cricket Stadium, Abu Dhabi",Abu Dhabi,0,7,SP Narine,155,6,159,3,complete,V Narayan Kutty,S Ravi,VK Sharma,CB Gaffaney,Tapan Sharma,20,"RG Sharma, Q de Kock, SA Yadav, Ishan Kishan, KA Pollard, KH Pandya, SS Tiwary, AF Milne, RD Chahar, JJ Bumrah, TA Boult","Shubman Gill, VR Iyer, RA Tripathi, EJG Morgan, N Rana, AD Russell, KD Karthik, SP Narine, LH Ferguson, M Prasidh Krishna, CV Varun",2021
2021_34,2021.0,,Royal Challengers Bengaluru,Chennai Super Kings,Chennai Super Kings,Chennai Super Kings,field,Sharjah Cricket Stadium,Sharjah,0,6,DJ Bravo,156,6,157,4,complete,J Srinath,AK Chaudhary,Nitin Menon,MA Gough,Navdeep Singh,20,"V Kohli, D Padikkal, AB de Villiers, GJ Maxwell, TH David, HV Patel, PWH de Silva, KS Bharat, Navdeep Saini, Mohammed Siraj, YS Chahal","RD Gaikwad, F du Plessis, MM Ali, AT Rayudu, SK Raina, MS Dhoni, RA Jadeja, DJ Bravo, SN Thakur, DL Chahar, JR Hazlewood",2021
2021_35,2021.0,,Delhi Capitals,Rajasthan Royals,Delhi Capitals,Rajasthan Royals,field,"Zayed Cricket Stadium, Abu Dhabi",Abu Dhabi,33,0,SS Iyer,154,6,121,6,complete,V Narayan Kutty,CB Gaffaney,UV Gandhe,S Ravi,Tapan Sharma,20,"PP Shaw, S Dhawan, SS Iyer, RR Pant, SO Hetmyer, Lalit Yadav, AR Patel, R Ashwin, K Rabada, A Nortje, Avesh Khan","LS Livingstone, YBK Jaiswal, SV Samson, DA Miller, MK Lomror, R Parag, R Tewatia, T Shamsi, Kartik Tyagi, C Sakariya, Mustafizur Rahman",2021
2021_36,2021.0,,Punjab Kings,Sunrisers Hyderabad,Punjab Kings,Sunrisers Hyderabad,field,Sharjah Cricket Stadium,Sharjah,5,0,JO Holder,125,7,120,7,complete,Prakash Bhatt,RK Illingworth,YC Barde,KN Ananthapadmanabhan,J Madanagopal,20,"KL Rahul, MA Agarwal, CH Gayle, AK Markram, N Pooran, DJ Hooda, Harpreet Brar, NT Ellis, Mohammed Shami, Ravi Bishnoi, Arshdeep Singh","DA Warner, WP Saha, KS Williamson, MK Pandey, KM Jadhav, Abdul Samad, JO Holder, Rashid Khan, B Kumar, Sandeep Sharma, KK Ahmed",2021
2021_37,2021.0,,Royal Challengers Bengaluru,Mumbai Indians,Royal Challengers Bengaluru,Mumbai Indians,field,Dubai International Cricket Stadium,Dubai,54,0,GJ Maxwell,165,6,111,10,complete,M Nayyar,AK Chaudhary,MA Gough,Nitin Menon,HAS Khalid,20,"V Kohli, D Padikkal, KS Bharat, GJ Maxwell, AB de Villiers, DT Christian, Shahbaz Ahmed, KA Jamieson, HV Patel, Mohammed Siraj, YS Chahal","RG Sharma, Q de Kock, Ishan Kishan, SA Yadav, KH Pandya, KA Pollard, HH Pandya, AF Milne, RD Chahar, JJ Bumrah, TA Boult",2021
2021_38,2021.0,,Kolkata Knight Riders,Chennai Super Kings,Chennai Super Kings,Kolkata Knight Riders,bat,"Zayed Cricket Stadium, Abu Dhabi",Abu Dhabi,0,2,RA Jadeja,171,6,172,8,complete,V Narayan Kutty,CB Gaffaney,Tapan Sharma,VK Sharma,UV Gandhe,20,"Shubman Gill, VR Iyer, RA Tripathi, EJG Morgan, N Rana, AD Russell, KD Karthik, SP Narine, LH Ferguson, M Prasidh Krishna, CV Varun","RD Gaikwad, F du Plessis, MM Ali, AT Rayudu, SK Raina, MS Dhoni, RA Jadeja, SM Curran, SN Thakur, DL Chahar, JR Hazlewood",2021
2021_39,2021.0,,Rajasthan Royals,Sunrisers Hyderabad,Sunrisers Hyderabad,Rajasthan Royals,bat,Dubai International Cricket Stadium,Dubai,0,7,JJ Roy,164,5,167,3,complete,J Srinath,KN Ananthapadmanabhan,Navdeep Singh,RK Illingworth,AY Dandekar,20,"E Lewis, YBK Jaiswal, SV Samson, LS Livingstone, MK Lomror, R Parag, R Tewatia, CH Morris, JD Unadkat, C Sakariya, Mustafizur Rahman","JJ Roy, WP Saha, KS Williamson, PK Garg, Abhishek Sharma, JO Holder, Abdul Samad, Rashid Khan, B Kumar, Sandeep Sharma, S Kaul",2021
2021_4,2021.0,,Mumbai Indians,Kolkata Knight Riders,Mumbai Indians,Kolkata Knight Riders,field,"MA Chidambaram Stadium, Chepauk, Chennai",Chennai,10,0,RD Chahar,152,10,142,7,complete,S Chaturvedi,C Shamshuddin,CB Gaffaney,KN Ananthapadmanabhan,HAS Khalid,20,"RG Sharma, Q de Kock, SA Yadav, Ishan Kishan, HH Pandya, KA Pollard, KH Pandya, M Jansen, RD Chahar, JJ Bumrah, TA Boult","N Rana, Shubman Gill, RA Tripathi, EJG Morgan, Shakib Al Hasan, KD Karthik, AD Russell, PJ Cummins, Harbhajan Singh, CV Varun, M Prasidh Krishna",2021
2021_40,2021.0,,Punjab Kings,Mumbai Indians,Mumbai Indians,Mumbai Indians,field,"Zayed Cricket Stadium, Abu Dhabi",Abu Dhabi,0,6,KA Pollard,135,6,137,4,complete,V Narayan Kutty,S Ravi,VK Sharma,UV Gandhe,Tapan Sharma,20,"KL Rahul, Mandeep Singh, CH Gayle, AK Markram, N Pooran, DJ Hooda, Harpreet Brar, NT Ellis, Ravi Bishnoi, Mohammed Shami, Arshdeep Singh","RG Sharma, Q de Kock, SA Yadav, SS Tiwary, HH Pandya, KA Pollard, KH Pandya, NM Coulter-Nile, RD Chahar, TA Boult, JJ Bumrah",2021
2021_41,2021.0,,Delhi Capitals,Kolkata Knight Riders,Kolkata Knight Riders,Kolkata Knight Riders,field,Sharjah Cricket Stadium,Sharjah,0,3,SP Narine,127,9,130,7,complete,Prakash Bhatt,Nitin Menon,HAS Khalid,AK Chaudhary,YC Barde,20,"SPD Smith, S Dhawan, SS Iyer, RR Pant, SO Hetmyer, Lalit Yadav, AR Patel, R Ashwin, K Rabada, Avesh Khan, A Nortje","Shubman Gill, VR Iyer, RA Tripathi, N Rana, EJG Morgan, KD Karthik, SP Narine, TG Southee, LH Ferguson, S Sandeep Warrier, CV Varun",2021
2021_42,2021.0,,Rajasthan Royals,Royal Challengers Bengaluru,Royal Challengers Bengaluru,Royal Challengers Bengaluru,field,Dubai International Cricket Stadium,Dubai,0,7,YS Chahal,149,9,153,3,complete,M Nayyar,AY Dandekar,KN Ananthapadmanabhan,RK Illingworth,K Srinivasan,20,"E Lewis, YBK Jaiswal, SV Samson, MK Lomror, LS Livingstone, R Tewatia, R Parag, CH Morris, C Sakariya, Kartik Tyagi, Mustafizur Rahman","V Kohli, D Padikkal, KS Bharat, GJ Maxwell, AB de Villiers, DT Christian, Shahbaz Ahmed, GHS Garton, HV Patel, Mohammed Siraj, YS Chahal",2021
2021_43,2021.0,,Sunrisers Hyderabad,Chennai Super Kings,Chennai Super Kings,Chennai Super Kings,field,Sharjah Cricket Stadium,Sharjah,0,6,JR Hazlewood,134,7,139,4,complete,Prakash Bhatt,Nitin Menon,YC Barde,MA Gough,HAS Khalid,20,"JJ Roy, WP Saha, KS Williamson, PK Garg, Abhishek Sharma, Abdul Samad, JO Holder, Rashid Khan, B Kumar, Sandeep Sharma, S Kaul","RD Gaikwad, F du Plessis, MM Ali, SK Raina, AT Rayudu, MS Dhoni, RA Jadeja, DJ Bravo, SN Thakur, DL Chahar, JR Hazlewood",2021
2021_44,2021.0,2021-01-10,Kolkata Knight Riders,Punjab Kings,Punjab Kings,Punjab Kings,field,Dubai International Cricket Stadium,Dubai,0,5,KL Rahul,165,7,168,5,complete,M Nayyar,KN Ananthapadmanabhan,RK Illingworth,AY Dandekar,J Madanagopal,20,"VR Iyer, Shubman Gill, RA Tripathi, N Rana, EJG Morgan, KD Karthik, TL Seifert, SP Narine, TG Southee, CV Varun, Shivam Mavi","KL Rahul, MA Agarwal, N Pooran, AK Markram, DJ Hooda, M Shahrukh Khan, FA Allen, NT Ellis, Ravi Bishnoi, Mohammed Shami, Arshdeep Singh",2021
2021_45,2021.0,2021-02-10,Chennai Super Kings,Rajasthan Royals,Rajasthan Royals,Rajasthan Royals,field,"Zayed Cricket Stadium, Abu Dhabi",Abu Dhabi,0,7,RD Gaikwad,189,4,190,3,complete,V Narayan Kutty,CB Gaffaney,VK Sharma,Tapan Sharma,UV Gandhe,20,"RD Gaikwad, F du Plessis, SK Raina, MM Ali, AT Rayudu, RA Jadeja, MS Dhoni, SM Curran, SN Thakur, JR Hazlewood, KM Asif","E Lewis, YBK Jaiswal, SV Samson, S Dube, GD Phillips, DA Miller, R Tewatia, Akash Singh, M Markande, C Sakariya, Mustafizur Rahman",2021
2021_46,2021.0,2021-02-10,Mumbai Indians,Delhi Capitals,Delhi Capitals,Delhi Capitals,field,Sharjah Cricket Stadium,Sharjah,0,4,AR Patel,129,8,132,6,complete,J Srinath,AK Chaudhary,MA Gough,Nitin Menon,Navdeep Singh,20,"RG Sharma, Q de Kock, SA Yadav, SS Tiwary, KA Pollard, HH Pandya, KH Pandya, NM Coulter-Nile, J Yadav, JJ Bumrah, TA Boult","PP Shaw, S Dhawan, SPD Smith, RR Pant, SS Iyer, AR Patel, SO Hetmyer, R Ashwin, K Rabada, Avesh Khan, A Nortje",2021
2021_47,2021.0,2021-03-10,Royal Challengers Bengaluru,Punjab Kings,Royal Challengers Bengaluru,Royal Challengers Bengaluru,bat,Sharjah Cricket Stadium,Sharjah,6,0,GJ Maxwell,164,7,158,6,complete,Prakash Bhatt,KN Ananthapadmanabhan,RK Illingworth,K Srinivasan,YC Barde,20,"V Kohli, D Padikkal, DT Christian, GJ Maxwell, AB de Villiers, Shahbaz Ahmed, KS Bharat, GHS Garton, HV Patel, Mohammed Siraj, YS Chahal","KL Rahul, MA Agarwal, N Pooran, AK Markram, SN Khan, M Shahrukh Khan, MC Henriques, Harpreet Brar, Ravi Bishnoi, Mohammed Shami, Arshdeep Singh",2021
2021_48,2021.0,2021-03-10,Sunrisers Hyderabad,Kolkata Knight Riders,Kolkata Knight Riders,Sunrisers Hyderabad,bat,Dubai International Cricket Stadium,Dubai,0,6,Shubman Gill,115,8,119,4,complete,M Nayyar,J Madanagopal,MA Gough,Navdeep Singh,HAS Khalid,20,"JJ Roy, WP Saha, KS Williamson, PK Garg, Abhishek Sharma, Abdul Samad, JO Holder, Rashid Khan, B Kumar, S Kaul, Umran Malik","Shubman Gill, VR Iyer, RA Tripathi, N Rana, KD Karthik, EJG Morgan, Shakib Al Hasan, SP Narine, TG Southee, CV Varun, Shivam Mavi",2021
2021_49,2021.0,2021-04-10,Chennai Super Kings,Delhi Capitals,Delhi Capitals,Delhi Capitals,field,Dubai International Cricket Stadium,Dubai,0,3,AR Patel,136,5,139,7,complete,J Srinath,AK Chaudhary,Nitin Menon,HAS Khalid,AY Dandekar,20,"RD Gaikwad, F du Plessis, RV Uthappa, MM Ali, AT Rayudu, MS Dhoni, RA Jadeja, DJ Bravo, DL Chahar, SN Thakur, JR Hazlewood","PP Shaw, S Dhawan, SS Iyer, RR Pant, RV Patel, R Ashwin, SO Hetmyer, AR Patel, K Rabada, Avesh Khan, A Nortje",2021
2021_5,2021.0,,Royal Challengers Bengaluru,Sunrisers Hyderabad,Royal Challengers Bengaluru,Sunrisers Hyderabad,field,"MA Chidambaram Stadium, Chepauk, Chennai",Chennai,6,0,GJ Maxwell,149,8,143,9,complete,V Narayan Kutty,Nitin Menon,UV Gandhe,C Shamshuddin,Tapan Sharma,20,"V Kohli, D Padikkal, Shahbaz Ahmed, GJ Maxwell, AB de Villiers, Washington Sundar, DT Christian, KA Jamieson, HV Patel, Mohammed Siraj, YS Chahal","WP Saha, DA Warner, MK Pandey, JM Bairstow, Abdul Samad, V Shankar, JO Holder, Rashid Khan, B Kumar, S Nadeem, T Natarajan",2021
2021_50,2021.0,2021-05-10,Rajasthan Royals,Mumbai Indians,Mumbai Indians,Mumbai Indians,field,Sharjah Cricket Stadium,Sharjah,0,8,NM Coulter-Nile,90,9,94,2,complete,Prakash Bhatt,AK Chaudhary,MA Gough,J Madanagopal,K Srinivasan,20,"E Lewis, YBK Jaiswal, SV Samson, S Dube, GD Phillips, DA Miller, R Tewatia, S Gopal, C Sakariya, K Yadav, Mustafizur Rahman","RG Sharma, Ishan Kishan, SA Yadav, HH Pandya, SS Tiwary, KA Pollard, JDS Neesham, NM Coulter-Nile, J Yadav, JJ Bumrah, TA Boult",2021
2021_51,2021.0,2021-06-10,Sunrisers Hyderabad,Royal Challengers Bengaluru,Sunrisers Hyderabad,Royal Challengers Bengaluru,field,"Zayed Cricket Stadium, Abu Dhabi",Abu Dhabi,4,0,KS Williamson,141,7,137,6,complete,V Narayan Kutty,S Ravi,UV Gandhe,CB Gaffaney,Tapan Sharma,20,"JJ Roy, Abhishek Sharma, KS Williamson, PK Garg, Abdul Samad, WP Saha, JO Holder, Rashid Khan, B Kumar, S Kaul, Umran Malik","V Kohli, D Padikkal, DT Christian, KS Bharat, GJ Maxwell, AB de Villiers, Shahbaz Ahmed, GHS Garton, HV Patel, Mohammed Siraj, YS Chahal",2021
2021_52,2021.0,2021-07-10,Kolkata Knight Riders,Rajasthan Royals,Kolkata Knight Riders,Rajasthan Royals,field,Sharjah Cricket Stadium,Sharjah,86,0,Shivam Mavi,171,4,85,10,complete,M Nayyar,MA Gough,HAS Khalid,YC Barde,Navdeep Singh,20,"Shubman Gill, VR Iyer, N Rana, RA Tripathi, KD Karthik, EJG Morgan, Shakib Al Hasan, SP Narine, LH Ferguson, CV Varun, Shivam Mavi","YBK Jaiswal, LS Livingstone, SV Samson, S Dube, Anuj Rawat, GD Phillips, R Tewatia, CH Morris, JD Unadkat, C Sakariya, Mustafizur Rahman",2021
2021_53,2021.0,2021-07-10,Chennai Super Kings,Punjab Kings,Punjab Kings,Punjab Kings,field,Dubai International Cricket Stadium,Dubai,0,6,KL Rahul,134,6,139,4,complete,J Srinath,K Srinivasan,RK Illingworth,AY Dandekar,J Madanagopal,20,"RD Gaikwad, F du Plessis, MM Ali, RV Uthappa, AT Rayudu, MS Dhoni, RA Jadeja, DJ Bravo, DL Chahar, SN Thakur, JR Hazlewood","KL Rahul, MA Agarwal, SN Khan, M Shahrukh Khan, AK Markram, MC Henriques, CJ Jordan, Harpreet Brar, Ravi Bishnoi, Mohammed Shami, Arshdeep Singh",2021
2021_54,2021.0,2021-08-10,Mumbai Indians,Sunrisers Hyderabad,Mumbai Indians,Mumbai Indians,bat,"Zayed Cricket Stadium, Abu Dhabi",Abu Dhabi,42,0,Ishan Kishan,235,9,193,8,complete,V Narayan Kutty,Tapan Sharma,VK Sharma,Unknown,UV Gandhe,20,"RG Sharma, Ishan Kishan, HH Pandya, KA Pollard, SA Yadav, JDS Neesham, KH Pandya, NM Coulter-Nile, PP Chawla, JJ Bumrah, TA Boult","JJ Roy, Abhishek Sharma, MK Pandey, Mohammad Nabi, Abdul Samad, PK Garg, JO Holder, Rashid Khan, WP Saha, S Kaul, Umran Malik",2021
2021_55,2021.0,2021-08-10,Delhi Capitals,Royal Challengers Bengaluru,Royal Challengers Bengaluru,Royal Challengers Bengaluru,field,Dubai International Cricket Stadium,Dubai,0,7,KS Bharat,164,5,166,3,complete,Prakash Bhatt,KN Ananthapadmanabhan,Nitin Menon,K Srinivasan,Navdeep Singh,20,"PP Shaw, S Dhawan, RR Pant, SS Iyer, SO Hetmyer, RV Patel, AR Patel, R Ashwin, K Rabada, Avesh Khan, A Nortje","V Kohli, D Padikkal, KS Bharat, AB de Villiers, GJ Maxwell, DT Christian, Shahbaz Ahmed, GHS Garton, HV Patel, Mohammed Siraj, YS Chahal",2021
2021_56,2021.0,2021-10-10,Delhi Capitals,Chennai Super Kings,Chennai Super Kings,Chennai Super Kings,field,Dubai International Cricket Stadium,Dubai,0,4,RD Gaikwad,172,5,173,6,complete,J Srinath,Nitin Menon,RK Illingworth,MA Gough,KN Ananthapadmanabhan,20,"PP Shaw, S Dhawan, SS Iyer, AR Patel, RR Pant, SO Hetmyer, TK Curran, R Ashwin, K Rabada, Avesh Khan, A Nortje","RD Gaikwad, F du Plessis, RV Uthappa, SN Thakur, AT Rayudu, MM Ali, MS Dhoni, RA Jadeja, DJ Bravo, DL Chahar, JR Hazlewood",2021
2021_57,2021.0,2021-11-10,Royal Challengers Bengaluru,Kolkata Knight Riders,Kolkata Knight Riders,Royal Challengers Bengaluru,bat,Sharjah Cricket Stadium,Sharjah,0,4,SP Narine,138,7,139,6,complete,M Nayyar,CB Gaffaney,VK Sharma,AK Chaudhary,S Ravi,20,"D Padikkal, V Kohli, KS Bharat, GJ Maxwell, AB de Villiers, Shahbaz Ahmed, DT Christian, HV Patel, GHS Garton, Mohammed Siraj, YS Chahal","Shubman Gill, VR Iyer, RA Tripathi, N Rana, SP Narine, KD Karthik, EJG Morgan, Shakib Al Hasan, LH Ferguson, Shivam Mavi, CV Varun",2021
2021_58,2021.0,,Delhi Capitals,Kolkata Knight Riders,Kolkata Knight Riders,Kolkata Knight Riders,field,Sharjah Cricket Stadium,Sharjah,0,3,VR Iyer,135,5,136,7,complete,M Nayyar,KN Ananthapadmanabhan,MA Gough,CB Gaffaney,AK Chaudhary,20,"PP Shaw, S Dhawan, MP Stoinis, SS Iyer, RR Pant, SO Hetmyer, AR Patel, R Ashwin, K Rabada, Avesh Khan, A Nortje","Shubman Gill, VR Iyer, N Rana, RA Tripathi, KD Karthik, EJG Morgan, Shakib Al Hasan, SP Narine, LH Ferguson, Shivam Mavi, CV Varun",2021
2021_59,2021.0,,Chennai Super Kings,Kolkata Knight Riders,Chennai Super Kings,Kolkata Knight Riders,field,Dubai International Cricket Stadium,Dubai,27,0,F du Plessis,192,3,165,9,complete,J Srinath,Nitin Menon,RK Illingworth,S Ravi,VK Sharma,20,"RD Gaikwad, F du Plessis, RV Uthappa, MM Ali, AT Rayudu, MS Dhoni, RA Jadeja, DJ Bravo, SN Thakur, DL Chahar, JR Hazlewood","Shubman Gill, VR Iyer, N Rana, SP Narine, EJG Morgan, KD Karthik, Shakib Al Hasan, RA Tripathi, LH Ferguson, Shivam Mavi, CV Varun",2021
2021_6,2021.0,,Delhi Capitals,Rajasthan Royals,Rajasthan Royals,Rajasthan Royals,field,"Wankhede Stadium, Mumbai",Mumbai,0,3,JD Unadkat,147,8,150,7,complete,Shakti Singh,S Ravi,VK Sharma,AK Chaudhary,J Madanagopal,20,"PP Shaw, S Dhawan, AM Rahane, RR Pant, MP Stoinis, Lalit Yadav, TK Curran, CR Woakes, R Ashwin, K Rabada, Avesh Khan","JC Buttler, M Vohra, SV Samson, S Dube, DA Miller, R Parag, R Tewatia, CH Morris, JD Unadkat, C Sakariya, Mustafizur Rahman",2021
2021_7,2021.0,,Punjab Kings,Chennai Super Kings,Chennai Super Kings,Chennai Super Kings,field,"Wankhede Stadium, Mumbai",Mumbai,0,6,DL Chahar,106,8,107,4,complete,Prakash Bhatt,AK Chaudhary,AY Dandekar,VK Sharma,Navdeep Singh,20,"KL Rahul, MA Agarwal, CH Gayle, DJ Hooda, N Pooran, M Shahrukh Khan, JA Richardson, M Ashwin, Mohammed Shami, RP Meredith, Arshdeep Singh","RD Gaikwad, F du Plessis, MM Ali, SK Raina, AT Rayudu, SM Curran, RA Jadeja, MS Dhoni, DJ Bravo, SN Thakur, DL Chahar",2021
2021_8,2021.0,,Mumbai Indians,Sunrisers Hyderabad,Mumbai Indians,Mumbai Indians,bat,"MA Chidambaram Stadium, Chepauk, Chennai",Chennai,13,0,KA Pollard,150,5,137,10,complete,S Chaturvedi,CB Gaffaney,K Srinivasan,KN Ananthapadmanabhan,Tapan Sharma,20,"Q de Kock, RG Sharma, SA Yadav, Ishan Kishan, KA Pollard, HH Pandya, KH Pandya, AF Milne, RD Chahar, JJ Bumrah, TA Boult","DA Warner, JM Bairstow, MK Pandey, Virat Singh, V Shankar, Abhishek Sharma, Abdul Samad, Rashid Khan, B Kumar, Mujeeb Ur Rahman, KK Ahmed",2021
2021_9,2021.0,,Punjab Kings,Delhi Capitals,Delhi Capitals,Delhi Capitals,field,"Wankhede Stadium, Mumbai",Mumbai,0,6,S Dhawan,195,4,198,4,complete,M Nayyar,AK Chaudhary,PR Reiffel,S Ravi,J Madanagopal,20,"KL Rahul, MA Agarwal, CH Gayle, DJ Hooda, N Pooran, M Shahrukh Khan, Jalaj S Saxena, JA Richardson, Mohammed Shami, RP Meredith, Arshdeep Singh","PP Shaw, S Dhawan, SPD Smith, RR Pant, MP Stoinis, Lalit Yadav, LI Meriwala, CR Woakes, R Ashwin, K Rabada, Avesh Khan",2021
2022_0,2022.0,2022-03-26,Chennai Super Kings,Kolkata Knight Riders,Kolkata Knight Riders,Kolkata Knight Riders,field,"Wankhede Stadium, Mumbai",Mumbai,0,6,UT Yadav,131,5,133,4,complete,M Nayyar,AK Chaudhary,Nitin Menon,VK Sharma,Chirra Ravikanthreddy,20,"RD Gaikwad, DP Conway, RV Uthappa, AT Rayudu, RA Jadeja, S Dube, MS Dhoni, DJ Bravo, MJ Santner, AF Milne, TU Deshpande","AM Rahane, VR Iyer, N Rana, SS Iyer, SW Billings, SP Jackson, AD Russell, SP Narine, UT Yadav, Shivam Mavi, CV Varun",2022
2022_1,2022.0,2022-03-27,Mumbai Indians,Delhi Capitals,Delhi Capitals,Delhi Capitals,field,"Brabourne Stadium, Mumbai",Mumbai,0,4,Kuldeep Yadav,177,5,179,6,complete,Prakash Bhatt,RJ Tucker,HAS Khalid,J Madanagopal,N Pandit,20,"RG Sharma, Ishan Kishan, Anmolpreet Singh, Tilak Varma, KA Pollard, TH David, DR Sams, M Ashwin, TS Mills, JJ Bumrah, Basil Thampi","PP Shaw, TL Seifert, Mandeep Singh, RR Pant, Lalit Yadav, R Powell, SN Thakur, AR Patel, Kuldeep Yadav, KK Ahmed, KL Nagarkoti",2022
2022_10,2022.0,2022-04-03,Punjab Kings,Chennai Super Kings,Punjab Kings,Chennai Super Kings,field,"Brabourne Stadium, Mumbai",Mumbai,54,0,LS Livingstone,180,8,126,10,complete,J Srinath,RJ Tucker,YC Barde,AK Chaudhary,R Pandit,20,"MA Agarwal, S Dhawan, PBB Rajapaksa, LS Livingstone, JM Sharma, M Shahrukh Khan, OF Smith, K Rabada, RD Chahar, VG Arora, Arshdeep Singh","RV Uthappa, RD Gaikwad, MM Ali, AT Rayudu, RA Jadeja, S Dube, MS Dhoni, DJ Bravo, D Pretorius, CJ Jordan, Mukesh Choudhary",2022
2022_11,2022.0,2022-04-04,Lucknow Super Giants,Sunrisers Hyderabad,Lucknow Super Giants,Sunrisers Hyderabad,field,"Dr DY Patil Sports Academy, Mumbai",Mumbai,12,0,Avesh Khan,169,7,157,9,complete,M Nayyar,J Madanagopal,Navdeep Singh,VK Sharma,GR Sadashiv Iyer,20,"KL Rahul, Q de Kock, E Lewis, MK Pandey, DJ Hooda, A Badoni, KH Pandya, JO Holder, AJ Tye, Ravi Bishnoi, Avesh Khan","Abhishek Sharma, KS Williamson, RA Tripathi, AK Markram, N Pooran, Washington Sundar, Abdul Samad, R Shepherd, B Kumar, Umran Malik, T Natarajan",2022
2022_12,2022.0,2022-04-05,Rajasthan Royals,Royal Challengers Bengaluru,Royal Challengers Bengaluru,Royal Challengers Bengaluru,field,"Wankhede Stadium, Mumbai",Mumbai,0,4,KD Karthik,169,3,173,6,complete,Prakash Bhatt,AK Chaudhary,HAS Khalid,Nitin Menon,NA Patwardhan,20,"JC Buttler, YBK Jaiswal, D Padikkal, SV Samson, SO Hetmyer, R Parag, R Ashwin, Navdeep Saini, TA Boult, YS Chahal, M Prasidh Krishna","F du Plessis, Anuj Rawat, V Kohli, DJ Willey, SE Rutherford, Shahbaz Ahmed, KD Karthik, HV Patel, PWH de Silva, Mohammed Siraj, Akash Deep",2022
2022_13,2022.0,2022-04-06,Mumbai Indians,Kolkata Knight Riders,Kolkata Knight Riders,Kolkata Knight Riders,field,"Maharashtra Cricket Association Stadium, Pune",Pune,0,5,PJ Cummins,161,4,162,5,complete,V Narayan Kutty,BNJ Oxenford,KN Ananthapadmanabhan,UV Gandhe,MV Saidharshan Kumar,20,"RG Sharma, Ishan Kishan, D Brevis, SA Yadav, Tilak Varma, KA Pollard, DR Sams, M Ashwin, TS Mills, JJ Bumrah, Basil Thampi","AM Rahane, VR Iyer, SS Iyer, SW Billings, N Rana, AD Russell, PJ Cummins, SP Narine, Rasikh Salam, UT Yadav, CV Varun",2022
2022_14,2022.0,2022-04-07,Delhi Capitals,Lucknow Super Giants,Lucknow Super Giants,Lucknow Super Giants,field,"Dr DY Patil Sports Academy, Mumbai",Mumbai,0,6,Q de Kock,149,3,155,4,complete,Shakti Singh,RJ Tucker,Tapan Sharma,J Madanagopal,A Totre,20,"PP Shaw, DA Warner, R Powell, RR Pant, SN Khan, Lalit Yadav, AR Patel, SN Thakur, Kuldeep Yadav, Mustafizur Rahman, A Nortje","KL Rahul, Q de Kock, E Lewis, DJ Hooda, KH Pandya, A Badoni, K Gowtham, JO Holder, Avesh Khan, AJ Tye, Ravi Bishnoi",2022
2022_15,2022.0,2022-04-08,Punjab Kings,Gujarat Titans,Gujarat Titans,Gujarat Titans,field,"Brabourne Stadium, Mumbai",Mumbai,0,6,Shubman Gill,189,9,190,4,complete,J Srinath,AK Chaudhary,VK Sharma,PG Pathak,Chirra Ravikanthreddy,20,"MA Agarwal, S Dhawan, JM Bairstow, LS Livingstone, JM Sharma, OF Smith, M Shahrukh Khan, K Rabada, RD Chahar, VG Arora, Arshdeep Singh","MS Wade, Shubman Gill, B Sai Sudharsan, HH Pandya, DA Miller, R Tewatia, A Manohar, Rashid Khan, DG Nalkande, Mohammed Shami, LH Ferguson",2022
2022_16,2022.0,2022-04-09,Mumbai Indians,Royal Challengers Bengaluru,Royal Challengers Bengaluru,Royal Challengers Bengaluru,field,"Maharashtra Cricket Association Stadium, Pune",Pune,0,7,Anuj Rawat,151,6,152,3,complete,V Narayan Kutty,BNJ Oxenford,KN Ananthapadmanabhan,UV Gandhe,Vinod Seshan,20,"Ishan Kishan, RG Sharma, D Brevis, SA Yadav, Tilak Varma, KA Pollard, Ramandeep Singh, JD Unadkat, M Ashwin, JJ Bumrah, Basil Thampi","F du Plessis, Anuj Rawat, V Kohli, KD Karthik, GJ Maxwell, DJ Willey, Shahbaz Ahmed, PWH de Silva, HV Patel, Mohammed Siraj, Akash Deep",2022
2022_17,2022.0,2022-04-09,Chennai Super Kings,Sunrisers Hyderabad,Sunrisers Hyderabad,Sunrisers Hyderabad,field,"Dr DY Patil Sports Academy, Mumbai",Mumbai,0,8,Abhishek Sharma,154,7,155,2,complete,J Srinath,Navdeep Singh,Nitin Menon,YC Barde,N Pandit,20,"RV Uthappa, RD Gaikwad, MM Ali, AT Rayudu, S Dube, RA Jadeja, MS Dhoni, DJ Bravo, CJ Jordan, M Theekshana, Mukesh Choudhary","Abhishek Sharma, KS Williamson, RA Tripathi, N Pooran, AK Markram, Shashank Singh, Washington Sundar, B Kumar, M Jansen, Umran Malik, T Natarajan",2022
2022_18,2022.0,2022-04-10,Rajasthan Royals,Lucknow Super Giants,Rajasthan Royals,Lucknow Super Giants,field,"Wankhede Stadium, Mumbai",Mumbai,3,0,YS Chahal,165,6,162,8,complete,J Srinath,AK Chaudhary,Tapan Sharma,PG Pathak,GR Sadashiv Iyer,20,"JC Buttler, D Padikkal, SV Samson, HE van der Dussen, SO Hetmyer, R Ashwin, R Parag, TA Boult, YS Chahal, KR Sen, M Prasidh Krishna","KL Rahul, Q de Kock, K Gowtham, JO Holder, DJ Hooda, A Badoni, KH Pandya, MP Stoinis, PVD Chameera, Avesh Khan, Ravi Bishnoi",2022
2022_19,2022.0,2022-04-10,Delhi Capitals,Kolkata Knight Riders,Delhi Capitals,Kolkata Knight Riders,field,"Brabourne Stadium, Mumbai",Mumbai,44,0,Kuldeep Yadav,215,5,171,10,complete,Prakash Bhatt,CB Gaffaney,J Madanagopal,HAS Khalid,R Pandit,20,"PP Shaw, DA Warner, RR Pant, Lalit Yadav, R Powell, AR Patel, SN Thakur, SN Khan, Kuldeep Yadav, Mustafizur Rahman, KK Ahmed","AM Rahane, VR Iyer, SS Iyer, N Rana, AD Russell, SW Billings, PJ Cummins, SP Narine, UT Yadav, Rasikh Salam, CV Varun",2022
2022_2,2022.0,2022-03-27,Royal Challengers Bengaluru,Punjab Kings,Punjab Kings,Punjab Kings,field,"Dr DY Patil Sports Academy, Mumbai",Mumbai,0,5,OF Smith,205,2,208,5,complete,M Nayyar,Nitin Menon,YC Barde,AK Chaudhary,R Pandit,20,"F du Plessis, Anuj Rawat, V Kohli, KD Karthik, SE Rutherford, DJ Willey, Shahbaz Ahmed, PWH de Silva, HV Patel, Mohammed Siraj, Akash Deep","MA Agarwal, S Dhawan, PBB Rajapaksa, LS Livingstone, RA Bawa, M Shahrukh Khan, OF Smith, Harpreet Brar, Arshdeep Singh, Sandeep Sharma, RD Chahar",2022
2022_20,2022.0,2022-04-11,Gujarat Titans,Sunrisers Hyderabad,Sunrisers Hyderabad,Sunrisers Hyderabad,field,"Dr DY Patil Sports Academy, Mumbai",Mumbai,0,8,KS Williamson,162,7,168,3,complete,DS Manohar,Chirra Ravikanthreddy,RJ Tucker,VK Sharma,NA Patwardhan,20,"MS Wade, Shubman Gill, B Sai Sudharsan, HH Pandya, DA Miller, A Manohar, R Tewatia, Rashid Khan, DG Nalkande, Mohammed Shami, LH Ferguson","Abhishek Sharma, KS Williamson, RA Tripathi, N Pooran, AK Markram, Shashank Singh, Washington Sundar, M Jansen, B Kumar, T Natarajan, Umran Malik",2022
2022_21,2022.0,2022-04-12,Chennai Super Kings,Royal Challengers Bengaluru,Chennai Super Kings,Royal Challengers Bengaluru,field,"Dr DY Patil Sports Academy, Mumbai",Mumbai,23,0,S Dube,216,4,193,9,complete,J Srinath,Nitin Menon,N Pandit,YC Barde,A Totre,20,"RD Gaikwad, RV Uthappa, MM Ali, S Dube, RA Jadeja, MS Dhoni, AT Rayudu, DJ Bravo, CJ Jordan, M Theekshana, Mukesh Choudhary","F du Plessis, Anuj Rawat, V Kohli, GJ Maxwell, Shahbaz Ahmed, SS Prabhudessai, KD Karthik, PWH de Silva, Akash Deep, Mohammed Siraj, JR Hazlewood",2022
2022_22,2022.0,2022-04-13,Punjab Kings,Mumbai Indians,Punjab Kings,Mumbai Indians,field,"Maharashtra Cricket Association Stadium, Pune",Pune,12,0,MA Agarwal,198,5,186,9,complete,V Narayan Kutty,BNJ Oxenford,UV Gandhe,KN Ananthapadmanabhan,MV Saidharshan Kumar,20,"MA Agarwal, S Dhawan, JM Bairstow, LS Livingstone, JM Sharma, M Shahrukh Khan, OF Smith, K Rabada, RD Chahar, VG Arora, Arshdeep Singh","RG Sharma, Ishan Kishan, D Brevis, Tilak Varma, SA Yadav, KA Pollard, JD Unadkat, M Ashwin, JJ Bumrah, TS Mills, Basil Thampi",2022
2022_23,2022.0,2022-04-14,Gujarat Titans,Rajasthan Royals,Gujarat Titans,Rajasthan Royals,field,"Dr DY Patil Sports Academy, Mumbai",Mumbai,37,0,HH Pandya,192,4,155,9,complete,M Nayyar,CB Gaffaney,R Pandit,J Madanagopal,Tapan Sharma,20,"MS Wade, Shubman Gill, V Shankar, HH Pandya, A Manohar, DA Miller, R Tewatia, Rashid Khan, Mohammed Shami, LH Ferguson, Yash Dayal","JC Buttler, D Padikkal, R Ashwin, SV Samson, HE van der Dussen, SO Hetmyer, R Parag, JDS Neesham, M Prasidh Krishna, YS Chahal, KR Sen",2022
2022_24,2022.0,2022-04-15,Kolkata Knight Riders,Sunrisers Hyderabad,Sunrisers Hyderabad,Sunrisers Hyderabad,field,"Brabourne Stadium, Mumbai",Mumbai,0,7,RA Tripathi,175,8,176,3,complete,Prakash Bhatt,GR Sadashiv Iyer,VK Sharma,HAS Khalid,PG Pathak,20,"VR Iyer, AJ Finch, SS Iyer, SP Narine, N Rana, SP Jackson, AD Russell, PJ Cummins, Aman Hakim Khan, UT Yadav, CV Varun","Abhishek Sharma, KS Williamson, RA Tripathi, AK Markram, N Pooran, Shashank Singh, J Suchith, M Jansen, B Kumar, T Natarajan, Umran Malik",2022
2022_25,2022.0,2022-04-16,Lucknow Super Giants,Mumbai Indians,Lucknow Super Giants,Mumbai Indians,field,"Brabourne Stadium, Mumbai",Mumbai,18,0,KL Rahul,199,4,181,9,complete,Shakti Singh,AK Chaudhary,NA Patwardhan,Navdeep Singh,YC Barde,20,"KL Rahul, Q de Kock, MK Pandey, MP Stoinis, DJ Hooda, KH Pandya, A Badoni, JO Holder, PVD Chameera, Avesh Khan, Ravi Bishnoi","Ishan Kishan, RG Sharma, D Brevis, SA Yadav, Tilak Varma, KA Pollard, FA Allen, JD Unadkat, M Ashwin, JJ Bumrah, TS Mills",2022
2022_26,2022.0,2022-04-16,Royal Challengers Bengaluru,Delhi Capitals,Royal Challengers Bengaluru,Delhi Capitals,field,"Wankhede Stadium, Mumbai",Mumbai,16,0,KD Karthik,189,5,173,7,complete,J Srinath,Chirra Ravikanthreddy,J Madanagopal,CB Gaffaney,N Pandit,20,"F du Plessis, Anuj Rawat, V Kohli, GJ Maxwell, SS Prabhudessai, Shahbaz Ahmed, KD Karthik, PWH de Silva, Mohammed Siraj, HV Patel, JR Hazlewood","PP Shaw, DA Warner, MR Marsh, RR Pant, R Powell, Lalit Yadav, SN Thakur, AR Patel, Kuldeep Yadav, Mustafizur Rahman, KK Ahmed",2022
2022_27,2022.0,2022-04-17,Chennai Super Kings,Gujarat Titans,Gujarat Titans,Gujarat Titans,field,"Maharashtra Cricket Association Stadium, Pune",Pune,0,3,DA Miller,169,5,170,7,complete,V Narayan Kutty,KN Ananthapadmanabhan,UV Gandhe,BNJ Oxenford,Vinod Seshan,20,"RD Gaikwad, RV Uthappa, MM Ali, AT Rayudu, S Dube, RA Jadeja, MS Dhoni, DJ Bravo, CJ Jordan, M Theekshana, Mukesh Choudhary","WP Saha, Shubman Gill, V Shankar, A Manohar, DA Miller, R Tewatia, Rashid Khan, AS Joseph, LH Ferguson, Mohammed Shami, Yash Dayal",2022
2022_28,2022.0,2022-04-17,Punjab Kings,Sunrisers Hyderabad,Sunrisers Hyderabad,Sunrisers Hyderabad,field,"Dr DY Patil Sports Academy, Mumbai",Mumbai,0,7,Umran Malik,151,10,152,3,complete,DS Manohar,PG Pathak,R Pandit,RJ Tucker,A Totre,20,"S Dhawan, P Simran Singh, JM Bairstow, LS Livingstone, JM Sharma, M Shahrukh Khan, OF Smith, K Rabada, RD Chahar, VG Arora, Arshdeep Singh","Abhishek Sharma, KS Williamson, RA Tripathi, AK Markram, N Pooran, Shashank Singh, J Suchith, B Kumar, M Jansen, T Natarajan, Umran Malik",2022
2022_29,2022.0,2022-04-18,Rajasthan Royals,Kolkata Knight Riders,Rajasthan Royals,Kolkata Knight Riders,field,"Brabourne Stadium, Mumbai",Mumbai,7,0,YS Chahal,217,5,210,10,complete,M Nayyar,GR Sadashiv Iyer,VK Sharma,Nitin Menon,NA Patwardhan,20,"JC Buttler, D Padikkal, SV Samson, SO Hetmyer, R Parag, KK Nair, R Ashwin, TA Boult, OC McCoy, M Prasidh Krishna, YS Chahal","AJ Finch, SP Narine, SS Iyer, N Rana, AD Russell, VR Iyer, SP Jackson, Shivam Mavi, PJ Cummins, UT Yadav, CV Varun",2022
2022_3,2022.0,2022-03-28,Lucknow Super Giants,Gujarat Titans,Gujarat Titans,Gujarat Titans,field,"Wankhede Stadium, Mumbai",Mumbai,0,5,Mohammed Shami,158,6,161,5,complete,DS Manohar,PG Pathak,VK Sharma,RJ Tucker,GR Sadashiv Iyer,20,"KL Rahul, Q de Kock, E Lewis, MK Pandey, DJ Hooda, A Badoni, KH Pandya, PVD Chameera, Mohsin Khan, Ravi Bishnoi, Avesh Khan","Shubman Gill, MS Wade, V Shankar, HH Pandya, DA Miller, R Tewatia, A Manohar, Rashid Khan, LH Ferguson, Mohammed Shami, VR Aaron",2022
2022_30,2022.0,2022-04-19,Royal Challengers Bengaluru,Lucknow Super Giants,Royal Challengers Bengaluru,Lucknow Super Giants,field,"Dr DY Patil Sports Academy, Mumbai",Mumbai,18,0,F du Plessis,181,6,163,8,complete,Prakash Bhatt,CB Gaffaney,N Pandit,J Madanagopal,Chirra Ravikanthreddy,20,"Anuj Rawat, F du Plessis, V Kohli, GJ Maxwell, SS Prabhudessai, Shahbaz Ahmed, KD Karthik, HV Patel, PWH de Silva, JR Hazlewood, Mohammed Siraj","Q de Kock, KL Rahul, MK Pandey, KH Pandya, DJ Hooda, A Badoni, MP Stoinis, JO Holder, PVD Chameera, Ravi Bishnoi, Avesh Khan",2022
2022_31,2022.0,2022-04-20,Punjab Kings,Delhi Capitals,Delhi Capitals,Delhi Capitals,field,"Brabourne Stadium, Mumbai",Mumbai,0,9,Kuldeep Yadav,115,10,119,1,complete,Shakti Singh,RJ Tucker,Tapan Sharma,AK Chaudhary,R Pandit,20,"MA Agarwal, S Dhawan, JM Bairstow, LS Livingstone, JM Sharma, M Shahrukh Khan, K Rabada, NT Ellis, RD Chahar, Arshdeep Singh, VG Arora","PP Shaw, DA Warner, SN Khan, RR Pant, R Powell, Lalit Yadav, SN Thakur, AR Patel, Kuldeep Yadav, Mustafizur Rahman, KK Ahmed",2022
2022_32,2022.0,2022-04-21,Mumbai Indians,Chennai Super Kings,Chennai Super Kings,Chennai Super Kings,field,"Dr DY Patil Sports Academy, Mumbai",Navi Mumbai,0,3,Mukesh Choudhary,155,7,156,7,complete,V Narayan Kutty,BNJ Oxenford,UV Gandhe,KN Ananthapadmanabhan,MV Saidharshan Kumar,20,"RG Sharma, Ishan Kishan, D Brevis, SA Yadav, Tilak Varma, HR Shokeen, KA Pollard, DR Sams, JD Unadkat, RP Meredith, JJ Bumrah","RD Gaikwad, RV Uthappa, MJ Santner, AT Rayudu, S Dube, RA Jadeja, MS Dhoni, D Pretorius, DJ Bravo, Mukesh Choudhary, M Theekshana",2022
2022_33,2022.0,2022-04-22,Rajasthan Royals,Delhi Capitals,Rajasthan Royals,Delhi Capitals,field,"Wankhede Stadium, Mumbai",Mumbai,15,0,JC Buttler,222,2,207,8,complete,DS Manohar,NA Patwardhan,Nitin Menon,YC Barde,GR Sadashiv Iyer,20,"JC Buttler, D Padikkal, SV Samson, SO Hetmyer, R Parag, KK Nair, R Ashwin, TA Boult, OC McCoy, M Prasidh Krishna, YS Chahal","PP Shaw, DA Warner, SN Khan, RR Pant, Lalit Yadav, AR Patel, SN Thakur, R Powell, Kuldeep Yadav, Mustafizur Rahman, KK Ahmed",2022
2022_34,2022.0,2022-04-23,Royal Challengers Bengaluru,Sunrisers Hyderabad,Sunrisers Hyderabad,Sunrisers Hyderabad,field,"Brabourne Stadium, Mumbai",Mumbai,0,9,M Jansen,68,10,72,1,complete,M Nayyar,Chirra Ravikanthreddy,J Madanagopal,CB Gaffaney,HAS Khalid,20,"F du Plessis, Anuj Rawat, V Kohli, GJ Maxwell, SS Prabhudessai, Shahbaz Ahmed, KD Karthik, HV Patel, PWH de Silva, JR Hazlewood, Mohammed Siraj","Abhishek Sharma, KS Williamson, RA Tripathi, AK Markram, N Pooran, Shashank Singh, J Suchith, B Kumar, M Jansen, T Natarajan, Umran Malik",2022
2022_35,2022.0,2022-04-23,Gujarat Titans,Kolkata Knight Riders,Gujarat Titans,Gujarat Titans,bat,"Dr DY Patil Sports Academy, Mumbai",Navi Mumbai,8,0,Rashid Khan,156,9,148,8,complete,V Narayan Kutty,KN Ananthapadmanabhan,UV Gandhe,BNJ Oxenford,Vinod Seshan,20,"WP Saha, Shubman Gill, HH Pandya, DA Miller, R Tewatia, Rashid Khan, A Manohar, LH Ferguson, AS Joseph, Yash Dayal, Mohammed Shami","SW Billings, SP Narine, SS Iyer, N Rana, RK Singh, VR Iyer, AD Russell, Shivam Mavi, UT Yadav, TG Southee, CV Varun",2022
2022_36,2022.0,2022-04-24,Lucknow Super Giants,Mumbai Indians,Lucknow Super Giants,Mumbai Indians,field,"Wankhede Stadium, Mumbai",Mumbai,36,0,KL Rahul,168,6,132,8,complete,Shakti Singh,M Erasmus,HAS Khalid,VK Sharma,N Pandit,20,"Q de Kock, KL Rahul, MK Pandey, MP Stoinis, KH Pandya, DJ Hooda, A Badoni, JO Holder, PVD Chameera, Ravi Bishnoi, Mohsin Khan","Ishan Kishan, RG Sharma, D Brevis, SA Yadav, Tilak Varma, KA Pollard, DR Sams, JD Unadkat, HR Shokeen, JJ Bumrah, RP Meredith",2022
2022_37,2022.0,2022-04-25,Punjab Kings,Chennai Super Kings,Punjab Kings,Chennai Super Kings,field,"Wankhede Stadium, Mumbai",Mumbai,11,0,S Dhawan,187,4,176,6,complete,Prakash Bhatt,M Erasmus,Tapan Sharma,PG Pathak,R Pandit,20,"MA Agarwal, S Dhawan, PBB Rajapaksa, LS Livingstone, JM Bairstow, JM Sharma, R Dhawan, K Rabada, RD Chahar, Arshdeep Singh, Sandeep Sharma","RD Gaikwad, RV Uthappa, MJ Santner, S Dube, AT Rayudu, RA Jadeja, MS Dhoni, D Pretorius, DJ Bravo, Mukesh Choudhary, M Theekshana",2022
2022_38,2022.0,2022-04-26,Rajasthan Royals,Royal Challengers Bengaluru,Rajasthan Royals,Royal Challengers Bengaluru,field,"Maharashtra Cricket Association Stadium, Pune",Pune,29,0,R Parag,144,8,115,10,complete,V Narayan Kutty,BNJ Oxenford,KN Ananthapadmanabhan,UV Gandhe,MV Saidharshan Kumar,20,"JC Buttler, D Padikkal, R Ashwin, SV Samson, DJ Mitchell, R Parag, SO Hetmyer, TA Boult, M Prasidh Krishna, YS Chahal, KR Sen","V Kohli, F du Plessis, RM Patidar, GJ Maxwell, Shahbaz Ahmed, SS Prabhudessai, KD Karthik, PWH de Silva, HV Patel, Mohammed Siraj, JR Hazlewood",2022
2022_39,2022.0,2022-04-27,Sunrisers Hyderabad,Gujarat Titans,Gujarat Titans,Gujarat Titans,field,"Wankhede Stadium, Mumbai",Mumbai,0,5,Umran Malik,195,6,199,5,complete,Shakti Singh,CB Gaffaney,Navdeep Singh,J Madanagopal,GR Sadashiv Iyer,20,"Abhishek Sharma, KS Williamson, RA Tripathi, AK Markram, N Pooran, Washington Sundar, Shashank Singh, M Jansen, B Kumar, T Natarajan, Umran Malik","WP Saha, Shubman Gill, HH Pandya, DA Miller, R Tewatia, A Manohar, Rashid Khan, LH Ferguson, AS Joseph, Yash Dayal, Mohammed Shami",2022
2022_4,2022.0,2022-03-29,Rajasthan Royals,Sunrisers Hyderabad,Rajasthan Royals,Sunrisers Hyderabad,field,"Maharashtra Cricket Association Stadium, Pune",Pune,61,0,SV Samson,210,6,149,7,complete,Shakti Singh,BNJ Oxenford,UV Gandhe,KN Ananthapadmanabhan,MV Saidharshan Kumar,20,"JC Buttler, YBK Jaiswal, SV Samson, D Padikkal, SO Hetmyer, R Parag, NM Coulter-Nile, R Ashwin, YS Chahal, TA Boult, M Prasidh Krishna","KS Williamson, Abhishek Sharma, RA Tripathi, N Pooran, AK Markram, Abdul Samad, R Shepherd, Washington Sundar, B Kumar, Umran Malik, T Natarajan",2022
2022_40,2022.0,2022-04-28,Kolkata Knight Riders,Delhi Capitals,Delhi Capitals,Delhi Capitals,field,"Wankhede Stadium, Mumbai",Mumbai,0,4,Kuldeep Yadav,146,9,150,6,complete,DS Manohar,AK Chaudhary,PG Pathak,Nitin Menon,A Totre,20,"AJ Finch, VR Iyer, SS Iyer, B Indrajith, SP Narine, N Rana, AD Russell, RK Singh, UT Yadav, TG Southee, Harshit Rana","PP Shaw, DA Warner, MR Marsh, Lalit Yadav, RR Pant, R Powell, AR Patel, SN Thakur, Kuldeep Yadav, Mustafizur Rahman, C Sakariya",2022
2022_41,2022.0,2022-04-29,Lucknow Super Giants,Punjab Kings,Lucknow Super Giants,Punjab Kings,field,"Maharashtra Cricket Association Stadium, Pune",Pune,20,0,KH Pandya,153,8,133,8,complete,V Narayan Kutty,MA Gough,UV Gandhe,KN Ananthapadmanabhan,Vinod Seshan,20,"Q de Kock, KL Rahul, DJ Hooda, KH Pandya, MP Stoinis, A Badoni, JO Holder, PVD Chameera, Mohsin Khan, Avesh Khan, Ravi Bishnoi","MA Agarwal, S Dhawan, JM Bairstow, PBB Rajapaksa, LS Livingstone, JM Sharma, R Dhawan, K Rabada, RD Chahar, Arshdeep Singh, Sandeep Sharma",2022
2022_42,2022.0,2022-04-30,Royal Challengers Bengaluru,Gujarat Titans,Gujarat Titans,Royal Challengers Bengaluru,bat,"Brabourne Stadium, Mumbai",Mumbai,0,6,R Tewatia,170,6,174,4,complete,Shakti Singh,HAS Khalid,VK Sharma,Nitin Menon,Chirra Ravikanthreddy,20,"V Kohli, F du Plessis, RM Patidar, GJ Maxwell, KD Karthik, Shahbaz Ahmed, MK Lomror, PWH de Silva, HV Patel, JR Hazlewood, Mohammed Siraj","WP Saha, Shubman Gill, B Sai Sudharsan, HH Pandya, DA Miller, R Tewatia, Rashid Khan, PJ Sangwan, AS Joseph, LH Ferguson, Mohammed Shami",2022
2022_43,2022.0,2022-04-30,Rajasthan Royals,Mumbai Indians,Mumbai Indians,Mumbai Indians,field,"Dr DY Patil Sports Academy, Mumbai",Navi Mumbai,0,5,SA Yadav,158,6,161,5,complete,M Nayyar,BNJ Oxenford,YC Barde,Navdeep Singh,Tapan Sharma,20,"JC Buttler, D Padikkal, SV Samson, DJ Mitchell, SO Hetmyer, R Parag, R Ashwin, TA Boult, M Prasidh Krishna, YS Chahal, KR Sen","RG Sharma, Ishan Kishan, SA Yadav, Tilak Varma, KA Pollard, TH David, DR Sams, HR Shokeen, K Kartikeya, JJ Bumrah, RP Meredith",2022
2022_44,2022.0,2022-05-01,Lucknow Super Giants,Delhi Capitals,Lucknow Super Giants,Lucknow Super Giants,bat,"Wankhede Stadium, Mumbai",Mumbai,6,0,Mohsin Khan,195,3,189,7,complete,Prakash Bhatt,Chirra Ravikanthreddy,CB Gaffaney,PG Pathak,A Totre,20,"Q de Kock, KL Rahul, DJ Hooda, MP Stoinis, KH Pandya, A Badoni, JO Holder, Mohsin Khan, K Gowtham, PVD Chameera, Ravi Bishnoi","PP Shaw, DA Warner, MR Marsh, RR Pant, Lalit Yadav, R Powell, AR Patel, SN Thakur, Kuldeep Yadav, Mustafizur Rahman, C Sakariya",2022
2022_45,2022.0,2022-05-01,Chennai Super Kings,Sunrisers Hyderabad,Chennai Super Kings,Sunrisers Hyderabad,field,"Maharashtra Cricket Association Stadium, Pune",Pune,13,0,RD Gaikwad,202,2,189,6,complete,V Narayan Kutty,AK Chaudhary,KN Ananthapadmanabhan,MA Gough,MV Saidharshan Kumar,20,"RD Gaikwad, DP Conway, MS Dhoni, RA Jadeja, RV Uthappa, AT Rayudu, Simarjeet Singh, MJ Santner, D Pretorius, Mukesh Choudhary, M Theekshana","Abhishek Sharma, KS Williamson, RA Tripathi, AK Markram, N Pooran, Shashank Singh, Washington Sundar, M Jansen, B Kumar, T Natarajan, Umran Malik",2022
2022_46,2022.0,2022-05-02,Rajasthan Royals,Kolkata Knight Riders,Kolkata Knight Riders,Kolkata Knight Riders,field,"Wankhede Stadium, Mumbai",Mumbai,0,7,RK Singh,152,5,158,3,complete,Shakti Singh,J Madanagopal,N Pandit,CB Gaffaney,Tapan Sharma,20,"JC Buttler, D Padikkal, SV Samson, KK Nair, R Parag, SO Hetmyer, R Ashwin, TA Boult, M Prasidh Krishna, YS Chahal, KR Sen","B Indrajith, AJ Finch, SS Iyer, N Rana, RK Singh, AS Roy, AD Russell, SP Narine, UT Yadav, TG Southee, Shivam Mavi",2022
2022_47,2022.0,2022-05-03,Gujarat Titans,Punjab Kings,Punjab Kings,Gujarat Titans,bat,"Dr DY Patil Sports Academy, Mumbai",Navi Mumbai,0,8,K Rabada,143,8,145,2,complete,DS Manohar,R Pandit,VK Sharma,HAS Khalid,UV Gandhe,20,"WP Saha, Shubman Gill, B Sai Sudharsan, HH Pandya, DA Miller, R Tewatia, Rashid Khan, PJ Sangwan, LH Ferguson, AS Joseph, Mohammed Shami","JM Bairstow, S Dhawan, PBB Rajapaksa, LS Livingstone, MA Agarwal, JM Sharma, R Dhawan, K Rabada, RD Chahar, Arshdeep Singh, Sandeep Sharma",2022
2022_48,2022.0,2022-05-04,Royal Challengers Bengaluru,Chennai Super Kings,Royal Challengers Bengaluru,Chennai Super Kings,field,"Maharashtra Cricket Association Stadium, Pune",Pune,13,0,HV Patel,173,8,160,8,complete,V Narayan Kutty,KN Ananthapadmanabhan,MA Gough,AK Chaudhary,Vinod Seshan,20,"V Kohli, F du Plessis, GJ Maxwell, MK Lomror, RM Patidar, KD Karthik, PWH de Silva, Shahbaz Ahmed, HV Patel, Mohammed Siraj, JR Hazlewood","RD Gaikwad, DP Conway, RV Uthappa, AT Rayudu, MM Ali, RA Jadeja, MS Dhoni, D Pretorius, Simarjeet Singh, M Theekshana, Mukesh Choudhary",2022
2022_49,2022.0,2022-05-05,Delhi Capitals,Sunrisers Hyderabad,Delhi Capitals,Sunrisers Hyderabad,field,"Brabourne Stadium, Mumbai",Mumbai,21,0,DA Warner,207,3,186,8,complete,Shakti Singh,Navdeep Singh,NA Patwardhan,Nitin Menon,N Pandit,20,"Mandeep Singh, DA Warner, MR Marsh, RR Pant, R Powell, Lalit Yadav, RV Patel, SN Thakur, Kuldeep Yadav, A Nortje, KK Ahmed","Abhishek Sharma, KS Williamson, RA Tripathi, AK Markram, N Pooran, Shashank Singh, SA Abbott, S Gopal, Kartik Tyagi, B Kumar, Umran Malik",2022
2022_5,2022.0,2022-03-30,Kolkata Knight Riders,Royal Challengers Bengaluru,Royal Challengers Bengaluru,Royal Challengers Bengaluru,field,"Dr DY Patil Sports Academy, Mumbai",Mumbai,0,3,PWH de Silva,128,10,132,7,complete,M Nayyar,J Madanagopal,Navdeep Singh,Nitin Menon,Chirra Ravikanthreddy,20,"AM Rahane, VR Iyer, SS Iyer, N Rana, SP Narine, SW Billings, SP Jackson, AD Russell, TG Southee, UT Yadav, CV Varun","F du Plessis, Anuj Rawat, V Kohli, DJ Willey, SE Rutherford, Shahbaz Ahmed, KD Karthik, PWH de Silva, HV Patel, Mohammed Siraj, Akash Deep",2022
2022_50,2022.0,2022-05-06,Mumbai Indians,Gujarat Titans,Mumbai Indians,Gujarat Titans,field,"Brabourne Stadium, Mumbai",Mumbai,5,0,TH David,177,6,172,5,complete,M Nayyar,J Madanagopal,GR Sadashiv Iyer,BNJ Oxenford,R Pandit,20,"Ishan Kishan, RG Sharma, SA Yadav, Tilak Varma, KA Pollard, TH David, DR Sams, M Ashwin, K Kartikeya, JJ Bumrah, RP Meredith","WP Saha, Shubman Gill, HH Pandya, B Sai Sudharsan, DA Miller, R Tewatia, Rashid Khan, PJ Sangwan, LH Ferguson, AS Joseph, Mohammed Shami",2022
2022_51,2022.0,2022-05-07,Punjab Kings,Rajasthan Royals,Rajasthan Royals,Punjab Kings,bat,"Wankhede Stadium, Mumbai",Mumbai,0,6,YBK Jaiswal,189,5,190,4,complete,Prakash Bhatt,Chirra Ravikanthreddy,YC Barde,CB Gaffaney,UV Gandhe,20,"JM Bairstow, S Dhawan, PBB Rajapaksa, MA Agarwal, JM Sharma, LS Livingstone, R Dhawan, K Rabada, RD Chahar, Arshdeep Singh, Sandeep Sharma","YBK Jaiswal, JC Buttler, SV Samson, D Padikkal, SO Hetmyer, R Parag, R Ashwin, TA Boult, M Prasidh Krishna, YS Chahal, KR Sen",2022
2022_52,2022.0,2022-05-07,Lucknow Super Giants,Kolkata Knight Riders,Lucknow Super Giants,Kolkata Knight Riders,field,"Maharashtra Cricket Association Stadium, Pune",Pune,75,0,Avesh Khan,176,7,101,10,complete,V Narayan Kutty,AK Chaudhary,MA Gough,KN Ananthapadmanabhan,MV Saidharshan Kumar,20,"Q de Kock, KL Rahul, DJ Hooda, KH Pandya, A Badoni, MP Stoinis, JO Holder, PVD Chameera, Avesh Khan, Mohsin Khan, Ravi Bishnoi","B Indrajith, AJ Finch, SS Iyer, N Rana, RK Singh, AD Russell, SP Narine, AS Roy, Shivam Mavi, TG Southee, Harshit Rana",2022
2022_53,2022.0,2022-05-08,Royal Challengers Bengaluru,Sunrisers Hyderabad,Royal Challengers Bengaluru,Royal Challengers Bengaluru,bat,"Wankhede Stadium, Mumbai",Mumbai,67,0,PWH de Silva,192,3,125,10,complete,Shakti Singh,BNJ Oxenford,N Pandit,PG Pathak,A Totre,20,"V Kohli, F du Plessis, RM Patidar, GJ Maxwell, KD Karthik, MK Lomror, Shahbaz Ahmed, PWH de Silva, HV Patel, JR Hazlewood, Mohammed Siraj","Abhishek Sharma, KS Williamson, RA Tripathi, AK Markram, N Pooran, J Suchith, Shashank Singh, Kartik Tyagi, B Kumar, Umran Malik, Fazalhaq Farooqi",2022
2022_54,2022.0,2022-05-08,Chennai Super Kings,Delhi Capitals,Chennai Super Kings,Delhi Capitals,field,"Dr DY Patil Sports Academy, Mumbai",Navi Mumbai,91,0,DP Conway,208,6,117,10,complete,M Nayyar,Nitin Menon,R Pandit,HAS Khalid,Tapan Sharma,20,"RD Gaikwad, DP Conway, S Dube, AT Rayudu, MS Dhoni, MM Ali, RV Uthappa, DJ Bravo, Simarjeet Singh, M Theekshana, Mukesh Choudhary","DA Warner, KS Bharat, MR Marsh, RR Pant, R Powell, RV Patel, AR Patel, SN Thakur, Kuldeep Yadav, A Nortje, KK Ahmed",2022
2022_55,2022.0,2022-05-09,Kolkata Knight Riders,Mumbai Indians,Kolkata Knight Riders,Mumbai Indians,field,"Dr DY Patil Sports Academy, Mumbai",Navi Mumbai,52,0,JJ Bumrah,165,9,113,10,complete,Prakash Bhatt,CB Gaffaney,GR Sadashiv Iyer,BNJ Oxenford,Chirra Ravikanthreddy,20,"VR Iyer, AM Rahane, N Rana, SS Iyer, AD Russell, RK Singh, SP Jackson, PJ Cummins, SP Narine, TG Southee, CV Varun","RG Sharma, Ishan Kishan, Tilak Varma, Ramandeep Singh, TH David, KA Pollard, DR Sams, M Ashwin, K Kartikeya, JJ Bumrah, RP Meredith",2022
2022_56,2022.0,2022-05-10,Gujarat Titans,Lucknow Super Giants,Gujarat Titans,Gujarat Titans,bat,"Maharashtra Cricket Association Stadium, Pune",Pune,62,0,Shubman Gill,144,4,82,10,complete,V Narayan Kutty,KN Ananthapadmanabhan,MA Gough,AK Chaudhary,Vinod Seshan,20,"WP Saha, Shubman Gill, MS Wade, HH Pandya, DA Miller, R Tewatia, Rashid Khan, R Sai Kishore, AS Joseph, Yash Dayal, Mohammed Shami","Q de Kock, KL Rahul, DJ Hooda, KS Sharma, KH Pandya, A Badoni, MP Stoinis, JO Holder, Mohsin Khan, PVD Chameera, Avesh Khan",2022
2022_57,2022.0,2022-05-11,Rajasthan Royals,Delhi Capitals,Delhi Capitals,Delhi Capitals,field,"Dr DY Patil Sports Academy, Mumbai",Navi Mumbai,0,8,MR Marsh,160,6,161,2,complete,M Nayyar,NA Patwardhan,Nitin Menon,VK Sharma,Tapan Sharma,20,"YBK Jaiswal, JC Buttler, R Ashwin, D Padikkal, SV Samson, R Parag, HE van der Dussen, TA Boult, M Prasidh Krishna, YS Chahal, KR Sen","KS Bharat, DA Warner, MR Marsh, RR Pant, R Powell, Lalit Yadav, AR Patel, SN Thakur, Kuldeep Yadav, A Nortje, C Sakariya",2022
2022_58,2022.0,2022-05-12,Chennai Super Kings,Mumbai Indians,Mumbai Indians,Mumbai Indians,field,"Wankhede Stadium, Mumbai",Mumbai,0,5,DR Sams,97,10,103,5,complete,Shakti Singh,Chirra Ravikanthreddy,CB Gaffaney,Nitin Menon,A Totre,20,"RD Gaikwad, DP Conway, MM Ali, RV Uthappa, AT Rayudu, MS Dhoni, S Dube, DJ Bravo, Simarjeet Singh, M Theekshana, Mukesh Choudhary","Ishan Kishan, RG Sharma, DR Sams, Tilak Varma, T Stubbs, HR Shokeen, TH David, Ramandeep Singh, JJ Bumrah, RP Meredith, K Kartikeya",2022
2022_59,2022.0,2022-05-13,Punjab Kings,Royal Challengers Bengaluru,Punjab Kings,Royal Challengers Bengaluru,field,"Brabourne Stadium, Mumbai",Mumbai,54,0,JM Bairstow,209,9,155,9,complete,J Srinath,J Madanagopal,N Pandit,Navdeep Singh,Vinod Seshan,20,"JM Bairstow, S Dhawan, PBB Rajapaksa, LS Livingstone, MA Agarwal, JM Sharma, Harpreet Brar, R Dhawan, RD Chahar, K Rabada, Arshdeep Singh","V Kohli, F du Plessis, RM Patidar, MK Lomror, GJ Maxwell, KD Karthik, Shahbaz Ahmed, HV Patel, PWH de Silva, Mohammed Siraj, JR Hazlewood",2022
2022_6,2022.0,2022-03-31,Chennai Super Kings,Lucknow Super Giants,Lucknow Super Giants,Lucknow Super Giants,field,"Brabourne Stadium, Mumbai",Mumbai,0,6,E Lewis,210,7,211,4,complete,J Srinath,RJ Tucker,VK Sharma,YC Barde,NA Patwardhan,20,"RV Uthappa, RD Gaikwad, MM Ali, S Dube, AT Rayudu, RA Jadeja, MS Dhoni, D Pretorius, DJ Bravo, TU Deshpande, Mukesh Choudhary","KL Rahul, Q de Kock, MK Pandey, E Lewis, DJ Hooda, A Badoni, KH Pandya, PVD Chameera, AJ Tye, Ravi Bishnoi, Avesh Khan",2022
2022_60,2022.0,2022-05-14,Kolkata Knight Riders,Sunrisers Hyderabad,Kolkata Knight Riders,Kolkata Knight Riders,bat,"Maharashtra Cricket Association Stadium, Pune",Pune,54,0,AD Russell,177,6,123,8,complete,V Narayan Kutty,AK Chaudhary,KN Ananthapadmanabhan,MA Gough,MV Saidharshan Kumar,20,"VR Iyer, AM Rahane, N Rana, SS Iyer, SW Billings, RK Singh, AD Russell, SP Narine, UT Yadav, TG Southee, CV Varun","Abhishek Sharma, KS Williamson, RA Tripathi, AK Markram, N Pooran, Washington Sundar, Shashank Singh, M Jansen, B Kumar, Umran Malik, T Natarajan",2022
2022_61,2022.0,2022-05-15,Chennai Super Kings,Gujarat Titans,Gujarat Titans,Chennai Super Kings,bat,"Wankhede Stadium, Mumbai",Mumbai,0,7,WP Saha,133,5,137,3,complete,J Srinath,R Pandit,VK Sharma,CB Gaffaney,NA Patwardhan,20,"RD Gaikwad, DP Conway, MM Ali, N Jagadeesan, S Dube, MS Dhoni, MJ Santner, PH Solanki, Simarjeet Singh, M Pathirana, Mukesh Choudhary","WP Saha, Shubman Gill, MS Wade, HH Pandya, DA Miller, R Tewatia, Rashid Khan, R Sai Kishore, AS Joseph, Yash Dayal, Mohammed Shami",2022
2022_62,2022.0,2022-05-15,Rajasthan Royals,Lucknow Super Giants,Rajasthan Royals,Rajasthan Royals,bat,"Brabourne Stadium, Mumbai",Mumbai,24,0,TA Boult,178,6,154,8,complete,Prakash Bhatt,PG Pathak,Tapan Sharma,BNJ Oxenford,YC Barde,20,"YBK Jaiswal, JC Buttler, SV Samson, D Padikkal, R Parag, JDS Neesham, R Ashwin, TA Boult, M Prasidh Krishna, YS Chahal, OC McCoy","Q de Kock, KL Rahul, A Badoni, DJ Hooda, KH Pandya, MP Stoinis, JO Holder, PVD Chameera, Mohsin Khan, Avesh Khan, Ravi Bishnoi",2022
2022_63,2022.0,2022-05-16,Delhi Capitals,Punjab Kings,Delhi Capitals,Punjab Kings,field,"Dr DY Patil Sports Academy, Mumbai",Navi Mumbai,17,0,SN Thakur,159,7,142,9,complete,Prakash Bhatt,GR Sadashiv Iyer,Nitin Menon,MA Gough,Navdeep Singh,20,"DA Warner, SN Khan, MR Marsh, Lalit Yadav, RR Pant, R Powell, AR Patel, SN Thakur, Kuldeep Yadav, A Nortje, KK Ahmed","JM Bairstow, S Dhawan, PBB Rajapaksa, LS Livingstone, MA Agarwal, JM Sharma, Harpreet Brar, R Dhawan, RD Chahar, K Rabada, Arshdeep Singh",2022
2022_64,2022.0,2022-05-17,Sunrisers Hyderabad,Mumbai Indians,Sunrisers Hyderabad,Mumbai Indians,field,"Wankhede Stadium, Mumbai",Mumbai,3,0,RA Tripathi,193,6,190,7,complete,J Srinath,CB Gaffaney,N Pandit,Navdeep Singh,HAS Khalid,20,"Abhishek Sharma, PK Garg, RA Tripathi, N Pooran, AK Markram, KS Williamson, Washington Sundar, B Kumar, Umran Malik, T Natarajan, Fazalhaq Farooqi","RG Sharma, Ishan Kishan, DR Sams, Tilak Varma, TH David, T Stubbs, Ramandeep Singh, R Sanjay Yadav, JJ Bumrah, M Markande, RP Meredith",2022
2022_65,2022.0,2022-05-18,Lucknow Super Giants,Kolkata Knight Riders,Lucknow Super Giants,Lucknow Super Giants,bat,"Dr DY Patil Sports Academy, Mumbai",Navi Mumbai,2,0,Q de Kock,210,0,208,8,complete,M Nayyar,R Pandit,YC Barde,BNJ Oxenford,NA Patwardhan,20,"Q de Kock, KL Rahul, E Lewis, DJ Hooda, M Vohra, MP Stoinis, JO Holder, K Gowtham, Mohsin Khan, Avesh Khan, Ravi Bishnoi","VR Iyer, A Tomar, N Rana, SS Iyer, SW Billings, AD Russell, RK Singh, SP Narine, UT Yadav, TG Southee, CV Varun",2022
2022_66,2022.0,2022-05-19,Gujarat Titans,Royal Challengers Bengaluru,Royal Challengers Bengaluru,Gujarat Titans,bat,"Wankhede Stadium, Mumbai",Mumbai,0,8,V Kohli,168,5,170,2,complete,J Srinath,KN Ananthapadmanabhan,GR Sadashiv Iyer,Navdeep Singh,Tapan Sharma,20,"WP Saha, Shubman Gill, MS Wade, HH Pandya, DA Miller, R Tewatia, Rashid Khan, R Sai Kishore, LH Ferguson, Yash Dayal, Mohammed Shami","V Kohli, F du Plessis, GJ Maxwell, KD Karthik, RM Patidar, MK Lomror, Shahbaz Ahmed, HV Patel, PWH de Silva, JR Hazlewood, S Kaul",2022
2022_67,2022.0,2022-05-20,Chennai Super Kings,Rajasthan Royals,Rajasthan Royals,Chennai Super Kings,bat,"Brabourne Stadium, Mumbai",Mumbai,0,5,R Ashwin,150,6,151,5,complete,M Nayyar,CB Gaffaney,NA Patwardhan,YC Barde,PG Pathak,20,"RD Gaikwad, DP Conway, MM Ali, N Jagadeesan, AT Rayudu, MS Dhoni, MJ Santner, Simarjeet Singh, Mukesh Choudhary, PH Solanki, M Pathirana","YBK Jaiswal, JC Buttler, SV Samson, D Padikkal, R Ashwin, SO Hetmyer, R Parag, TA Boult, YS Chahal, M Prasidh Krishna, OC McCoy",2022
2022_68,2022.0,2022-05-21,Delhi Capitals,Mumbai Indians,Mumbai Indians,Mumbai Indians,field,"Wankhede Stadium, Mumbai",Mumbai,0,5,JJ Bumrah,159,7,160,5,complete,J Srinath,Nitin Menon,Tapan Sharma,HAS Khalid,GR Sadashiv Iyer,20,"PP Shaw, DA Warner, MR Marsh, RR Pant, SN Khan, R Powell, AR Patel, SN Thakur, Kuldeep Yadav, A Nortje, KK Ahmed","Ishan Kishan, RG Sharma, D Brevis, Tilak Varma, TH David, Ramandeep Singh, DR Sams, HR Shokeen, JJ Bumrah, M Markande, RP Meredith",2022
2022_69,2022.0,2022-05-22,Sunrisers Hyderabad,Punjab Kings,Punjab Kings,Sunrisers Hyderabad,bat,"Wankhede Stadium, Mumbai",Mumbai,0,5,Harpreet Brar,157,8,160,5,complete,J Srinath,AK Chaudhary,NA Patwardhan,CB Gaffaney,Navdeep Singh,20,"PK Garg, Abhishek Sharma, RA Tripathi, AK Markram, N Pooran, Washington Sundar, R Shepherd, J Suchith, B Kumar, Umran Malik, Fazalhaq Farooqi","JM Bairstow, S Dhawan, M Shahrukh Khan, MA Agarwal, LS Livingstone, JM Sharma, PN Mankad, Harpreet Brar, K Rabada, NT Ellis, Arshdeep Singh",2022
2022_7,2022.0,2022-04-01,Punjab Kings,Kolkata Knight Riders,Kolkata Knight Riders,Kolkata Knight Riders,field,"Wankhede Stadium, Mumbai",Mumbai,0,6,UT Yadav,137,10,141,4,complete,Prakash Bhatt,AK Chaudhary,HAS Khalid,J Madanagopal,A Totre,20,"MA Agarwal, S Dhawan, PBB Rajapaksa, LS Livingstone, RA Bawa, M Shahrukh Khan, Harpreet Brar, OF Smith, RD Chahar, K Rabada, Arshdeep Singh","AM Rahane, VR Iyer, SS Iyer, SW Billings, N Rana, AD Russell, SP Narine, TG Southee, UT Yadav, CV Varun, Shivam Mavi",2022
2022_70,2022.0,2022-05-24,Rajasthan Royals,Gujarat Titans,Gujarat Titans,Gujarat Titans,field,"Eden Gardens, Kolkata",Kolkata,0,7,DA Miller,188,6,191,3,complete,M Nayyar,BNJ Oxenford,VK Sharma,MA Gough,J Madanagopal,20,"YBK Jaiswal, JC Buttler, SV Samson, D Padikkal, SO Hetmyer, R Parag, R Ashwin, TA Boult, YS Chahal, M Prasidh Krishna, OC McCoy","WP Saha, Shubman Gill, MS Wade, HH Pandya, DA Miller, R Tewatia, Rashid Khan, R Sai Kishore, AS Joseph, Yash Dayal, Mohammed Shami",2022
2022_71,2022.0,2022-05-25,Royal Challengers Bengaluru,Lucknow Super Giants,Royal Challengers Bengaluru,Lucknow Super Giants,field,"Eden Gardens, Kolkata",Kolkata,14,0,RM Patidar,207,4,193,6,complete,M Nayyar,J Madanagopal,MA Gough,BNJ Oxenford,VK Sharma,20,"V Kohli, F du Plessis, RM Patidar, GJ Maxwell, MK Lomror, KD Karthik, Shahbaz Ahmed, HV Patel, PWH de Silva, JR Hazlewood, Mohammed Siraj","Q de Kock, KL Rahul, M Vohra, DJ Hooda, MP Stoinis, E Lewis, KH Pandya, PVD Chameera, Mohsin Khan, Avesh Khan, Ravi Bishnoi",2022
2022_72,2022.0,2022-05-27,Royal Challengers Bengaluru,Rajasthan Royals,Rajasthan Royals,Rajasthan Royals,field,"Narendra Modi Stadium, Ahmedabad",Ahmedabad,0,7,JC Buttler,157,8,161,3,complete,J Srinath,CB Gaffaney,Nitin Menon,AK Chaudhary,KN Ananthapadmanabhan,20,"V Kohli, F du Plessis, RM Patidar, GJ Maxwell, MK Lomror, KD Karthik, Shahbaz Ahmed, PWH de Silva, HV Patel, JR Hazlewood, Mohammed Siraj","YBK Jaiswal, JC Buttler, SV Samson, D Padikkal, SO Hetmyer, R Parag, R Ashwin, TA Boult, YS Chahal, M Prasidh Krishna, OC McCoy",2022
2022_73,2022.0,2022-05-29,Rajasthan Royals,Gujarat Titans,Gujarat Titans,Rajasthan Royals,bat,"Narendra Modi Stadium, Ahmedabad",Ahmedabad,0,7,HH Pandya,130,9,133,3,complete,J Srinath,CB Gaffaney,Nitin Menon,KN Ananthapadmanabhan,AK Chaudhary,20,"YBK Jaiswal, JC Buttler, SV Samson, D Padikkal, SO Hetmyer, R Ashwin, R Parag, TA Boult, OC McCoy, M Prasidh Krishna, YS Chahal","WP Saha, Shubman Gill, MS Wade, HH Pandya, DA Miller, R Tewatia, Rashid Khan, R Sai Kishore, LH Ferguson, Yash Dayal, Mohammed Shami",2022
2022_8,2022.0,2022-04-02,Gujarat Titans,Delhi Capitals,Gujarat Titans,Delhi Capitals,field,"Maharashtra Cricket Association Stadium, Pune",Pune,14,0,LH Ferguson,171,6,157,9,complete,Shakti Singh,KN Ananthapadmanabhan,UV Gandhe,BNJ Oxenford,Vinod Seshan,20,"MS Wade, Shubman Gill, V Shankar, HH Pandya, DA Miller, R Tewatia, A Manohar, Rashid Khan, VR Aaron, LH Ferguson, Mohammed Shami","PP Shaw, TL Seifert, Mandeep Singh, RR Pant, Lalit Yadav, R Powell, AR Patel, SN Thakur, Kuldeep Yadav, KK Ahmed, Mustafizur Rahman",2022
2022_9,2022.0,2022-04-02,Rajasthan Royals,Mumbai Indians,Rajasthan Royals,Mumbai Indians,field,"Dr DY Patil Sports Academy, Mumbai",Mumbai,23,0,JC Buttler,193,8,170,8,complete,DS Manohar,Nitin Menon,PG Pathak,VK Sharma,N Pandit,20,"JC Buttler, YBK Jaiswal, D Padikkal, SV Samson, SO Hetmyer, R Parag, R Ashwin, Navdeep Saini, TA Boult, YS Chahal, M Prasidh Krishna","Ishan Kishan, RG Sharma, Anmolpreet Singh, Tilak Varma, KA Pollard, TH David, DR Sams, M Ashwin, JJ Bumrah, TS Mills, Basil Thampi",2022
2023_0,2023.0,2023-03-31,Chennai Super Kings,Gujarat Titans,Gujarat Titans,Gujarat Titans,field,"Narendra Modi Stadium, Ahmedabad",Ahmedabad,0,5,Rashid Khan,178,7,182,5,complete,J Srinath,Nitin Menon,HAS Khalid,VK Sharma,A Bengeri,20,"TU Deshpande, DP Conway, RD Gaikwad, MM Ali, BA Stokes, AT Rayudu, S Dube, RA Jadeja, MS Dhoni, MJ Santner, DL Chahar, RS Hangargekar","KS Williamson, WP Saha, Shubman Gill, B Sai Sudharsan, HH Pandya, V Shankar, R Tewatia, Rashid Khan, Mohammed Shami, J Little, Yash Dayal, AS Joseph",2023
2023_1,2023.0,2023-04-01,Lucknow Super Giants,Delhi Capitals,Lucknow Super Giants,Delhi Capitals,field,"Bharat Ratna Shri Atal Bihari Vajpayee Ekana Cricket Stadium, Lucknow",Lucknow,50,0,MA Wood,193,6,143,9,complete,DS Manohar,AK Chaudhary,NA Patwardhan,GR Sadashiv Iyer,M Kuppuraj,20,"KL Rahul, KR Mayers, DJ Hooda, KH Pandya, MP Stoinis, N Pooran, A Badoni, K Gowtham, Avesh Khan, Ravi Bishnoi, JD Unadkat, MA Wood","KK Ahmed, PP Shaw, DA Warner, MR Marsh, SN Khan, RR Rossouw, R Powell, Aman Hakim Khan, AR Patel, Kuldeep Yadav, C Sakariya, Mukesh Kumar",2023
2023_10,2023.0,2023-04-08,Rajasthan Royals,Delhi Capitals,Rajasthan Royals,Delhi Capitals,field,"Barsapara Cricket Stadium, Guwahati",Guwahati,57,0,YBK Jaiswal,199,4,142,9,complete,V Narayan Kutty,Navdeep Singh,MV Saidharshan Kumar,KN Ananthapadmanabhan,Abhijit Bhattacharya,20,"M Ashwin, YBK Jaiswal, JC Buttler, SV Samson, R Parag, SO Hetmyer, Dhruv Jurel, JO Holder, R Ashwin, YS Chahal, TA Boult, Sandeep Sharma","KK Ahmed, PP Shaw, DA Warner, MK Pandey, RR Rossouw, Lalit Yadav, AR Patel, R Powell, Abishek Porel, Kuldeep Yadav, A Nortje, Mukesh Kumar",2023
2023_11,2023.0,2023-04-08,Mumbai Indians,Chennai Super Kings,Chennai Super Kings,Chennai Super Kings,field,"Wankhede Stadium, Mumbai",Mumbai,0,7,RA Jadeja,157,8,159,3,complete,DS Manohar,CB Gaffaney,NA Patwardhan,AK Chaudhary,M Kuppuraj,20,"K Kartikeya, RG Sharma, Ishan Kishan, C Green, SA Yadav, Tilak Varma, Arshad Khan, TH David, T Stubbs, HR Shokeen, PP Chawla, JP Behrendorff","DL Chahar, DP Conway, RD Gaikwad, AM Rahane, S Dube, AT Rayudu, RA Jadeja, MS Dhoni, D Pretorius, MJ Santner, SSB Magala, TU Deshpande",2023
2023_12,2023.0,2023-04-09,Gujarat Titans,Kolkata Knight Riders,Kolkata Knight Riders,Gujarat Titans,bat,"Narendra Modi Stadium, Ahmedabad",Ahmedabad,0,3,RK Singh,204,4,207,7,complete,J Srinath,Nitin Menon,Tapan Sharma,HAS Khalid,A Bengeri,20,"J Little, WP Saha, Shubman Gill, B Sai Sudharsan, A Manohar, V Shankar, DA Miller, R Tewatia, Rashid Khan, AS Joseph, Mohammed Shami, Yash Dayal","Suyash Sharma, Rahmanullah Gurbaz, N Jagadeesan, VR Iyer, N Rana, RK Singh, AD Russell, SP Narine, SN Thakur, UT Yadav, LH Ferguson, CV Varun",2023
2023_13,2023.0,2023-04-09,Punjab Kings,Sunrisers Hyderabad,Sunrisers Hyderabad,Sunrisers Hyderabad,field,"Rajiv Gandhi International Stadium, Uppal, Hyderabad",Hyderabad,0,8,S Dhawan,143,9,145,2,complete,M Nayyar,BNJ Oxenford,UV Gandhe,J Madanagopal,PM Joshi,20,"P Simran Singh, S Dhawan, MW Short, JM Sharma, SM Curran, Sikandar Raza, M Shahrukh Khan, Harpreet Brar, RD Chahar, NT Ellis, Mohit Rathee, Arshdeep Singh","HC Brook, MA Agarwal, RA Tripathi, AK Markram, H Klaasen, Washington Sundar, M Jansen, M Markande, B Kumar, Umran Malik, T Natarajan",2023
2023_14,2023.0,2023-04-10,Royal Challengers Bengaluru,Lucknow Super Giants,Lucknow Super Giants,Lucknow Super Giants,field,"M Chinnaswamy Stadium, Bengaluru",Bengaluru,0,1,N Pooran,212,2,213,9,complete,DS Manohar,AK Chaudhary,A Nand Kishore,CB Gaffaney,M Kuppuraj,20,"Anuj Rawat, V Kohli, F du Plessis, GJ Maxwell, KD Karthik, MK Lomror, Shahbaz Ahmed, DJ Willey, WD Parnell, HV Patel, Mohammed Siraj, KV Sharma","A Mishra, KR Mayers, KL Rahul, DJ Hooda, KH Pandya, MP Stoinis, N Pooran, A Badoni, JD Unadkat, MA Wood, Ravi Bishnoi, Avesh Khan",2023
2023_15,2023.0,2023-04-11,Delhi Capitals,Mumbai Indians,Mumbai Indians,Mumbai Indians,field,"Arun Jaitley Stadium, Delhi",Delhi,0,6,RG Sharma,172,10,173,4,complete,V Narayan Kutty,MA Gough,R Pandit,KN Ananthapadmanabhan,Abhijit Bhattacharya,20,"Mukesh Kumar, DA Warner, PP Shaw, MK Pandey, YV Dhull, R Powell, Lalit Yadav, AR Patel, Abishek Porel, Kuldeep Yadav, A Nortje, Mustafizur Rahman","RP Meredith, RG Sharma, Ishan Kishan, Tilak Varma, SA Yadav, TH David, C Green, N Wadhera, HR Shokeen, Arshad Khan, JP Behrendorff, PP Chawla",2023
2023_16,2023.0,2023-04-12,Rajasthan Royals,Chennai Super Kings,Rajasthan Royals,Chennai Super Kings,field,"MA Chidambaram Stadium, Chepauk, Chennai",Chennai,3,0,R Ashwin,175,8,172,6,complete,J Srinath,Vinod Seshan,VK Sharma,Nitin Menon,A Bengeri,20,"YBK Jaiswal, JC Buttler, D Padikkal, SV Samson, R Ashwin, SO Hetmyer, Dhruv Jurel, JO Holder, A Zampa, KR Sen, Sandeep Sharma, YS Chahal","RD Gaikwad, DP Conway, AM Rahane, S Dube, MM Ali, AT Rayudu, RA Jadeja, MS Dhoni, SSB Magala, TU Deshpande, M Theekshana, Akash Singh",2023
2023_17,2023.0,2023-04-13,Punjab Kings,Gujarat Titans,Gujarat Titans,Gujarat Titans,field,"Punjab Cricket Association IS Bindra Stadium, Mohali, Chandigarh",Chandigarh,0,6,MM Sharma,153,8,154,4,complete,R Seth,A Totre,J Madanagopal,BNJ Oxenford,PM Joshi,20,"RD Chahar, P Simran Singh, S Dhawan, MW Short, PBB Rajapaksa, JM Sharma, SM Curran, M Shahrukh Khan, Harpreet Brar, R Dhawan, K Rabada, Arshdeep Singh","WP Saha, Shubman Gill, B Sai Sudharsan, HH Pandya, DA Miller, R Tewatia, Rashid Khan, AS Joseph, Mohammed Shami, MM Sharma, J Little",2023
2023_18,2023.0,2023-04-14,Sunrisers Hyderabad,Kolkata Knight Riders,Sunrisers Hyderabad,Kolkata Knight Riders,field,"Eden Gardens, Kolkata",Kolkata,23,0,HC Brook,228,4,205,7,complete,DS Manohar,CB Gaffaney,GR Sadashiv Iyer,NA Patwardhan,M Kuppuraj,20,"Washington Sundar, HC Brook, MA Agarwal, RA Tripathi, AK Markram, Abhishek Sharma, H Klaasen, M Jansen, M Markande, B Kumar, Umran Malik, T Natarajan","Suyash Sharma, Rahmanullah Gurbaz, N Jagadeesan, VR Iyer, SP Narine, N Rana, AD Russell, RK Singh, SN Thakur, UT Yadav, LH Ferguson, CV Varun",2023
2023_19,2023.0,2023-04-15,Lucknow Super Giants,Punjab Kings,Punjab Kings,Punjab Kings,field,"Bharat Ratna Shri Atal Bihari Vajpayee Ekana Cricket Stadium, Lucknow",Lucknow,0,2,Sikandar Raza,159,8,161,8,complete,Shakti Singh,HAS Khalid,VK Sharma,Tapan Sharma,A Bengeri,20,"KL Rahul, KR Mayers, DJ Hooda, KH Pandya, N Pooran, MP Stoinis, A Badoni, K Gowtham, Yudhvir Singh, Ravi Bishnoi, Avesh Khan, MA Wood","Atharva Taide, P Simran Singh, MW Short, Harpreet Singh, Sikandar Raza, SM Curran, JM Sharma, M Shahrukh Khan, Harpreet Brar, K Rabada, RD Chahar, Arshdeep Singh",2023
2023_2,2023.0,2023-04-01,Punjab Kings,Kolkata Knight Riders,Punjab Kings,Kolkata Knight Riders,field,"Punjab Cricket Association IS Bindra Stadium, Mohali, Chandigarh",Chandigarh,7,0,Arshdeep Singh,191,5,146,7,complete,M Nayyar,BNJ Oxenford,YC Barde,J Madanagopal,PM Joshi,20,"P Simran Singh, S Dhawan, PBB Rajapaksa, JM Sharma, Sikandar Raza, SM Curran, M Shahrukh Khan, Harpreet Brar, RD Chahar, Arshdeep Singh, NT Ellis, R Dhawan","Mandeep Singh, Rahmanullah Gurbaz, AS Roy, VR Iyer, N Rana, RK Singh, AD Russell, SN Thakur, SP Narine, TG Southee, UT Yadav, CV Varun",2023
2023_20,2023.0,2023-04-15,Royal Challengers Bengaluru,Delhi Capitals,Royal Challengers Bengaluru,Delhi Capitals,field,"M Chinnaswamy Stadium, Bengaluru",Bengaluru,23,0,V Kohli,174,6,151,9,complete,Amit Sharma,KN Ananthapadmanabhan,MV Saidharshan Kumar,MA Gough,Abhijit Bhattacharya,20,"V Kohli, F du Plessis, MK Lomror, GJ Maxwell, HV Patel, Shahbaz Ahmed, KD Karthik, Anuj Rawat, PWH de Silva, WD Parnell, Mohammed Siraj, Vijaykumar Vyshak","DA Warner, PP Shaw, MR Marsh, YV Dhull, MK Pandey, Abishek Porel, AR Patel, Aman Hakim Khan, Lalit Yadav, A Nortje, Kuldeep Yadav, Mustafizur Rahman",2023
2023_21,2023.0,2023-04-16,Gujarat Titans,Rajasthan Royals,Rajasthan Royals,Rajasthan Royals,field,"Narendra Modi Stadium, Ahmedabad",Ahmedabad,0,3,SO Hetmyer,177,7,179,7,complete,Prakash Bhatt,AK Chaudhary,CB Gaffaney,A Nand Kishore,M Kuppuraj,20,"Noor Ahmad, WP Saha, Shubman Gill, B Sai Sudharsan, HH Pandya, DA Miller, A Manohar, R Tewatia, Rashid Khan, AS Joseph, Mohammed Shami, MM Sharma","YS Chahal, YBK Jaiswal, JC Buttler, D Padikkal, SV Samson, R Parag, SO Hetmyer, Dhruv Jurel, R Ashwin, TA Boult, Sandeep Sharma, A Zampa",2023
2023_22,2023.0,2023-04-16,Kolkata Knight Riders,Mumbai Indians,Mumbai Indians,Mumbai Indians,field,"Wankhede Stadium, Mumbai",Mumbai,0,5,VR Iyer,185,6,186,5,complete,R Seth,BNJ Oxenford,UV Gandhe,J Madanagopal,PM Joshi,20,"Suyash Sharma, Rahmanullah Gurbaz, N Jagadeesan, VR Iyer, N Rana, SN Thakur, RK Singh, AD Russell, SP Narine, UT Yadav, LH Ferguson, CV Varun","RP Meredith, RG Sharma, Ishan Kishan, SA Yadav, Tilak Varma, TH David, N Wadhera, C Green, Arjun Tendulkar, HR Shokeen, PP Chawla, D Jansen",2023
2023_23,2023.0,2023-04-17,Chennai Super Kings,Royal Challengers Bengaluru,Chennai Super Kings,Royal Challengers Bengaluru,field,"M Chinnaswamy Stadium, Bengaluru",Bengaluru,8,0,DP Conway,226,6,218,8,complete,Amit Sharma,KN Ananthapadmanabhan,Navdeep Singh,MA Gough,Abhijit Bhattacharya,20,"RD Gaikwad, DP Conway, AM Rahane, S Dube, AT Rayudu, MM Ali, RA Jadeja, MS Dhoni, TU Deshpande, M Theekshana, M Pathirana, Akash Singh","V Kohli, F du Plessis, MK Lomror, GJ Maxwell, Shahbaz Ahmed, KD Karthik, SS Prabhudessai, WD Parnell, PWH de Silva, HV Patel, Mohammed Siraj, Vijaykumar Vyshak",2023
2023_24,2023.0,2023-04-18,Mumbai Indians,Sunrisers Hyderabad,Mumbai Indians,Sunrisers Hyderabad,field,"Rajiv Gandhi International Stadium, Uppal, Hyderabad",Hyderabad,14,0,C Green,192,5,178,10,complete,Shakti Singh,Nitin Menon,Vinod Seshan,VK Sharma,A Bengeri,20,"RP Meredith, RG Sharma, Ishan Kishan, C Green, SA Yadav, Tilak Varma, TH David, N Wadhera, Arjun Tendulkar, HR Shokeen, PP Chawla, JP Behrendorff","T Natarajan, HC Brook, MA Agarwal, RA Tripathi, AK Markram, Abhishek Sharma, H Klaasen, Abdul Samad, M Jansen, Washington Sundar, B Kumar, M Markande",2023
2023_25,2023.0,2023-04-19,Lucknow Super Giants,Rajasthan Royals,Lucknow Super Giants,Rajasthan Royals,field,"Sawai Mansingh Stadium, Jaipur",Jaipur,10,0,MP Stoinis,154,7,144,6,complete,R Seth,J Madanagopal,YC Barde,BNJ Oxenford,PM Joshi,20,"A Mishra, KL Rahul, KR Mayers, A Badoni, DJ Hooda, MP Stoinis, N Pooran, KH Pandya, Yudhvir Singh, Naveen-ul-Haq, Ravi Bishnoi, Avesh Khan","YS Chahal, YBK Jaiswal, JC Buttler, SV Samson, D Padikkal, SO Hetmyer, R Parag, Dhruv Jurel, R Ashwin, JO Holder, TA Boult, Sandeep Sharma",2023
2023_26,2023.0,2023-04-20,Kolkata Knight Riders,Delhi Capitals,Delhi Capitals,Delhi Capitals,field,"Arun Jaitley Stadium, Delhi",Delhi,0,4,I Sharma,127,10,128,6,complete,Amit Sharma,MA Gough,R Pandit,KN Ananthapadmanabhan,Abhijit Bhattacharya,20,"JJ Roy, Liton Das, VR Iyer, N Rana, Mandeep Singh, RK Singh, SP Narine, AD Russell, AS Roy, UT Yadav, CV Varun, K Khejroliya","I Sharma, DA Warner, PP Shaw, MR Marsh, PD Salt, MK Pandey, AR Patel, Aman Hakim Khan, Lalit Yadav, Mukesh Kumar, Kuldeep Yadav, A Nortje",2023
2023_27,2023.0,2023-04-20,Royal Challengers Bengaluru,Punjab Kings,Royal Challengers Bengaluru,Punjab Kings,field,"Punjab Cricket Association IS Bindra Stadium, Mohali, Chandigarh",Chandigarh,24,0,Mohammed Siraj,174,4,150,10,complete,Prakash Bhatt,AK Chaudhary,GR Sadashiv Iyer,CB Gaffaney,M Kuppuraj,20,"Vijaykumar Vyshak, V Kohli, F du Plessis, GJ Maxwell, KD Karthik, MK Lomror, Shahbaz Ahmed, SS Prabhudessai, PWH de Silva, HV Patel, WD Parnell, Mohammed Siraj","RD Chahar, Atharva Taide, P Simran Singh, MW Short, LS Livingstone, Harpreet Singh, SM Curran, JM Sharma, M Shahrukh Khan, Harpreet Brar, NT Ellis, Arshdeep Singh",2023
2023_28,2023.0,2023-04-21,Sunrisers Hyderabad,Chennai Super Kings,Chennai Super Kings,Chennai Super Kings,field,"MA Chidambaram Stadium, Chepauk, Chennai",Chennai,0,7,RA Jadeja,134,7,138,3,complete,Shakti Singh,HAS Khalid,VK Sharma,Nitin Menon,A Bengeri,20,"Mayank Dagar, HC Brook, Abhishek Sharma, RA Tripathi, AK Markram, H Klaasen, MA Agarwal, M Jansen, Washington Sundar, B Kumar, M Markande, Umran Malik","Akash Singh, RD Gaikwad, DP Conway, AM Rahane, AT Rayudu, MM Ali, S Dube, RA Jadeja, MS Dhoni, TU Deshpande, M Theekshana, M Pathirana",2023
2023_29,2023.0,2023-04-22,Gujarat Titans,Lucknow Super Giants,Gujarat Titans,Gujarat Titans,bat,"Bharat Ratna Shri Atal Bihari Vajpayee Ekana Cricket Stadium, Lucknow",Lucknow,7,0,MM Sharma,135,6,128,7,complete,R Seth,A Totre,RJ Tucker,J Madanagopal,PM Joshi,20,"J Yadav, WP Saha, Shubman Gill, HH Pandya, A Manohar, V Shankar, DA Miller, R Tewatia, Rashid Khan, Mohammed Shami, Noor Ahmad, MM Sharma","A Mishra, KL Rahul, KR Mayers, KH Pandya, N Pooran, A Badoni, MP Stoinis, DJ Hooda, PN Mankad, Ravi Bishnoi, Avesh Khan, Naveen-ul-Haq",2023
2023_3,2023.0,2023-04-02,Mumbai Indians,Royal Challengers Bengaluru,Royal Challengers Bengaluru,Royal Challengers Bengaluru,field,"M Chinnaswamy Stadium, Bengaluru",Bengaluru,0,8,F du Plessis,171,7,172,2,complete,J Srinath,Nitin Menon,Tapan Sharma,VK Sharma,A Bengeri,20,"JP Behrendorff, RG Sharma, Ishan Kishan, C Green, SA Yadav, Tilak Varma, N Wadhera, TH David, HR Shokeen, Arshad Khan, PP Chawla, JC Archer","V Kohli, F du Plessis, KD Karthik, GJ Maxwell, MG Bracewell, Shahbaz Ahmed, HV Patel, Akash Deep, RJW Topley, Mohammed Siraj, KV Sharma",2023
2023_30,2023.0,2023-04-22,Punjab Kings,Mumbai Indians,Punjab Kings,Mumbai Indians,field,"Wankhede Stadium, Mumbai",Mumbai,13,0,SM Curran,214,8,201,6,complete,Prakash Bhatt,CB Gaffaney,GR Sadashiv Iyer,AK Chaudhary,M Kuppuraj,20,"NT Ellis, MW Short, P Simran Singh, Atharva Taide, LS Livingstone, Harpreet Singh, SM Curran, JM Sharma, M Shahrukh Khan, Harpreet Brar, Arshdeep Singh, RD Chahar","JP Behrendorff, RG Sharma, Ishan Kishan, C Green, SA Yadav, TH David, Tilak Varma, N Wadhera, JC Archer, Arjun Tendulkar, HR Shokeen, PP Chawla",2023
2023_31,2023.0,2023-04-23,Chennai Super Kings,Kolkata Knight Riders,Chennai Super Kings,Kolkata Knight Riders,field,"Eden Gardens, Kolkata",Kolkata,49,0,AM Rahane,235,4,186,8,complete,Shakti Singh,Nitin Menon,Tapan Sharma,VK Sharma,A Bengeri,20,"Akash Singh, RD Gaikwad, DP Conway, AM Rahane, S Dube, RA Jadeja, MS Dhoni, MM Ali, AT Rayudu, M Pathirana, TU Deshpande, M Theekshana","Suyash Sharma, N Jagadeesan, SP Narine, VR Iyer, N Rana, JJ Roy, RK Singh, AD Russell, D Wiese, UT Yadav, CV Varun, K Khejroliya",2023
2023_32,2023.0,2023-04-23,Royal Challengers Bengaluru,Rajasthan Royals,Royal Challengers Bengaluru,Rajasthan Royals,field,"M Chinnaswamy Stadium, Bengaluru",Bengaluru,7,0,GJ Maxwell,189,9,182,6,complete,Amit Sharma,MA Gough,MV Saidharshan Kumar,Navdeep Singh,Abhijit Bhattacharya,20,"HV Patel, V Kohli, F du Plessis, Shahbaz Ahmed, GJ Maxwell, MK Lomror, KD Karthik, SS Prabhudessai, PWH de Silva, DJ Willey, Vijaykumar Vyshak, Mohammed Siraj","YBK Jaiswal, JC Buttler, D Padikkal, SV Samson, SO Hetmyer, Dhruv Jurel, R Ashwin, Abdul Basith, JO Holder, TA Boult, Sandeep Sharma, YS Chahal",2023
2023_33,2023.0,2023-04-24,Delhi Capitals,Sunrisers Hyderabad,Delhi Capitals,Delhi Capitals,bat,"Rajiv Gandhi International Stadium, Uppal, Hyderabad",Hyderabad,7,0,AR Patel,144,9,137,6,complete,R Seth,J Madanagopal,RJ Tucker,UV Gandhe,PM Joshi,20,"Mukesh Kumar, DA Warner, PD Salt, MR Marsh, SN Khan, MK Pandey, Aman Hakim Khan, AR Patel, RV Patel, A Nortje, Kuldeep Yadav, I Sharma","T Natarajan, HC Brook, MA Agarwal, RA Tripathi, Abhishek Sharma, AK Markram, H Klaasen, Washington Sundar, M Jansen, M Markande, B Kumar, Umran Malik",2023
2023_34,2023.0,2023-04-25,Gujarat Titans,Mumbai Indians,Gujarat Titans,Mumbai Indians,field,"Narendra Modi Stadium, Ahmedabad",Ahmedabad,55,0,A Manohar,207,6,152,9,complete,SA Satbhai,AK Chaudhary,A Nand Kishore,CB Gaffaney,M Krishnadas,20,"J Little, WP Saha, Shubman Gill, HH Pandya, V Shankar, DA Miller, A Manohar, R Tewatia, Rashid Khan, MM Sharma, Mohammed Shami, Noor Ahmad","K Kartikeya, RG Sharma, Ishan Kishan, C Green, Tilak Varma, SA Yadav, TH David, N Wadhera, PP Chawla, Arjun Tendulkar, JP Behrendorff, RP Meredith",2023
2023_35,2023.0,2023-04-26,Kolkata Knight Riders,Royal Challengers Bengaluru,Kolkata Knight Riders,Royal Challengers Bengaluru,field,"M Chinnaswamy Stadium, Bengaluru",Bengaluru,21,0,CV Varun,200,5,179,8,complete,Amit Sharma,KN Ananthapadmanabhan,R Pandit,MA Gough,Abhijit Bhattacharya,20,"Suyash Sharma, JJ Roy, N Jagadeesan, VR Iyer, N Rana, AD Russell, RK Singh, D Wiese, SP Narine, VG Arora, UT Yadav, CV Varun","HV Patel, V Kohli, F du Plessis, Shahbaz Ahmed, GJ Maxwell, MK Lomror, KD Karthik, SS Prabhudessai, PWH de Silva, DJ Willey, Vijaykumar Vyshak, Mohammed Siraj",2023
2023_36,2023.0,2023-04-27,Rajasthan Royals,Chennai Super Kings,Rajasthan Royals,Rajasthan Royals,bat,"Sawai Mansingh Stadium, Jaipur",Jaipur,32,0,YBK Jaiswal,202,5,170,6,complete,M Nayyar,A Totre,YC Barde,RJ Tucker,Mohamad Rafi,20,"K Yadav, YBK Jaiswal, JC Buttler, SV Samson, SO Hetmyer, Dhruv Jurel, D Padikkal, R Ashwin, JO Holder, Sandeep Sharma, YS Chahal, A Zampa","Akash Singh, RD Gaikwad, DP Conway, AM Rahane, S Dube, AT Rayudu, MM Ali, RA Jadeja, MS Dhoni, M Pathirana, TU Deshpande, M Theekshana",2023
2023_37,2023.0,2023-04-28,Lucknow Super Giants,Punjab Kings,Lucknow Super Giants,Punjab Kings,field,"Punjab Cricket Association IS Bindra Stadium, Mohali, Chandigarh",Chandigarh,56,0,MP Stoinis,257,5,201,10,complete,Shakti Singh,Nitin Menon,Vinod Seshan,HAS Khalid,VM Dhokre,20,"A Mishra, KL Rahul, KR Mayers, A Badoni, MP Stoinis, N Pooran, DJ Hooda, KH Pandya, Naveen-ul-Haq, Ravi Bishnoi, Avesh Khan, Yash Thakur","Gurnoor Brar, P Simran Singh, S Dhawan, Atharva Taide, Sikandar Raza, LS Livingstone, SM Curran, JM Sharma, M Shahrukh Khan, RD Chahar, K Rabada, Arshdeep Singh",2023
2023_38,2023.0,2023-04-29,Sunrisers Hyderabad,Delhi Capitals,Sunrisers Hyderabad,Sunrisers Hyderabad,bat,"Arun Jaitley Stadium, Delhi",Delhi,9,0,MR Marsh,197,6,188,6,complete,V Narayan Kutty,MA Gough,Navdeep Singh,MV Saidharshan Kumar,P Joshi,20,"T Natarajan, Abhishek Sharma, MA Agarwal, RA Tripathi, AK Markram, HC Brook, H Klaasen, Abdul Samad, AJ Hosein, M Markande, B Kumar, Umran Malik","I Sharma, DA Warner, PD Salt, MR Marsh, MK Pandey, PK Garg, SN Khan, AR Patel, RV Patel, Kuldeep Yadav, A Nortje, Mukesh Kumar",2023
2023_39,2023.0,2023-04-29,Kolkata Knight Riders,Gujarat Titans,Gujarat Titans,Gujarat Titans,field,"Eden Gardens, Kolkata",Kolkata,0,7,J Little,179,7,180,3,complete,SA Satbhai,NA Patwardhan,GR Sadashiv Iyer,CB Gaffaney,M Krishnadas,20,"Suyash Sharma, N Jagadeesan, Rahmanullah Gurbaz, SN Thakur, VR Iyer, N Rana, RK Singh, AD Russell, D Wiese, SP Narine, Harshit Rana, CV Varun","MM Sharma, WP Saha, Shubman Gill, HH Pandya, V Shankar, DA Miller, A Manohar, R Tewatia, Rashid Khan, Noor Ahmad, Mohammed Shami, J Little",2023
2023_4,2023.0,2023-04-02,Rajasthan Royals,Sunrisers Hyderabad,Rajasthan Royals,Sunrisers Hyderabad,field,"Rajiv Gandhi International Stadium, Uppal, Hyderabad",Hyderabad,72,0,JC Buttler,203,5,131,8,complete,V Narayan Kutty,KN Ananthapadmanabhan,R Pandit,Navdeep Singh,Abhijit Bhattacharya,20,"NA Saini, YBK Jaiswal, JC Buttler, SV Samson, D Padikkal, R Parag, SO Hetmyer, R Ashwin, JO Holder, TA Boult, KM Asif, YS Chahal","Fazalhaq Farooqi, Abhishek Sharma, MA Agarwal, RA Tripathi, HC Brook, Washington Sundar, GD Phillips, Abdul Samad, AU Rashid, B Kumar, Umran Malik, T Natarajan",2023
2023_40,2023.0,2023-04-30,Rajasthan Royals,Mumbai Indians,Mumbai Indians,Rajasthan Royals,bat,"Wankhede Stadium, Mumbai",Mumbai,0,6,YBK Jaiswal,212,7,214,4,complete,J Srinath,Vinod Seshan,VK Sharma,Tapan Sharma,VM Dhokre,20,"KR Sen, YBK Jaiswal, JC Buttler, SV Samson, D Padikkal, JO Holder, SO Hetmyer, Dhruv Jurel, R Ashwin, TA Boult, Sandeep Sharma, YS Chahal","RG Sharma, Ishan Kishan, C Green, SA Yadav, Tilak Varma, TH David, PP Chawla, JC Archer, K Kartikeya, RP Meredith, Arshad Khan",2023
2023_41,2023.0,2023-04-30,Chennai Super Kings,Punjab Kings,Punjab Kings,Chennai Super Kings,bat,"MA Chidambaram Stadium, Chepauk, Chennai",Chennai,0,4,DP Conway,200,4,201,6,complete,M Nayyar,RJ Tucker,UV Gandhe,YC Barde,Mohamad Rafi,20,"Akash Singh, RD Gaikwad, DP Conway, S Dube, MM Ali, RA Jadeja, MS Dhoni, AM Rahane, M Pathirana, TU Deshpande, M Theekshana, AT Rayudu","K Rabada, P Simran Singh, S Dhawan, Atharva Taide, LS Livingstone, SM Curran, JM Sharma, M Shahrukh Khan, Sikandar Raza, Harpreet Brar, RD Chahar, Arshdeep Singh",2023
2023_42,2023.0,2023-05-01,Royal Challengers Bengaluru,Lucknow Super Giants,Royal Challengers Bengaluru,Royal Challengers Bengaluru,bat,"Bharat Ratna Shri Atal Bihari Vajpayee Ekana Cricket Stadium, Lucknow",Lucknow,18,0,F du Plessis,126,9,108,10,complete,Prakash Bhatt,AK Chaudhary,GR Sadashiv Iyer,A Nand Kishore,M Krishnadas,20,"V Kohli, F du Plessis, Anuj Rawat, GJ Maxwell, SS Prabhudessai, KD Karthik, MK Lomror, PWH de Silva, KV Sharma, Mohammed Siraj, JR Hazlewood, HV Patel","KR Mayers, A Badoni, KH Pandya, DJ Hooda, MP Stoinis, N Pooran, K Gowtham, Ravi Bishnoi, A Mishra, Naveen-ul-Haq, KL Rahul, Yash Thakur",2023
2023_43,2023.0,2023-05-02,Delhi Capitals,Gujarat Titans,Delhi Capitals,Delhi Capitals,bat,"Narendra Modi Stadium, Ahmedabad",Ahmedabad,5,0,Mohammed Shami,130,8,125,6,complete,V Narayan Kutty,MA Gough,R Pandit,KN Ananthapadmanabhan,P Joshi,20,"KK Ahmed, PD Salt, DA Warner, PK Garg, RR Rossouw, MK Pandey, AR Patel, Aman Hakim Khan, RV Patel, A Nortje, Kuldeep Yadav, I Sharma","MM Sharma, WP Saha, Shubman Gill, HH Pandya, V Shankar, DA Miller, A Manohar, R Tewatia, Rashid Khan, Noor Ahmad, Mohammed Shami, J Little",2023
2023_44,2023.0,2023-05-03,Punjab Kings,Mumbai Indians,Mumbai Indians,Mumbai Indians,field,"Punjab Cricket Association IS Bindra Stadium, Mohali, Chandigarh",Chandigarh,0,6,Ishan Kishan,214,3,216,4,complete,SS Raul,J Madanagopal,RJ Tucker,A Totre,Mohamad Rafi,20,"NT Ellis, P Simran Singh, S Dhawan, MW Short, LS Livingstone, JM Sharma, SM Curran, M Shahrukh Khan, Harpreet Brar, R Dhawan, RD Chahar, Arshdeep Singh","Akash Madhwal, RG Sharma, Ishan Kishan, C Green, SA Yadav, TH David, Tilak Varma, N Wadhera, PP Chawla, JC Archer, K Kartikeya, Arshad Khan",2023
2023_45,2023.0,2023-05-03,Lucknow Super Giants,Chennai Super Kings,,Chennai Super Kings,field,"Bharat Ratna Shri Atal Bihari Vajpayee Ekana Cricket Stadium, Lucknow",Lucknow,0,0,,125,7,0,0,no result,Prakash Bhatt,AK Chaudhary,NA Patwardhan,CB Gaffaney,M Krishnadas,20,"M Vohra, KR Mayers, KS Sharma, KH Pandya, MP Stoinis, N Pooran, A Badoni, K Gowtham, Naveen-ul-Haq, Ravi Bishnoi, Mohsin Khan","AT Rayudu, RD Gaikwad, DP Conway, AM Rahane, MM Ali, S Dube, RA Jadeja, MS Dhoni, M Pathirana, TU Deshpande, M Theekshana, DL Chahar",2023
2023_46,2023.0,2023-05-04,Kolkata Knight Riders,Sunrisers Hyderabad,Kolkata Knight Riders,Kolkata Knight Riders,bat,"Rajiv Gandhi International Stadium, Uppal, Hyderabad",Hyderabad,5,0,CV Varun,171,9,166,8,complete,V Narayan Kutty,KN Ananthapadmanabhan,MA Gough,MV Saidharshan Kumar,P Joshi,20,"JJ Roy, Rahmanullah Gurbaz, VR Iyer, N Rana, RK Singh, AD Russell, SP Narine, SN Thakur, AS Roy, Harshit Rana, VG Arora, CV Varun","T Natarajan, Abhishek Sharma, MA Agarwal, RA Tripathi, AK Markram, HC Brook, H Klaasen, Abdul Samad, M Jansen, B Kumar, M Markande, Kartik Tyagi",2023
2023_47,2023.0,2023-05-05,Rajasthan Royals,Gujarat Titans,Gujarat Titans,Rajasthan Royals,bat,"Sawai Mansingh Stadium, Jaipur",Jaipur,0,9,Rashid Khan,118,10,119,1,complete,J Srinath,HAS Khalid,VK Sharma,Nitin Menon,VM Dhokre,20,"YBK Jaiswal, JC Buttler, SV Samson, D Padikkal, R Ashwin, R Parag, SO Hetmyer, Dhruv Jurel, TA Boult, A Zampa, Sandeep Sharma, YS Chahal","MM Sharma, WP Saha, Shubman Gill, HH Pandya, Rashid Khan, DA Miller, V Shankar, R Tewatia, A Manohar, Noor Ahmad, Mohammed Shami, J Little",2023
2023_48,2023.0,2023-05-06,Royal Challengers Bengaluru,Delhi Capitals,Delhi Capitals,Royal Challengers Bengaluru,bat,"Arun Jaitley Stadium, Delhi",Delhi,0,7,PD Salt,181,4,187,3,complete,M Nayyar,RJ Tucker,YC Barde,J Madanagopal,Mohamad Rafi,20,"HV Patel, V Kohli, F du Plessis, GJ Maxwell, MK Lomror, KD Karthik, Anuj Rawat, KM Jadhav, PWH de Silva, KV Sharma, Mohammed Siraj, JR Hazlewood","I Sharma, DA Warner, PD Salt, MR Marsh, RR Rossouw, AR Patel, Aman Hakim Khan, MK Pandey, Kuldeep Yadav, Mukesh Kumar, KK Ahmed, RV Patel",2023
2023_49,2023.0,2023-05-06,Mumbai Indians,Chennai Super Kings,Chennai Super Kings,Chennai Super Kings,field,"MA Chidambaram Stadium, Chepauk, Chennai",Chennai,0,6,M Pathirana,139,8,140,4,complete,V Narayan Kutty,BNJ Oxenford,Navdeep Singh,KN Ananthapadmanabhan,P Joshi,20,"R Goyal, C Green, Ishan Kishan, RG Sharma, N Wadhera, SA Yadav, T Stubbs, TH David, Arshad Khan, JC Archer, PP Chawla, Akash Madhwal","M Theekshana, RD Gaikwad, DP Conway, AM Rahane, AT Rayudu, S Dube, MS Dhoni, MM Ali, RA Jadeja, DL Chahar, M Pathirana, TU Deshpande",2023
2023_5,2023.0,2023-04-03,Chennai Super Kings,Lucknow Super Giants,Chennai Super Kings,Lucknow Super Giants,field,"MA Chidambaram Stadium, Chepauk, Chennai",Chennai,12,0,MM Ali,217,7,205,7,complete,M Nayyar,A Totre,BNJ Oxenford,UV Gandhe,PM Joshi,20,"TU Deshpande, RD Gaikwad, DP Conway, S Dube, MM Ali, BA Stokes, AT Rayudu, RA Jadeja, MS Dhoni, MJ Santner, DL Chahar, RS Hangargekar","Avesh Khan, KL Rahul, KR Mayers, DJ Hooda, KH Pandya, MP Stoinis, N Pooran, A Badoni, K Gowtham, MA Wood, Yash Thakur, Ravi Bishnoi",2023
2023_50,2023.0,2023-05-07,Rajasthan Royals,Sunrisers Hyderabad,Sunrisers Hyderabad,Rajasthan Royals,bat,"Sawai Mansingh Stadium, Jaipur",Jaipur,0,4,GD Phillips,214,2,217,6,complete,J Srinath,Nitin Menon,Vinod Seshan,VK Sharma,VM Dhokre,20,"OC McCoy, YBK Jaiswal, JC Buttler, SV Samson, SO Hetmyer, JE Root, Dhruv Jurel, R Ashwin, Sandeep Sharma, M Ashwin, K Yadav, YS Chahal","T Natarajan, Anmolpreet Singh, Abhishek Sharma, RA Tripathi, H Klaasen, AK Markram, GD Phillips, Abdul Samad, M Jansen, Vivrant Sharma, M Markande, B Kumar",2023
2023_51,2023.0,2023-05-07,Gujarat Titans,Lucknow Super Giants,Gujarat Titans,Lucknow Super Giants,field,"Narendra Modi Stadium, Ahmedabad",Ahmedabad,56,0,Shubman Gill,227,2,171,7,complete,Prakash Bhatt,AK Chaudhary,A Nand Kishore,CB Gaffaney,M Krishnadas,20,"AS Joseph, WP Saha, Shubman Gill, HH Pandya, DA Miller, V Shankar, Rashid Khan, R Tewatia, A Manohar, MM Sharma, Mohammed Shami, Noor Ahmad","Yash Thakur, KR Mayers, Q de Kock, DJ Hooda, MP Stoinis, N Pooran, A Badoni, Swapnil Singh, KH Pandya, Ravi Bishnoi, Mohsin Khan, Avesh Khan",2023
2023_52,2023.0,2023-05-08,Punjab Kings,Kolkata Knight Riders,Kolkata Knight Riders,Punjab Kings,bat,"Eden Gardens, Kolkata",Kolkata,0,5,AD Russell,179,7,182,5,complete,SS Raul,A Totre,J Madanagopal,UV Gandhe,Mohamad Rafi,20,"NT Ellis, P Simran Singh, S Dhawan, PBB Rajapaksa, LS Livingstone, JM Sharma, SM Curran, R Dhawan, M Shahrukh Khan, Harpreet Brar, RD Chahar, Arshdeep Singh","Suyash Sharma, JJ Roy, Rahmanullah Gurbaz, N Rana, VR Iyer, AD Russell, RK Singh, SN Thakur, SP Narine, Harshit Rana, VG Arora, CV Varun",2023
2023_53,2023.0,2023-05-09,Royal Challengers Bengaluru,Mumbai Indians,Mumbai Indians,Mumbai Indians,field,"Wankhede Stadium, Mumbai",Mumbai,0,6,SA Yadav,199,6,200,4,complete,RS Sodhi,HAS Khalid,VK Sharma,Nitin Menon,VM Dhokre,20,"V Kohli, F du Plessis, Anuj Rawat, GJ Maxwell, MK Lomror, KD Karthik, KM Jadhav, PWH de Silva, JR Hazlewood, Mohammed Siraj, Vijaykumar Vyshak, HV Patel","Ishan Kishan, RG Sharma, SA Yadav, N Wadhera, TH David, C Green, CJ Jordan, PP Chawla, JP Behrendorff, K Kartikeya, Akash Madhwal",2023
2023_54,2023.0,2023-05-10,Chennai Super Kings,Delhi Capitals,Chennai Super Kings,Chennai Super Kings,bat,"MA Chidambaram Stadium, Chepauk, Chennai",Chennai,27,0,RA Jadeja,167,8,140,8,complete,Sanjay Verma,CB Gaffaney,NA Patwardhan,AK Chaudhary,M Krishnadas,20,"M Pathirana, RD Gaikwad, DP Conway, AM Rahane, MM Ali, S Dube, AT Rayudu, RA Jadeja, MS Dhoni, DL Chahar, TU Deshpande, M Theekshana","KK Ahmed, DA Warner, PD Salt, MR Marsh, MK Pandey, RR Rossouw, RV Patel, AR Patel, Aman Hakim Khan, Lalit Yadav, Kuldeep Yadav, I Sharma",2023
2023_55,2023.0,2023-05-11,Kolkata Knight Riders,Rajasthan Royals,Rajasthan Royals,Rajasthan Royals,field,"Eden Gardens, Kolkata",Kolkata,0,9,YBK Jaiswal,149,8,151,1,complete,P Dharmani,RJ Tucker,MV Saidharshan Kumar,R Pandit,P Joshi,20,"Suyash Sharma, JJ Roy, Rahmanullah Gurbaz, VR Iyer, N Rana, AD Russell, RK Singh, SN Thakur, AS Roy, SP Narine, Harshit Rana, CV Varun","YBK Jaiswal, JC Buttler, SV Samson, JE Root, Dhruv Jurel, SO Hetmyer, R Ashwin, Sandeep Sharma, KM Asif, TA Boult, YS Chahal",2023
2023_56,2023.0,2023-05-12,Mumbai Indians,Gujarat Titans,Mumbai Indians,Gujarat Titans,field,"Wankhede Stadium, Mumbai",Mumbai,27,0,SA Yadav,218,5,191,8,complete,RS Sodhi,Nitin Menon,Tapan Sharma,Vinod Seshan,VM Dhokre,20,"Akash Madhwal, Ishan Kishan, RG Sharma, SA Yadav, N Wadhera, Vishnu Vinod, TH David, C Green, CJ Jordan, PP Chawla, JP Behrendorff, K Kartikeya","MM Sharma, WP Saha, Shubman Gill, HH Pandya, V Shankar, DA Miller, A Manohar, R Tewatia, Rashid Khan, Noor Ahmad, AS Joseph, Mohammed Shami",2023
2023_57,2023.0,2023-05-13,Punjab Kings,Delhi Capitals,Punjab Kings,Delhi Capitals,field,"Arun Jaitley Stadium, Delhi",Delhi,31,0,P Simran Singh,167,7,136,8,complete,Sanjay Verma,CB Gaffaney,NA Patwardhan,GR Sadashiv Iyer,M Krishnadas,20,"NT Ellis, P Simran Singh, S Dhawan, LS Livingstone, JM Sharma, SM Curran, Harpreet Brar, M Shahrukh Khan, Sikandar Raza, R Dhawan, RD Chahar, Arshdeep Singh","KK Ahmed, DA Warner, PD Salt, MR Marsh, RR Rossouw, AR Patel, MK Pandey, Aman Hakim Khan, P Dubey, Kuldeep Yadav, Mukesh Kumar, I Sharma",2023
2023_58,2023.0,2023-05-13,Sunrisers Hyderabad,Lucknow Super Giants,Lucknow Super Giants,Sunrisers Hyderabad,bat,"Rajiv Gandhi International Stadium, Uppal, Hyderabad",Hyderabad,0,7,PN Mankad,182,6,185,3,complete,P Dharmani,A Totre,J Madanagopal,YC Barde,Mohamad Rafi,20,"Vivrant Sharma, Anmolpreet Singh, Abhishek Sharma, RA Tripathi, AK Markram, H Klaasen, GD Phillips, Abdul Samad, B Kumar, T Natarajan, M Markande, Fazalhaq Farooqi","A Mishra, KR Mayers, Q de Kock, PN Mankad, MP Stoinis, N Pooran, KH Pandya, Yash Thakur, Ravi Bishnoi, Yudhvir Singh, Avesh Khan, A Badoni",2023
2023_59,2023.0,2023-05-14,Royal Challengers Bengaluru,Rajasthan Royals,Royal Challengers Bengaluru,Royal Challengers Bengaluru,bat,"Sawai Mansingh Stadium, Jaipur",Jaipur,112,0,WD Parnell,171,5,59,10,complete,V Narayan Kutty,KN Ananthapadmanabhan,Navdeep Singh,RJ Tucker,P Joshi,20,"Shahbaz Ahmed, V Kohli, F du Plessis, GJ Maxwell, MK Lomror, KD Karthik, MG Bracewell, Anuj Rawat, WD Parnell, KV Sharma, HV Patel, Mohammed Siraj","YS Chahal, YBK Jaiswal, JC Buttler, SV Samson, JE Root, D Padikkal, SO Hetmyer, Dhruv Jurel, R Ashwin, A Zampa, Sandeep Sharma, KM Asif",2023
2023_6,2023.0,2023-04-04,Delhi Capitals,Gujarat Titans,Gujarat Titans,Gujarat Titans,field,"Arun Jaitley Stadium, Delhi",Delhi,0,6,B Sai Sudharsan,162,8,163,4,complete,DS Manohar,A Nand Kishore,GR Sadashiv Iyer,AK Chaudhary,M Kuppuraj,20,"KK Ahmed, DA Warner, PP Shaw, MR Marsh, SN Khan, RR Rossouw, Abishek Porel, AR Patel, Aman Hakim Khan, Kuldeep Yadav, A Nortje, Mukesh Kumar","J Little, WP Saha, Shubman Gill, B Sai Sudharsan, HH Pandya, V Shankar, DA Miller, R Tewatia, Rashid Khan, AS Joseph, Yash Dayal, Mohammed Shami",2023
2023_60,2023.0,2023-05-14,Chennai Super Kings,Kolkata Knight Riders,Kolkata Knight Riders,Chennai Super Kings,bat,"MA Chidambaram Stadium, Chepauk, Chennai",Chennai,0,6,RK Singh,144,6,147,4,complete,J Srinath,Tapan Sharma,Vinod Seshan,Nitin Menon,VM Dhokre,20,"M Pathirana, RD Gaikwad, DP Conway, AM Rahane, AT Rayudu, S Dube, MM Ali, RA Jadeja, MS Dhoni, DL Chahar, TU Deshpande, M Theekshana","Suyash Sharma, JJ Roy, Rahmanullah Gurbaz, VR Iyer, N Rana, RK Singh, AD Russell, SN Thakur, SP Narine, VG Arora, Harshit Rana, CV Varun",2023
2023_61,2023.0,2023-05-15,Gujarat Titans,Sunrisers Hyderabad,Gujarat Titans,Sunrisers Hyderabad,field,"Narendra Modi Stadium, Ahmedabad",Ahmedabad,34,0,Shubman Gill,188,9,154,9,complete,M Nayyar,J Madanagopal,UV Gandhe,A Totre,Mohamad Rafi,20,"Yash Dayal, WP Saha, Shubman Gill, B Sai Sudharsan, HH Pandya, DA Miller, R Tewatia, MD Shanaka, Rashid Khan, Noor Ahmad, Mohammed Shami, MM Sharma","T Natarajan, Anmolpreet Singh, Abhishek Sharma, AK Markram, RA Tripathi, H Klaasen, Sanvir Singh, Abdul Samad, M Jansen, B Kumar, M Markande, Fazalhaq Farooqi",2023
2023_62,2023.0,2023-05-16,Lucknow Super Giants,Mumbai Indians,Lucknow Super Giants,Mumbai Indians,field,"Bharat Ratna Shri Atal Bihari Vajpayee Ekana Cricket Stadium, Lucknow",Lucknow,5,0,MP Stoinis,177,4,172,5,complete,Sanjay Verma,AK Chaudhary,A Nand Kishore,CB Gaffaney,M Krishnadas,20,"Yash Thakur, DJ Hooda, Q de Kock, PN Mankad, KH Pandya, MP Stoinis, N Pooran, A Badoni, Naveen-ul-Haq, Ravi Bishnoi, Swapnil Singh, Mohsin Khan","Akash Madhwal, Ishan Kishan, RG Sharma, SA Yadav, N Wadhera, TH David, Vishnu Vinod, C Green, CJ Jordan, HR Shokeen, PP Chawla, JP Behrendorff",2023
2023_63,2023.0,2023-05-17,Delhi Capitals,Punjab Kings,Delhi Capitals,Punjab Kings,field,"Himachal Pradesh Cricket Association Stadium, Dharamsala",Dharamsala,15,0,RR Rossouw,213,2,198,8,complete,P Dharmani,KN Ananthapadmanabhan,MV Saidharshan Kumar,RJ Tucker,P Joshi,20,"Mukesh Kumar, DA Warner, PP Shaw, RR Rossouw, PD Salt, AR Patel, Aman Hakim Khan, YV Dhull, Kuldeep Yadav, A Nortje, I Sharma, KK Ahmed","NT Ellis, P Simran Singh, S Dhawan, Atharva Taide, LS Livingstone, JM Sharma, M Shahrukh Khan, SM Curran, Harpreet Brar, RD Chahar, K Rabada, Arshdeep Singh",2023
2023_64,2023.0,2023-05-18,Sunrisers Hyderabad,Royal Challengers Bengaluru,Royal Challengers Bengaluru,Royal Challengers Bengaluru,field,"Rajiv Gandhi International Stadium, Uppal, Hyderabad",Hyderabad,0,8,V Kohli,186,5,187,2,complete,J Srinath,BNJ Oxenford,VK Sharma,HAS Khalid,VM Dhokre,20,"T Natarajan, Abhishek Sharma, RA Tripathi, AK Markram, H Klaasen, HC Brook, GD Phillips, Abdul Samad, B Kumar, Kartik Tyagi, Mayank Dagar, Nithish Kumar Reddy","V Kohli, F du Plessis, GJ Maxwell, MG Bracewell, MK Lomror, Anuj Rawat, Shahbaz Ahmed, HV Patel, WD Parnell, KV Sharma, Mohammed Siraj",2023
2023_65,2023.0,2023-05-19,Punjab Kings,Rajasthan Royals,Rajasthan Royals,Rajasthan Royals,field,"Himachal Pradesh Cricket Association Stadium, Dharamsala",Dharamsala,0,4,D Padikkal,187,5,189,6,complete,P Dharmani,A Nand Kishore,RJ Tucker,Navdeep Singh,P Joshi,20,"NT Ellis, P Simran Singh, S Dhawan, Atharva Taide, LS Livingstone, SM Curran, JM Sharma, M Shahrukh Khan, Harpreet Brar, RD Chahar, K Rabada, Arshdeep Singh","YS Chahal, YBK Jaiswal, JC Buttler, D Padikkal, SV Samson, SO Hetmyer, R Parag, Dhruv Jurel, TA Boult, A Zampa, Navdeep Saini, Sandeep Sharma",2023
2023_66,2023.0,2023-05-20,Chennai Super Kings,Delhi Capitals,Chennai Super Kings,Chennai Super Kings,bat,"Arun Jaitley Stadium, Delhi",Delhi,77,0,RD Gaikwad,223,3,146,9,complete,Sanjay Verma,CB Gaffaney,NA Patwardhan,AK Chaudhary,M Krishnadas,20,"M Pathirana, RD Gaikwad, DP Conway, S Dube, MS Dhoni, RA Jadeja, AM Rahane, MM Ali, AT Rayudu, DL Chahar, TU Deshpande, M Theekshana","KK Ahmed, PP Shaw, DA Warner, PD Salt, RR Rossouw, YV Dhull, AR Patel, Aman Hakim Khan, Lalit Yadav, A Nortje, Kuldeep Yadav, C Sakariya",2023
2023_67,2023.0,2023-05-20,Lucknow Super Giants,Kolkata Knight Riders,Lucknow Super Giants,Kolkata Knight Riders,field,"Eden Gardens, Kolkata",Kolkata,1,0,N Pooran,176,8,175,7,complete,M Nayyar,J Madanagopal,UV Gandhe,YC Barde,Mohamad Rafi,20,"Yash Thakur, KS Sharma, Q de Kock, PN Mankad, MP Stoinis, KH Pandya, A Badoni, N Pooran, K Gowtham, Ravi Bishnoi, Naveen-ul-Haq, Mohsin Khan","Harshit Rana, JJ Roy, VR Iyer, N Rana, Rahmanullah Gurbaz, RK Singh, AD Russell, SN Thakur, SP Narine, VG Arora, CV Varun, Suyash Sharma",2023
2023_68,2023.0,2023-05-21,Sunrisers Hyderabad,Mumbai Indians,Mumbai Indians,Mumbai Indians,field,"Wankhede Stadium, Mumbai",Mumbai,0,8,C Green,200,5,201,2,complete,P Dharmani,KN Ananthapadmanabhan,RJ Tucker,R Pandit,P Joshi,20,"Kartik Tyagi, Vivrant Sharma, MA Agarwal, H Klaasen, GD Phillips, AK Markram, HC Brook, Sanvir Singh, Nithish Kumar Reddy, Mayank Dagar, B Kumar, Umran Malik","Ishan Kishan, RG Sharma, C Green, SA Yadav, TH David, N Wadhera, CJ Jordan, PP Chawla, JP Behrendorff, K Kartikeya, Akash Madhwal",2023
2023_69,2023.0,2023-05-21,Royal Challengers Bengaluru,Gujarat Titans,Gujarat Titans,Gujarat Titans,field,"M Chinnaswamy Stadium, Bengaluru",Bengaluru,0,6,Shubman Gill,197,5,198,4,complete,J Srinath,Nitin Menon,VK Sharma,Tapan Sharma,VM Dhokre,20,"H Sharma, V Kohli, F du Plessis, GJ Maxwell, MK Lomror, MG Bracewell, KD Karthik, Anuj Rawat, HV Patel, WD Parnell, Vijaykumar Vyshak, Mohammed Siraj","Yash Dayal, WP Saha, Shubman Gill, V Shankar, MD Shanaka, DA Miller, R Tewatia, HH Pandya, Rashid Khan, Noor Ahmad, Mohammed Shami, MM Sharma",2023
2023_7,2023.0,2023-04-05,Punjab Kings,Rajasthan Royals,Punjab Kings,Rajasthan Royals,field,"Barsapara Cricket Stadium, Guwahati",Guwahati,5,0,NT Ellis,197,5,192,7,complete,V Narayan Kutty,KN Ananthapadmanabhan,MV Saidharshan Kumar,R Pandit,Abhijit Bhattacharya,20,"P Simran Singh, S Dhawan, PBB Rajapaksa, JM Sharma, Sikandar Raza, M Shahrukh Khan, SM Curran, Harpreet Brar, NT Ellis, RD Chahar, Arshdeep Singh, R Dhawan","YBK Jaiswal, R Ashwin, JC Buttler, SV Samson, D Padikkal, R Parag, SO Hetmyer, Dhruv Jurel, JO Holder, YS Chahal, TA Boult, KM Asif",2023
2023_70,2023.0,2023-05-23,Chennai Super Kings,Gujarat Titans,Chennai Super Kings,Gujarat Titans,field,"MA Chidambaram Stadium, Chepauk, Chennai",Chennai,15,0,RD Gaikwad,172,7,157,10,complete,M Nayyar,AK Chaudhary,CB Gaffaney,BNJ Oxenford,VK Sharma,20,"M Pathirana, RD Gaikwad, DP Conway, S Dube, AM Rahane, AT Rayudu, RA Jadeja, MS Dhoni, MM Ali, DL Chahar, TU Deshpande, M Theekshana","MM Sharma, WP Saha, Shubman Gill, HH Pandya, MD Shanaka, DA Miller, V Shankar, R Tewatia, Rashid Khan, DG Nalkande, Noor Ahmad, Mohammed Shami",2023
2023_71,2023.0,2023-05-24,Mumbai Indians,Lucknow Super Giants,Mumbai Indians,Mumbai Indians,bat,"MA Chidambaram Stadium, Chepauk, Chennai",Chennai,81,0,Akash Madhwal,182,8,101,10,complete,V Narayan Kutty,BNJ Oxenford,VK Sharma,CB Gaffaney,AK Chaudhary,20,"Ishan Kishan, RG Sharma, C Green, SA Yadav, Tilak Varma, TH David, N Wadhera, CJ Jordan, HR Shokeen, PP Chawla, JP Behrendorff, Akash Madhwal","Yash Thakur, KR Mayers, PN Mankad, KH Pandya, MP Stoinis, A Badoni, N Pooran, DJ Hooda, K Gowtham, Ravi Bishnoi, Naveen-ul-Haq, Mohsin Khan",2023
2023_72,2023.0,2023-05-26,Gujarat Titans,Mumbai Indians,Gujarat Titans,Mumbai Indians,field,"Narendra Modi Stadium, Ahmedabad",Ahmedabad,62,0,Shubman Gill,233,3,171,10,complete,J Srinath,Nitin Menon,RJ Tucker,J Madanagopal,KN Ananthapadmanabhan,20,"J Little, WP Saha, Shubman Gill, B Sai Sudharsan, HH Pandya, Rashid Khan, DA Miller, R Tewatia, V Shankar, Noor Ahmad, Mohammed Shami, MM Sharma","Ishan Kishan, Akash Madhwal, RG Sharma, N Wadhera, C Green, SA Yadav, Tilak Varma, Vishnu Vinod, TH David, CJ Jordan, PP Chawla, K Kartikeya, JP Behrendorff",2023
2023_73,2023.0,2023-05-29,Gujarat Titans,Chennai Super Kings,Chennai Super Kings,Chennai Super Kings,field,"Narendra Modi Stadium, Ahmedabad",Ahmedabad,0,5,DP Conway,214,4,171,5,complete,J Srinath,Nitin Menon,RJ Tucker,KN Ananthapadmanabhan,J Madanagopal,20,"WP Saha, Shubman Gill, B Sai Sudharsan, HH Pandya, Rashid Khan, V Shankar, DA Miller, R Tewatia, MM Sharma, Noor Ahmad, Mohammed Shami, J Little","RD Gaikwad, DP Conway, S Dube, AM Rahane, AT Rayudu, MS Dhoni, RA Jadeja, MM Ali, DL Chahar, M Pathirana, TU Deshpande, M Theekshana",2023
2023_8,2023.0,2023-04-06,Kolkata Knight Riders,Royal Challengers Bengaluru,Kolkata Knight Riders,Royal Challengers Bengaluru,field,"Eden Gardens, Kolkata",Kolkata,81,0,SN Thakur,204,7,123,10,complete,Shakti Singh,Vinod Seshan,VK Sharma,Nitin Menon,A Bengeri,20,"Suyash Sharma, Rahmanullah Gurbaz, VR Iyer, Mandeep Singh, N Rana, RK Singh, AD Russell, SN Thakur, SP Narine, UT Yadav, TG Southee, CV Varun","Mohammed Siraj, V Kohli, F du Plessis, MG Bracewell, GJ Maxwell, HV Patel, Shahbaz Ahmed, KD Karthik, Anuj Rawat, DJ Willey, KV Sharma, Akash Deep",2023
2023_9,2023.0,2023-04-07,Sunrisers Hyderabad,Lucknow Super Giants,Lucknow Super Giants,Sunrisers Hyderabad,bat,"Bharat Ratna Shri Atal Bihari Vajpayee Ekana Cricket Stadium, Lucknow",Lucknow,0,5,KH Pandya,121,8,127,5,complete,M Nayyar,J Madanagopal,YC Barde,BNJ Oxenford,PM Joshi,20,"Fazalhaq Farooqi, Anmolpreet Singh, MA Agarwal, RA Tripathi, AK Markram, HC Brook, Washington Sundar, Abdul Samad, AU Rashid, Umran Malik, B Kumar, T Natarajan","A Mishra, KR Mayers, KL Rahul, DJ Hooda, KH Pandya, MP Stoinis, R Shepherd, N Pooran, Yash Thakur, JD Unadkat, Ravi Bishnoi, A Badoni",2023
2024_0,2024.0,2024-03-22,Royal Challengers Bengaluru,Chennai Super Kings,Chennai Super Kings,Royal Challengers Bengaluru,bat,"MA Chidambaram Stadium, Chepauk, Chennai",Chennai,0,6,Mustafizur Rahman,173,6,176,4,complete,J Srinath,HAS Khalid,VK Sharma,Nitin Menon,M Kuppuraj,20,"V Kohli, F du Plessis, RM Patidar, GJ Maxwell, C Green, Anuj Rawat, KD Karthik, KV Sharma, AS Joseph, Mayank Dagar, Mohammed Siraj, Yash Dayal","RD Gaikwad, R Ravindra, AM Rahane, DJ Mitchell, S Dube, RA Jadeja, Sameer Rizvi, MS Dhoni, DL Chahar, M Theekshana, TU Deshpande, Mustafizur Rahman",2024
2024_1,2024.0,2024-03-23,Kolkata Knight Riders,Sunrisers Hyderabad,Kolkata Knight Riders,Sunrisers Hyderabad,field,"Eden Gardens, Kolkata",Kolkata,4,0,AD Russell,208,7,204,7,complete,M Nayyar,R Pandit,YC Barde,BNJ Oxenford,M Krishnadas,20,"Suyash Sharma, PD Salt, SP Narine, VR Iyer, SS Iyer, N Rana, Ramandeep Singh, RK Singh, AD Russell, MA Starc, Harshit Rana, CV Varun","T Natarajan, MA Agarwal, Abhishek Sharma, RA Tripathi, AK Markram, H Klaasen, Abdul Samad, Shahbaz Ahmed, M Jansen, PJ Cummins, B Kumar, M Markande",2024
2024_10,2024.0,2024-03-30,Lucknow Super Giants,Punjab Kings,Lucknow Super Giants,Lucknow Super Giants,bat,"Bharat Ratna Shri Atal Bihari Vajpayee Ekana Cricket Stadium, Lucknow",Lucknow,21,0,MP Yadav,199,8,178,5,complete,V Narayan Kutty,J Madanagopal,Navdeep Singh,AG Wharf,PM Joshi,20,"Q de Kock, KL Rahul, D Padikkal, MP Stoinis, N Pooran, A Badoni, KH Pandya, Ravi Bishnoi, Mohsin Khan, Naveen-ul-Haq, MP Yadav, M Siddharth","Arshdeep Singh, S Dhawan, JM Bairstow, P Simran Singh, JM Sharma, LS Livingstone, SM Curran, Shashank Singh, Harpreet Brar, HV Patel, K Rabada, RD Chahar",2024
2024_11,2024.0,2024-03-31,Sunrisers Hyderabad,Gujarat Titans,Gujarat Titans,Sunrisers Hyderabad,bat,"Narendra Modi Stadium, Ahmedabad",Ahmedabad,0,7,MM Sharma,162,8,168,3,complete,J Srinath,HAS Khalid,VK Sharma,Unknown,M Kuppuraj,20,"TM Head, MA Agarwal, Abhishek Sharma, AK Markram, H Klaasen, Shahbaz Ahmed, Abdul Samad, Washington Sundar, PJ Cummins, B Kumar, M Markande, JD Unadkat","MM Sharma, WP Saha, Shubman Gill, B Sai Sudharsan, DA Miller, V Shankar, Azmatullah Omarzai, R Tewatia, Rashid Khan, UT Yadav, Noor Ahmad, DG Nalkande",2024
2024_12,2024.0,2024-03-31,Delhi Capitals,Chennai Super Kings,Delhi Capitals,Delhi Capitals,bat,"Dr. Y.S. Rajasekhara Reddy ACA-VDCA Cricket Stadium, Visakhapatnam",Visakhapatnam,20,0,KK Ahmed,191,5,171,6,complete,Prakash Bhatt,HDPK Dharmasena,Vinod Seshan,KN Ananthapadmanabhan,VM Dhokre,20,"Rasikh Salam, PP Shaw, DA Warner, RR Pant, MR Marsh, T Stubbs, AR Patel, Abishek Porel, A Nortje, Mukesh Kumar, I Sharma, KK Ahmed","M Pathirana, RD Gaikwad, R Ravindra, AM Rahane, DJ Mitchell, S Dube, Sameer Rizvi, RA Jadeja, MS Dhoni, DL Chahar, TU Deshpande, Mustafizur Rahman",2024
2024_13,2024.0,2024-04-01,Mumbai Indians,Rajasthan Royals,Rajasthan Royals,Rajasthan Royals,field,"Wankhede Stadium, Mumbai",Mumbai,0,6,TA Boult,125,9,127,4,complete,M Nayyar,MV Saidharshan Kumar,YC Barde,BNJ Oxenford,M Krishnadas,20,"Ishan Kishan, RG Sharma, Naman Dhir, D Brevis, Tilak Varma, HH Pandya, PP Chawla, TH David, G Coetzee, JJ Bumrah, Akash Madhwal, KT Maphaka","YS Chahal, YBK Jaiswal, JC Buttler, SV Samson, R Parag, R Ashwin, SB Dubey, Dhruv Jurel, SO Hetmyer, TA Boult, Avesh Khan, N Burger",2024
2024_14,2024.0,2024-04-02,Lucknow Super Giants,Royal Challengers Bengaluru,Lucknow Super Giants,Royal Challengers Bengaluru,field,"M Chinnaswamy Stadium, Bengaluru",Bengaluru,28,0,MP Yadav,181,5,153,10,complete,V Narayan Kutty,J Madanagopal,NA Patwardhan,AG Wharf,PM Joshi,20,"M Siddharth, Q de Kock, KL Rahul, D Padikkal, MP Stoinis, N Pooran, A Badoni, KH Pandya, Ravi Bishnoi, Yash Thakur, Naveen-ul-Haq, MP Yadav","Yash Dayal, V Kohli, F du Plessis, RM Patidar, GJ Maxwell, C Green, Anuj Rawat, MK Lomror, KD Karthik, Mayank Dagar, RJW Topley, Mohammed Siraj",2024
2024_15,2024.0,2024-04-03,Kolkata Knight Riders,Delhi Capitals,Kolkata Knight Riders,Kolkata Knight Riders,bat,"Dr. Y.S. Rajasekhara Reddy ACA-VDCA Cricket Stadium, Visakhapatnam",Visakhapatnam,106,0,SP Narine,272,7,166,10,complete,Prakash Bhatt,A Totre,UV Gandhe,HDPK Dharmasena,VM Dhokre,20,"VG Arora, PD Salt, SP Narine, A Raghuvanshi, AD Russell, SS Iyer, RK Singh, VR Iyer, Ramandeep Singh, MA Starc, Harshit Rana, CV Varun","KK Ahmed, DA Warner, PP Shaw, MR Marsh, Abishek Porel, RR Pant, T Stubbs, AR Patel, Sumit Kumar, Rasikh Salam, A Nortje, I Sharma",2024
2024_16,2024.0,2024-04-04,Gujarat Titans,Punjab Kings,Punjab Kings,Punjab Kings,field,"Narendra Modi Stadium, Ahmedabad",Ahmedabad,0,3,Shashank Singh,199,4,200,7,complete,J Srinath,Nitin Menon,VA Kulkarni,VK Sharma,M Kuppuraj,20,"MM Sharma, WP Saha, Shubman Gill, KS Williamson, B Sai Sudharsan, V Shankar, R Tewatia, Azmatullah Omarzai, Rashid Khan, Noor Ahmad, UT Yadav, DG Nalkande","Arshdeep Singh, S Dhawan, JM Bairstow, P Simran Singh, SM Curran, Sikandar Raza, Shashank Singh, JM Sharma, Ashutosh Sharma, Harpreet Brar, HV Patel, K Rabada",2024
2024_17,2024.0,2024-04-05,Chennai Super Kings,Sunrisers Hyderabad,Sunrisers Hyderabad,Sunrisers Hyderabad,field,"Rajiv Gandhi International Stadium, Uppal, Hyderabad",Hyderabad,0,6,Abhishek Sharma,165,5,166,4,complete,M Nayyar,R Pandit,YC Barde,BNJ Oxenford,M Krishnadas,20,"Mukesh Choudhary, R Ravindra, RD Gaikwad, AM Rahane, S Dube, RA Jadeja, DJ Mitchell, MS Dhoni, MM Ali, DL Chahar, TU Deshpande, M Theekshana","T Natarajan, TM Head, Abhishek Sharma, AK Markram, Shahbaz Ahmed, H Klaasen, Nithish Kumar Reddy, Abdul Samad, PJ Cummins, B Kumar, M Markande, JD Unadkat",2024
2024_18,2024.0,2024-04-06,Royal Challengers Bengaluru,Rajasthan Royals,Rajasthan Royals,Rajasthan Royals,field,"Sawai Mansingh Stadium, Jaipur",Jaipur,0,6,JC Buttler,183,3,189,4,complete,V Narayan Kutty,AG Wharf,Tapan Sharma,J Madanagopal,PM Joshi,20,"H Sharma, V Kohli, F du Plessis, GJ Maxwell, Saurav Chauhan, C Green, RM Patidar, KD Karthik, RJW Topley, Mayank Dagar, Mohammed Siraj, Yash Dayal","YS Chahal, YBK Jaiswal, JC Buttler, SV Samson, R Parag, Dhruv Jurel, SO Hetmyer, R Ashwin, TA Boult, Avesh Khan, N Burger, SB Dubey",2024
2024_19,2024.0,2024-04-07,Lucknow Super Giants,Gujarat Titans,Lucknow Super Giants,Lucknow Super Giants,bat,"Bharat Ratna Shri Atal Bihari Vajpayee Ekana Cricket Stadium, Lucknow",Lucknow,33,0,Yash Thakur,163,5,130,10,complete,J Srinath,A Nand Kishore,VK Sharma,Nitin Menon,M Kuppuraj,20,"M Siddharth, Q de Kock, KL Rahul, D Padikkal, MP Stoinis, N Pooran, A Badoni, KH Pandya, Ravi Bishnoi, Naveen-ul-Haq, Yash Thakur, MP Yadav","MM Sharma, B Sai Sudharsan, Shubman Gill, KS Williamson, BR Sharath, V Shankar, DG Nalkande, R Tewatia, Rashid Khan, UT Yadav, SH Johnson, Noor Ahmad",2024
2024_2,2024.0,2024-03-23,Delhi Capitals,Punjab Kings,Punjab Kings,Punjab Kings,field,"Maharaja Yadavindra Singh International Cricket Stadium, Mullanpur",Mohali,0,4,SM Curran,174,9,177,6,complete,V Narayan Kutty,J Madanagopal,NA Patwardhan,AG Wharf,PM Joshi,20,"DA Warner, MR Marsh, SD Hope, RR Pant, RK Bhui, T Stubbs, AR Patel, Sumit Kumar, Abishek Porel, Kuldeep Yadav, KK Ahmed, I Sharma","Arshdeep Singh, S Dhawan, JM Bairstow, P Simran Singh, SM Curran, JM Sharma, LS Livingstone, Shashank Singh, Harpreet Brar, HV Patel, K Rabada, RD Chahar",2024
2024_20,2024.0,2024-04-07,Mumbai Indians,Delhi Capitals,Mumbai Indians,Delhi Capitals,field,"Wankhede Stadium, Mumbai",Mumbai,29,0,R Shepherd,234,5,205,8,complete,Prakash Bhatt,HDPK Dharmasena,UV Gandhe,KN Ananthapadmanabhan,VM Dhokre,20,"Akash Madhwal, RG Sharma, Ishan Kishan, SA Yadav, HH Pandya, Tilak Varma, TH David, R Shepherd, Mohammad Nabi, G Coetzee, PP Chawla, JJ Bumrah","KK Ahmed, PP Shaw, DA Warner, Abishek Porel, T Stubbs, RR Pant, AR Patel, Lalit Yadav, Kumar Kushagra, JA Richardson, A Nortje, I Sharma",2024
2024_21,2024.0,2024-04-08,Kolkata Knight Riders,Chennai Super Kings,Chennai Super Kings,Chennai Super Kings,field,"MA Chidambaram Stadium, Chepauk, Chennai",Chennai,0,7,RA Jadeja,137,9,141,3,complete,M Nayyar,AK Chaudhary,MV Saidharshan Kumar,BNJ Oxenford,M Krishnadas,20,"PD Salt, SP Narine, A Raghuvanshi, SS Iyer, VR Iyer, Ramandeep Singh, RK Singh, AD Russell, AS Roy, MA Starc, VG Arora, CV Varun","Mustafizur Rahman, R Ravindra, RD Gaikwad, DJ Mitchell, S Dube, MS Dhoni, AM Rahane, Sameer Rizvi, RA Jadeja, SN Thakur, TU Deshpande, M Theekshana",2024
2024_22,2024.0,2024-04-09,Sunrisers Hyderabad,Punjab Kings,Sunrisers Hyderabad,Punjab Kings,field,"Maharaja Yadavindra Singh International Cricket Stadium, Mullanpur",Mohali,2,0,Nithish Kumar Reddy,182,9,180,6,complete,V Narayan Kutty,Navdeep Singh,NA Patwardhan,AG Wharf,PM Joshi,20,"TM Head, Abhishek Sharma, AK Markram, Nithish Kumar Reddy, RA Tripathi, H Klaasen, Abdul Samad, Shahbaz Ahmed, PJ Cummins, B Kumar, JD Unadkat, T Natarajan","Arshdeep Singh, S Dhawan, JM Bairstow, P Simran Singh, SM Curran, Sikandar Raza, Shashank Singh, JM Sharma, Ashutosh Sharma, Harpreet Brar, HV Patel, K Rabada",2024
2024_23,2024.0,2024-04-10,Rajasthan Royals,Gujarat Titans,Gujarat Titans,Gujarat Titans,field,"Sawai Mansingh Stadium, Jaipur",Jaipur,0,3,Rashid Khan,196,3,199,7,complete,Prakash Bhatt,HDPK Dharmasena,Vinod Seshan,KN Ananthapadmanabhan,VM Dhokre,20,"KA Maharaj, YBK Jaiswal, JC Buttler, SV Samson, R Parag, SO Hetmyer, Dhruv Jurel, R Ashwin, TA Boult, Avesh Khan, KR Sen, YS Chahal","MM Sharma, B Sai Sudharsan, Shubman Gill, MS Wade, A Manohar, V Shankar, R Tewatia, M Shahrukh Khan, Rashid Khan, Noor Ahmad, UT Yadav, SH Johnson",2024
2024_24,2024.0,2024-04-11,Royal Challengers Bengaluru,Mumbai Indians,Mumbai Indians,Mumbai Indians,field,"Wankhede Stadium, Mumbai",Mumbai,0,7,JJ Bumrah,196,8,199,3,complete,J Srinath,Nitin Menon,VA Kulkarni,VK Sharma,M Kuppuraj,20,"V Kohli, F du Plessis, WG Jacks, RM Patidar, GJ Maxwell, KD Karthik, MK Lomror, Saurav Chauhan, Vijaykumar Vyshak, Akash Deep, RJW Topley, Mohammed Siraj","Akash Madhwal, Ishan Kishan, RG Sharma, SA Yadav, HH Pandya, Tilak Varma, TH David, Mohammad Nabi, R Shepherd, S Gopal, JJ Bumrah, G Coetzee",2024
2024_25,2024.0,2024-04-12,Lucknow Super Giants,Delhi Capitals,Delhi Capitals,Lucknow Super Giants,bat,"Bharat Ratna Shri Atal Bihari Vajpayee Ekana Cricket Stadium, Lucknow",Lucknow,0,6,Kuldeep Yadav,167,7,170,4,complete,M Nayyar,R Pandit,YC Barde,BNJ Oxenford,M Krishnadas,20,"Q de Kock, KL Rahul, D Padikkal, MP Stoinis, N Pooran, DJ Hooda, A Badoni, KH Pandya, Arshad Khan, Ravi Bishnoi, Naveen-ul-Haq, Yash Thakur","KK Ahmed, PP Shaw, DA Warner, J Fraser-McGurk, RR Pant, T Stubbs, SD Hope, AR Patel, Kuldeep Yadav, Mukesh Kumar, I Sharma, Abishek Porel",2024
2024_26,2024.0,2024-04-13,Punjab Kings,Rajasthan Royals,Rajasthan Royals,Rajasthan Royals,field,"Maharaja Yadavindra Singh International Cricket Stadium, Mullanpur",Mohali,0,3,SO Hetmyer,147,8,152,7,complete,V Narayan Kutty,AK Chaudhary,Tapan Sharma,J Madanagopal,PM Joshi,20,"Atharva Taide, JM Bairstow, P Simran Singh, SM Curran, JM Sharma, Shashank Singh, LS Livingstone, Ashutosh Sharma, Harpreet Brar, HV Patel, K Rabada, Arshdeep Singh","KR Sen, YBK Jaiswal, Tanush Kotian, SV Samson, R Parag, Dhruv Jurel, SO Hetmyer, R Powell, KA Maharaj, TA Boult, Avesh Khan, YS Chahal",2024
2024_27,2024.0,2024-04-14,Chennai Super Kings,Mumbai Indians,Chennai Super Kings,Mumbai Indians,field,"Wankhede Stadium, Mumbai",Mumbai,20,0,M Pathirana,206,4,186,6,complete,J Srinath,Nitin Menon,HAS Khalid,VK Sharma,M Kuppuraj,20,"AM Rahane, R Ravindra, RD Gaikwad, S Dube, DJ Mitchell, MS Dhoni, RA Jadeja, Sameer Rizvi, SN Thakur, TU Deshpande, Mustafizur Rahman, M Pathirana","Akash Madhwal, RG Sharma, Ishan Kishan, SA Yadav, Tilak Varma, HH Pandya, TH David, R Shepherd, Mohammad Nabi, S Gopal, JJ Bumrah, G Coetzee",2024
2024_28,2024.0,2024-04-14,Lucknow Super Giants,Kolkata Knight Riders,Kolkata Knight Riders,Kolkata Knight Riders,field,"Eden Gardens, Kolkata",Kolkata,0,8,PD Salt,161,7,162,2,complete,Amit Sharma,A Totre,Vinod Seshan,KN Ananthapadmanabhan,VM Dhokre,20,"Q de Kock, KL Rahul, DJ Hooda, A Badoni, MP Stoinis, N Pooran, KH Pandya, Arshad Khan (2), Mohsin Khan, Ravi Bishnoi, S Joseph, Yash Thakur","CV Varun, PD Salt, SP Narine, A Raghuvanshi, SS Iyer, VR Iyer, AD Russell, Ramandeep Singh, MA Starc, VG Arora, Harshit Rana, RK Singh",2024
2024_29,2024.0,2024-04-15,Sunrisers Hyderabad,Royal Challengers Bengaluru,Sunrisers Hyderabad,Royal Challengers Bengaluru,field,"M Chinnaswamy Stadium, Bengaluru",Bengaluru,25,0,TM Head,287,3,262,7,complete,M Nayyar,AK Chaudhary,R Pandit,BNJ Oxenford,M Krishnadas,20,"M Markande, Abhishek Sharma, TM Head, H Klaasen, AK Markram, Abdul Samad, Shahbaz Ahmed, PJ Cummins, B Kumar, JD Unadkat, T Natarajan, Nithish Kumar Reddy","Yash Dayal, V Kohli, F du Plessis, WG Jacks, RM Patidar, Saurav Chauhan, KD Karthik, MK Lomror, Anuj Rawat, Vijaykumar Vyshak, RJW Topley, LH Ferguson",2024
2024_3,2024.0,2024-03-24,Rajasthan Royals,Lucknow Super Giants,Rajasthan Royals,Rajasthan Royals,bat,"Sawai Mansingh Stadium, Jaipur",Jaipur,20,0,SV Samson,193,4,173,6,complete,Prakash Bhatt,A Totre,HDPK Dharmasena,KN Ananthapadmanabhan,VM Dhokre,20,"YBK Jaiswal, JC Buttler, SV Samson, R Parag, SO Hetmyer, Dhruv Jurel, R Ashwin, Sandeep Sharma, YS Chahal, Avesh Khan, TA Boult, N Burger","Q de Kock, KL Rahul, D Padikkal, A Badoni, DJ Hooda, N Pooran, MP Stoinis, KH Pandya, Ravi Bishnoi, Mohsin Khan, Naveen-ul-Haq, Yash Thakur",2024
2024_30,2024.0,2024-04-16,Kolkata Knight Riders,Rajasthan Royals,Rajasthan Royals,Rajasthan Royals,field,"Eden Gardens, Kolkata",Kolkata,0,2,JC Buttler,223,6,224,8,complete,Amit Sharma,MA Gough,UV Gandhe,KN Ananthapadmanabhan,VM Dhokre,20,"VG Arora, PD Salt, SP Narine, A Raghuvanshi, SS Iyer, AD Russell, RK Singh, VR Iyer, Ramandeep Singh, MA Starc, CV Varun, Harshit Rana","KR Sen, YBK Jaiswal, JC Buttler, SV Samson, R Parag, Dhruv Jurel, R Ashwin, SO Hetmyer, R Powell, TA Boult, Avesh Khan, YS Chahal",2024
2024_31,2024.0,2024-04-17,Gujarat Titans,Delhi Capitals,Delhi Capitals,Delhi Capitals,field,"Narendra Modi Stadium, Ahmedabad",Ahmedabad,0,6,RR Pant,89,10,92,4,complete,V Narayan Kutty,NA Patwardhan,VK Sharma,J Madanagopal,PM Joshi,20,"WP Saha, Shubman Gill, B Sai Sudharsan, DA Miller, A Manohar, R Tewatia, M Shahrukh Khan, Rashid Khan, MM Sharma, Noor Ahmad, SH Johnson, S Sandeep Warrier","KK Ahmed, PP Shaw, J Fraser-McGurk, Abishek Porel, SD Hope, RR Pant, Sumit Kumar, T Stubbs, AR Patel, Kuldeep Yadav, I Sharma, Mukesh Kumar",2024
2024_32,2024.0,2024-04-18,Mumbai Indians,Punjab Kings,Mumbai Indians,Punjab Kings,field,"Maharaja Yadavindra Singh International Cricket Stadium, Mullanpur",Mohali,9,0,JJ Bumrah,192,7,183,10,complete,Sanjay Verma,A Nand Kishore,VA Kulkarni,Nitin Menon,K Kelkar,20,"Akash Madhwal, Ishan Kishan, RG Sharma, SA Yadav, Tilak Varma, HH Pandya, TH David, R Shepherd, Mohammad Nabi, G Coetzee, S Gopal, JJ Bumrah","Arshdeep Singh, SM Curran, P Simran Singh, RR Rossouw, LS Livingstone, Harpreet Singh, Shashank Singh, JM Sharma, Ashutosh Sharma, Harpreet Brar, HV Patel, K Rabada",2024
2024_33,2024.0,2024-04-19,Chennai Super Kings,Lucknow Super Giants,Lucknow Super Giants,Lucknow Super Giants,field,"Bharat Ratna Shri Atal Bihari Vajpayee Ekana Cricket Stadium, Lucknow",Lucknow,0,8,KL Rahul,176,6,180,2,complete,M Nayyar,AK Chaudhary,R Pandit,BNJ Oxenford,R Rajesh Kannan,20,"AM Rahane, R Ravindra, RD Gaikwad, RA Jadeja, S Dube, Sameer Rizvi, MM Ali, MS Dhoni, DL Chahar, TU Deshpande, Mustafizur Rahman, M Pathirana","Q de Kock, KL Rahul, N Pooran, MP Stoinis, DJ Hooda, A Badoni, KH Pandya, MJ Henry, Ravi Bishnoi, Mohsin Khan, Yash Thakur",2024
2024_34,2024.0,2024-04-20,Sunrisers Hyderabad,Delhi Capitals,Sunrisers Hyderabad,Delhi Capitals,field,"Arun Jaitley Stadium, Delhi",Delhi,67,0,TM Head,266,7,199,10,complete,Sanjay Verma,J Madanagopal,Navdeep Singh,Tapan Sharma,K Swaroopanand,20,"TM Head, Abhishek Sharma, AK Markram, H Klaasen, Nithish Kumar Reddy, Shahbaz Ahmed, Abdul Samad, PJ Cummins, Washington Sundar, B Kumar, T Natarajan, M Markande","KK Ahmed, PP Shaw, DA Warner, J Fraser-McGurk, Abishek Porel, T Stubbs, RR Pant, Lalit Yadav, AR Patel, A Nortje, Kuldeep Yadav, Mukesh Kumar",2024
2024_35,2024.0,2024-04-21,Punjab Kings,Gujarat Titans,Gujarat Titans,Punjab Kings,bat,"Maharaja Yadavindra Singh International Cricket Stadium, Mullanpur",Mohali,0,3,R Sai Kishore,142,10,146,7,complete,J Srinath,A Nand Kishore,VA Kulkarni,HAS Khalid,K Kelkar,20,"SM Curran, P Simran Singh, RR Rossouw, JM Sharma, LS Livingstone, Shashank Singh, Ashutosh Sharma, Harpreet Singh, Harpreet Brar, HV Patel, K Rabada, Arshdeep Singh","S Sandeep Warrier, WP Saha, Shubman Gill, B Sai Sudharsan, DA Miller, Azmatullah Omarzai, R Tewatia, M Shahrukh Khan, Rashid Khan, R Sai Kishore, Noor Ahmad, MM Sharma",2024
2024_36,2024.0,2024-04-21,Kolkata Knight Riders,Royal Challengers Bengaluru,Kolkata Knight Riders,Royal Challengers Bengaluru,field,"Eden Gardens, Kolkata",Kolkata,1,0,AD Russell,222,6,221,10,complete,Amit Sharma,A Totre,Vinod Seshan,MA Gough,A Bengeri,20,"Suyash Sharma, PD Salt, SP Narine, A Raghuvanshi, VR Iyer, SS Iyer, RK Singh, AD Russell, Ramandeep Singh, MA Starc, CV Varun, Harshit Rana","Yash Dayal, V Kohli, F du Plessis, WG Jacks, RM Patidar, C Green, SS Prabhudessai, MK Lomror, KD Karthik, KV Sharma, Mohammed Siraj, LH Ferguson",2024
2024_37,2024.0,2024-04-22,Mumbai Indians,Rajasthan Royals,Rajasthan Royals,Mumbai Indians,bat,"Sawai Mansingh Stadium, Jaipur",Jaipur,0,9,Sandeep Sharma,179,9,183,1,complete,M Nayyar,AK Chaudhary,MV Saidharshan Kumar,BNJ Oxenford,R Rajesh Kannan,20,"N Thushara, RG Sharma, Ishan Kishan, SA Yadav, Tilak Varma, Mohammad Nabi, N Wadhera, HH Pandya, TH David, G Coetzee, PP Chawla, JJ Bumrah","YS Chahal, YBK Jaiswal, JC Buttler, SV Samson, R Powell, R Parag, SO Hetmyer, Dhruv Jurel, R Ashwin, TA Boult, Avesh Khan, Sandeep Sharma",2024
2024_38,2024.0,2024-04-23,Chennai Super Kings,Lucknow Super Giants,Lucknow Super Giants,Lucknow Super Giants,field,"MA Chidambaram Stadium, Chepauk, Chennai",Chennai,0,6,MP Stoinis,210,4,213,4,complete,Sanjay Verma,NA Patwardhan,Tapan Sharma,J Madanagopal,K Swaroopanand,20,"SN Thakur, AM Rahane, RD Gaikwad, DJ Mitchell, RA Jadeja, S Dube, MS Dhoni, MM Ali, DL Chahar, TU Deshpande, Mustafizur Rahman, M Pathirana","Yash Thakur, Q de Kock, KL Rahul, MP Stoinis, D Padikkal, N Pooran, DJ Hooda, A Badoni, KH Pandya, MJ Henry, Ravi Bishnoi, Mohsin Khan",2024
2024_39,2024.0,2024-04-24,Delhi Capitals,Gujarat Titans,Delhi Capitals,Gujarat Titans,field,"Arun Jaitley Stadium, Delhi",Delhi,4,0,RR Pant,224,4,220,8,complete,Amit Sharma,KN Ananthapadmanabhan,UV Gandhe,A Totre,A Bengeri,20,"Rasikh Salam, PP Shaw, J Fraser-McGurk, AR Patel, SD Hope, RR Pant, T Stubbs, Abishek Porel, Kuldeep Yadav, A Nortje, KK Ahmed, Mukesh Kumar","S Sandeep Warrier, WP Saha, Shubman Gill, B Sai Sudharsan, Azmatullah Omarzai, DA Miller, M Shahrukh Khan, R Tewatia, Rashid Khan, R Sai Kishore, MM Sharma, Noor Ahmad",2024
2024_4,2024.0,2024-03-24,Gujarat Titans,Mumbai Indians,Gujarat Titans,Mumbai Indians,field,"Narendra Modi Stadium, Ahmedabad",Ahmedabad,6,0,B Sai Sudharsan,168,6,162,9,complete,J Srinath,VA Kulkarni,VK Sharma,Nitin Menon,M Kuppuraj,20,"MM Sharma, WP Saha, Shubman Gill, B Sai Sudharsan, Azmatullah Omarzai, DA Miller, V Shankar, R Tewatia, Rashid Khan, UT Yadav, R Sai Kishore, SH Johnson","L Wood, Ishan Kishan, RG Sharma, Naman Dhir, D Brevis, Tilak Varma, TH David, HH Pandya, G Coetzee, SZ Mulani, PP Chawla, JJ Bumrah",2024
2024_40,2024.0,2024-04-25,Royal Challengers Bengaluru,Sunrisers Hyderabad,Royal Challengers Bengaluru,Royal Challengers Bengaluru,bat,"Rajiv Gandhi International Stadium, Uppal, Hyderabad",Hyderabad,35,0,RM Patidar,206,7,171,8,complete,J Srinath,Nitin Menon,HAS Khalid,VK Sharma,K Kelkar,20,"V Kohli, F du Plessis, WG Jacks, RM Patidar, C Green, MK Lomror, KD Karthik, Swapnil Singh, KV Sharma, LH Ferguson, Yash Dayal, Mohammed Siraj","T Natarajan, Abhishek Sharma, TM Head, AK Markram, Nithish Kumar Reddy, H Klaasen, Shahbaz Ahmed, Abdul Samad, PJ Cummins, B Kumar, JD Unadkat, M Markande",2024
2024_41,2024.0,2024-04-26,Kolkata Knight Riders,Punjab Kings,Punjab Kings,Punjab Kings,field,"Eden Gardens, Kolkata",Kolkata,0,8,JM Bairstow,261,6,262,2,complete,Sanjay Verma,AK Chaudhary,YC Barde,R Pandit,R Rajesh Kannan,20,"AS Roy, PD Salt, SP Narine, VR Iyer, AD Russell, SS Iyer, RK Singh, Ramandeep Singh, A Raghuvanshi, CV Varun, Harshit Rana, PVD Chameera","Arshdeep Singh, P Simran Singh, JM Bairstow, RR Rossouw, Shashank Singh, SM Curran, JM Sharma, Ashutosh Sharma, Harpreet Brar, HV Patel, K Rabada, RD Chahar",2024
2024_42,2024.0,2024-04-27,Lucknow Super Giants,Rajasthan Royals,Rajasthan Royals,Rajasthan Royals,field,"Bharat Ratna Shri Atal Bihari Vajpayee Ekana Cricket Stadium, Lucknow",Lucknow,0,7,SV Samson,196,5,199,3,complete,Amit Sharma,KN Ananthapadmanabhan,MA Gough,Vinod Seshan,A Bengeri,20,"A Mishra, Q de Kock, KL Rahul, MP Stoinis, DJ Hooda, N Pooran, A Badoni, KH Pandya, MJ Henry, Ravi Bishnoi, Mohsin Khan, Yash Thakur","YS Chahal, YBK Jaiswal, JC Buttler, SV Samson, R Parag, Dhruv Jurel, R Powell, SO Hetmyer, R Ashwin, TA Boult, Avesh Khan, Sandeep Sharma",2024
2024_43,2024.0,2024-04-27,Delhi Capitals,Mumbai Indians,Delhi Capitals,Mumbai Indians,field,"Arun Jaitley Stadium, Delhi",Delhi,10,0,J Fraser-McGurk,257,4,247,9,complete,V Narayan Kutty,Navdeep Singh,NA Patwardhan,J Madanagopal,K Swaroopanand,20,"Rasikh Salam, J Fraser-McGurk, Abishek Porel, SD Hope, RR Pant, T Stubbs, AR Patel, Kumar Kushagra, Kuldeep Yadav, LB Williams, KK Ahmed, Mukesh Kumar","N Thushara, Ishan Kishan, RG Sharma, SA Yadav, Tilak Varma, HH Pandya, N Wadhera, TH David, Mohammad Nabi, PP Chawla, L Wood, JJ Bumrah",2024
2024_44,2024.0,2024-04-28,Gujarat Titans,Royal Challengers Bengaluru,Royal Challengers Bengaluru,Royal Challengers Bengaluru,field,"Narendra Modi Stadium, Ahmedabad",Ahmedabad,0,9,WG Jacks,200,3,206,1,complete,J Srinath,Nitin Menon,VK Sharma,VA Kulkarni,Bhavesh Patel,20,"S Sandeep Warrier, WP Saha, Shubman Gill, B Sai Sudharsan, M Shahrukh Khan, DA Miller, Azmatullah Omarzai, R Tewatia, Rashid Khan, R Sai Kishore, MM Sharma, Noor Ahmad","V Kohli, F du Plessis, WG Jacks, RM Patidar, GJ Maxwell, C Green, KD Karthik, KV Sharma, Mohammed Siraj, Yash Dayal, Swapnil Singh",2024
2024_45,2024.0,2024-04-28,Chennai Super Kings,Sunrisers Hyderabad,Chennai Super Kings,Sunrisers Hyderabad,field,"MA Chidambaram Stadium, Chepauk, Chennai",Chennai,78,0,RD Gaikwad,212,3,134,10,complete,Sanjay Verma,R Pandit,MV Saidharshan Kumar,AK Chaudhary,K Kelkar,20,"SN Thakur, AM Rahane, RD Gaikwad, DJ Mitchell, S Dube, MS Dhoni, MM Ali, RA Jadeja, DL Chahar, TU Deshpande, Mustafizur Rahman, M Pathirana","T Natarajan, TM Head, Abhishek Sharma, Anmolpreet Singh, AK Markram, Nithish Kumar Reddy, H Klaasen, Abdul Samad, Shahbaz Ahmed, PJ Cummins, B Kumar, JD Unadkat",2024
2024_46,2024.0,2024-04-29,Delhi Capitals,Kolkata Knight Riders,Kolkata Knight Riders,Delhi Capitals,bat,"Eden Gardens, Kolkata",Kolkata,0,7,CV Varun,153,9,157,3,complete,V Narayan Kutty,Navdeep Singh,Tapan Sharma,NA Patwardhan,K Swaroopanand,20,"PP Shaw, J Fraser-McGurk, Abishek Porel, SD Hope, RR Pant, AR Patel, T Stubbs, Kumar Kushagra, Kuldeep Yadav, Rasikh Salam, LB Williams, KK Ahmed","CV Varun, PD Salt, SP Narine, RK Singh, SS Iyer, VR Iyer, AD Russell, Ramandeep Singh, MA Starc, VG Arora, Harshit Rana, A Raghuvanshi",2024
2024_47,2024.0,2024-04-30,Mumbai Indians,Lucknow Super Giants,Lucknow Super Giants,Lucknow Super Giants,field,"Bharat Ratna Shri Atal Bihari Vajpayee Ekana Cricket Stadium, Lucknow",Lucknow,0,4,MP Stoinis,144,7,145,6,complete,DS Manohar,MA Gough,UV Gandhe,KN Ananthapadmanabhan,A Bengeri,20,"N Thushara, Ishan Kishan, RG Sharma, SA Yadav, Tilak Varma, HH Pandya, N Wadhera, TH David, Mohammad Nabi, G Coetzee, PP Chawla, JJ Bumrah","MP Yadav, KL Rahul, AA Kulkarni, MP Stoinis, DJ Hooda, N Pooran, AJ Turner, A Badoni, KH Pandya, Ravi Bishnoi, Naveen-ul-Haq, Mohsin Khan",2024
2024_48,2024.0,2024-05-01,Chennai Super Kings,Punjab Kings,Punjab Kings,Punjab Kings,field,"MA Chidambaram Stadium, Chepauk, Chennai",Chennai,0,7,Harpreet Brar,162,7,163,3,complete,R Seth,HAS Khalid,VK Sharma,A Nand Kishore,Bhavesh Patel,20,"AM Rahane, RD Gaikwad, S Dube, RA Jadeja, Sameer Rizvi, MM Ali, MS Dhoni, DJ Mitchell, DL Chahar, SN Thakur, RJ Gleeson, Mustafizur Rahman","Arshdeep Singh, P Simran Singh, JM Bairstow, RR Rossouw, Shashank Singh, SM Curran, JM Sharma, Ashutosh Sharma, Harpreet Brar, RD Chahar, HV Patel, K Rabada",2024
2024_49,2024.0,2024-05-02,Sunrisers Hyderabad,Rajasthan Royals,Sunrisers Hyderabad,Sunrisers Hyderabad,bat,"Rajiv Gandhi International Stadium, Uppal, Hyderabad",Hyderabad,1,0,B Kumar,201,3,200,7,complete,Shakti Singh,AK Chaudhary,YC Barde,R Pandit,K Kelkar,20,"JD Unadkat, TM Head, Abhishek Sharma, Anmolpreet Singh, Nithish Kumar Reddy, H Klaasen, Abdul Samad, Shahbaz Ahmed, M Jansen, PJ Cummins, B Kumar, T Natarajan","YS Chahal, YBK Jaiswal, JC Buttler, SV Samson, R Parag, SO Hetmyer, R Powell, Dhruv Jurel, R Ashwin, TA Boult, Avesh Khan, Sandeep Sharma",2024
2024_5,2024.0,2024-03-25,Punjab Kings,Royal Challengers Bengaluru,Royal Challengers Bengaluru,Royal Challengers Bengaluru,field,"M Chinnaswamy Stadium, Bengaluru",Bengaluru,0,4,V Kohli,176,6,178,6,complete,M Nayyar,AK Chaudhary,MV Saidharshan Kumar,BNJ Oxenford,M Krishnadas,20,"Arshdeep Singh, S Dhawan, JM Bairstow, P Simran Singh, LS Livingstone, SM Curran, JM Sharma, Shashank Singh, Harpreet Brar, HV Patel, K Rabada, RD Chahar","Yash Dayal, V Kohli, F du Plessis, C Green, RM Patidar, GJ Maxwell, Anuj Rawat, KD Karthik, MK Lomror, AS Joseph, Mayank Dagar, Mohammed Siraj",2024
2024_50,2024.0,2024-05-03,Kolkata Knight Riders,Mumbai Indians,Kolkata Knight Riders,Mumbai Indians,field,"Wankhede Stadium, Mumbai",Mumbai,24,0,VR Iyer,169,10,145,10,complete,P Dharmani,J Madanagopal,Tapan Sharma,MA Gough,K Swaroopanand,20,"PD Salt, SP Narine, A Raghuvanshi, SS Iyer, VR Iyer, RK Singh, MK Pandey, AD Russell, Ramandeep Singh, MA Starc, VG Arora, CV Varun","N Thushara, Ishan Kishan, RG Sharma, Naman Dhir, SA Yadav, Tilak Varma, N Wadhera, HH Pandya, TH David, G Coetzee, PP Chawla, JJ Bumrah",2024
2024_51,2024.0,2024-05-04,Gujarat Titans,Royal Challengers Bengaluru,Royal Challengers Bengaluru,Royal Challengers Bengaluru,field,"M Chinnaswamy Stadium, Bengaluru",Bengaluru,0,4,Mohammed Siraj,147,10,152,6,complete,DS Manohar,A Totre,Vinod Seshan,KN Ananthapadmanabhan,K Kelkar,20,"WP Saha, Shubman Gill, B Sai Sudharsan, M Shahrukh Khan, DA Miller, R Tewatia, Rashid Khan, V Shankar, MJ Suthar, MM Sharma, Noor Ahmad, J Little","Yash Dayal, V Kohli, F du Plessis, WG Jacks, RM Patidar, GJ Maxwell, C Green, KD Karthik, Swapnil Singh, KV Sharma, Mohammed Siraj, Vijaykumar Vyshak",2024
2024_52,2024.0,2024-05-05,Chennai Super Kings,Punjab Kings,Chennai Super Kings,Punjab Kings,field,"Himachal Pradesh Cricket Association Stadium, Dharamsala",Dharamsala,28,0,RA Jadeja,167,9,139,9,complete,R Seth,A Nand Kishore,VA Kulkarni,Nitin Menon,Bhavesh Patel,20,"Simarjeet Singh, AM Rahane, RD Gaikwad, DJ Mitchell, S Dube, MM Ali, RA Jadeja, MJ Santner, SN Thakur, MS Dhoni, TU Deshpande, RJ Gleeson","Arshdeep Singh, P Simran Singh, JM Bairstow, RR Rossouw, Shashank Singh, SM Curran, JM Sharma, Ashutosh Sharma, Harpreet Brar, HV Patel, RD Chahar, K Rabada",2024
2024_53,2024.0,2024-05-05,Kolkata Knight Riders,Lucknow Super Giants,Kolkata Knight Riders,Lucknow Super Giants,field,"Bharat Ratna Shri Atal Bihari Vajpayee Ekana Cricket Stadium, Lucknow",Lucknow,98,0,SP Narine,235,6,137,10,complete,Shakti Singh,MV Saidharshan Kumar,YC Barde,AK Chaudhary,R Rajesh Kannan,20,"VG Arora, PD Salt, SP Narine, A Raghuvanshi, AD Russell, RK Singh, SS Iyer, Ramandeep Singh, VR Iyer, MA Starc, Harshit Rana, CV Varun","Yash Thakur, Mohsin Khan, KL Rahul, AA Kulkarni, MP Stoinis, DJ Hooda, N Pooran, A Badoni, AJ Turner, KH Pandya, Yudhvir Singh, Ravi Bishnoi, Naveen-ul-Haq",2024
2024_54,2024.0,2024-05-06,Sunrisers Hyderabad,Mumbai Indians,Mumbai Indians,Mumbai Indians,field,"Wankhede Stadium, Mumbai",Mumbai,0,7,SA Yadav,173,8,174,3,complete,P Dharmani,Navdeep Singh,Tapan Sharma,J Madanagopal,K Kelkar,20,"TM Head, Abhishek Sharma, MA Agarwal, Nithish Kumar Reddy, H Klaasen, M Jansen, Shahbaz Ahmed, Abdul Samad, PJ Cummins, Sanvir Singh, B Kumar, T Natarajan","Ishan Kishan, RG Sharma, Naman Dhir, SA Yadav, Tilak Varma, HH Pandya, TH David, A Kamboj, PP Chawla, JJ Bumrah, N Thushara",2024
2024_55,2024.0,2024-05-07,Delhi Capitals,Rajasthan Royals,Delhi Capitals,Rajasthan Royals,field,"Arun Jaitley Stadium, Delhi",Delhi,20,0,Kuldeep Yadav,221,8,201,8,complete,DS Manohar,KN Ananthapadmanabhan,UV Gandhe,MA Gough,A Bengeri,20,"J Fraser-McGurk, Abishek Porel, SD Hope, AR Patel, RR Pant, T Stubbs, Gulbadin Naib, Rasikh Salam, Kuldeep Yadav, Mukesh Kumar, I Sharma, KK Ahmed","YS Chahal, YBK Jaiswal, JC Buttler, SV Samson, R Parag, SB Dubey, R Powell, D Ferreira, R Ashwin, TA Boult, Avesh Khan, Sandeep Sharma",2024
2024_56,2024.0,2024-05-08,Lucknow Super Giants,Sunrisers Hyderabad,Sunrisers Hyderabad,Lucknow Super Giants,bat,"Rajiv Gandhi International Stadium, Uppal, Hyderabad",Hyderabad,0,10,TM Head,165,4,167,0,complete,Shakti Singh,MV Saidharshan Kumar,YC Barde,AK Chaudhary,R Pandit,20,"KL Rahul, Q de Kock, MP Stoinis, KH Pandya, N Pooran, A Badoni, DJ Hooda, K Gowtham, Yash Thakur, Ravi Bishnoi, Naveen-ul-Haq","T Natarajan, Abhishek Sharma, TM Head, Nithish Kumar Reddy, H Klaasen, Abdul Samad, Shahbaz Ahmed, Sanvir Singh, PJ Cummins, B Kumar, JD Unadkat, V Viyaskanth",2024
2024_57,2024.0,2024-05-09,Royal Challengers Bengaluru,Punjab Kings,Royal Challengers Bengaluru,Punjab Kings,field,"Himachal Pradesh Cricket Association Stadium, Dharamsala",Dharamsala,60,0,V Kohli,241,7,181,10,complete,R Seth,Nitin Menon,HAS Khalid,VK Sharma,Bhavesh Patel,20,"Yash Dayal, V Kohli, F du Plessis, WG Jacks, RM Patidar, C Green, KD Karthik, MK Lomror, Swapnil Singh, KV Sharma, Mohammed Siraj, LH Ferguson","V Kaverappa, P Simran Singh, JM Bairstow, RR Rossouw, Shashank Singh, JM Sharma, LS Livingstone, SM Curran, Ashutosh Sharma, HV Patel, RD Chahar, Arshdeep Singh",2024
2024_58,2024.0,2024-05-10,Gujarat Titans,Chennai Super Kings,Gujarat Titans,Chennai Super Kings,field,"Narendra Modi Stadium, Ahmedabad",Ahmedabad,35,0,Shubman Gill,231,3,196,8,complete,P Dharmani,KN Ananthapadmanabhan,NA Patwardhan,J Madanagopal,K Swaroopanand,20,"S Sandeep Warrier, B Sai Sudharsan, Shubman Gill, DA Miller, M Shahrukh Khan, MS Wade, R Tewatia, Rashid Khan, Noor Ahmad, UT Yadav, MM Sharma, Kartik Tyagi","TU Deshpande, AM Rahane, R Ravindra, RD Gaikwad, DJ Mitchell, MM Ali, S Dube, RA Jadeja, MS Dhoni, MJ Santner, SN Thakur, Simarjeet Singh",2024
2024_59,2024.0,2024-05-11,Kolkata Knight Riders,Mumbai Indians,Kolkata Knight Riders,Mumbai Indians,field,"Eden Gardens, Kolkata",Kolkata,18,0,CV Varun,157,7,139,8,complete,DS Manohar,UV Gandhe,Vinod Seshan,MA Gough,A Bengeri,20,"VG Arora, PD Salt, SP Narine, VR Iyer, SS Iyer, N Rana, AD Russell, RK Singh, Ramandeep Singh, MA Starc, Harshit Rana, CV Varun","N Thushara, Ishan Kishan, RG Sharma, SA Yadav, Tilak Varma, HH Pandya, TH David, N Wadhera, Naman Dhir, A Kamboj, PP Chawla, JJ Bumrah",2024
2024_6,2024.0,2024-03-26,Chennai Super Kings,Gujarat Titans,Chennai Super Kings,Gujarat Titans,field,"MA Chidambaram Stadium, Chepauk, Chennai",Chennai,63,0,S Dube,206,6,143,8,complete,V Narayan Kutty,AG Wharf,Tapan Sharma,J Madanagopal,PM Joshi,20,"M Pathirana, RD Gaikwad, R Ravindra, AM Rahane, S Dube, DJ Mitchell, Sameer Rizvi, RA Jadeja, MS Dhoni, DL Chahar, TU Deshpande, Mustafizur Rahman","MM Sharma, WP Saha, Shubman Gill, B Sai Sudharsan, V Shankar, DA Miller, Azmatullah Omarzai, R Tewatia, Rashid Khan, UT Yadav, SH Johnson, R Sai Kishore",2024
2024_60,2024.0,2024-05-12,Royal Challengers Bengaluru,Delhi Capitals,Royal Challengers Bengaluru,Delhi Capitals,field,"M Chinnaswamy Stadium, Bengaluru",Bengaluru,47,0,C Green,187,9,140,10,complete,R Seth,A Nand Kishore,VA Kulkarni,Nitin Menon,Bhavesh Patel,20,"V Kohli, F du Plessis, WG Jacks, RM Patidar, C Green, MK Lomror, KD Karthik, Swapnil Singh, KV Sharma, Mohammed Siraj, Yash Dayal, LH Ferguson","KK Ahmed, DA Warner, J Fraser-McGurk, Abishek Porel, SD Hope, Kumar Kushagra, AR Patel, T Stubbs, Rasikh Salam, Kuldeep Yadav, Mukesh Kumar, I Sharma",2024
2024_61,2024.0,2024-05-12,Rajasthan Royals,Chennai Super Kings,Chennai Super Kings,Rajasthan Royals,bat,"MA Chidambaram Stadium, Chepauk, Chennai",Chennai,0,5,Simarjeet Singh,141,5,145,5,complete,Shakti Singh,R Pandit,YC Barde,AK Chaudhary,R Rajesh Kannan,20,"N Burger, YBK Jaiswal, JC Buttler, SV Samson, R Parag, Dhruv Jurel, SB Dubey, R Ashwin, TA Boult, Avesh Khan, Sandeep Sharma, YS Chahal","R Ravindra, RD Gaikwad, DJ Mitchell, MM Ali, S Dube, RA Jadeja, Sameer Rizvi, MS Dhoni, SN Thakur, TU Deshpande, Simarjeet Singh, M Theekshana",2024
2024_62,2024.0,2024-05-14,Delhi Capitals,Lucknow Super Giants,Delhi Capitals,Lucknow Super Giants,field,"Arun Jaitley Stadium, Delhi",Delhi,19,0,I Sharma,208,4,189,9,complete,DS Manohar,A Totre,Vinod Seshan,KN Ananthapadmanabhan,A Bengeri,20,"I Sharma, J Fraser-McGurk, Abishek Porel, SD Hope, RR Pant, T Stubbs, AR Patel, Gulbadin Naib, Rasikh Salam, Mukesh Kumar, Kuldeep Yadav, KK Ahmed","Mohsin Khan, Q de Kock, KL Rahul, MP Stoinis, DJ Hooda, N Pooran, A Badoni, KH Pandya, Arshad Khan, Yudhvir Singh, Ravi Bishnoi, Naveen-ul-Haq",2024
2024_63,2024.0,2024-05-15,Rajasthan Royals,Punjab Kings,Punjab Kings,Rajasthan Royals,bat,"Barsapara Cricket Stadium, Guwahati",Guwahati,0,5,SM Curran,144,9,145,5,complete,Shakti Singh,R Pandit,MV Saidharshan Kumar,AK Chaudhary,R Rajesh Kannan,20,"YBK Jaiswal, T Kohler-Cadmore, SV Samson, R Parag, R Ashwin, Dhruv Jurel, R Powell, D Ferreira, TA Boult, Avesh Khan, Sandeep Sharma, YS Chahal","Arshdeep Singh, P Simran Singh, JM Bairstow, RR Rossouw, Shashank Singh, SM Curran, JM Sharma, Ashutosh Sharma, Harpreet Brar, HV Patel, NT Ellis, RD Chahar",2024
2024_64,2024.0,2024-05-17,Lucknow Super Giants,Mumbai Indians,Lucknow Super Giants,Mumbai Indians,field,"Wankhede Stadium, Mumbai",Mumbai,18,0,N Pooran,214,6,196,6,complete,P Dharmani,Navdeep Singh,R Pandit,J Madanagopal,K Swaroopanand,20,"Naveen-ul-Haq, KL Rahul, D Padikkal, MP Stoinis, DJ Hooda, N Pooran, Arshad Khan, A Badoni, KH Pandya, MJ Henry, Ravi Bishnoi, Mohsin Khan","N Thushara, RG Sharma, D Brevis, SA Yadav, Ishan Kishan, HH Pandya, N Wadhera, Naman Dhir, R Shepherd, A Kamboj, PP Chawla, Arjun Tendulkar",2024
2024_65,2024.0,2024-05-18,Royal Challengers Bengaluru,Chennai Super Kings,Royal Challengers Bengaluru,Chennai Super Kings,field,"M Chinnaswamy Stadium, Bengaluru",Bengaluru,27,0,F du Plessis,218,5,191,7,complete,DS Manohar,A Totre,KN Ananthapadmanabhan,MA Gough,A Bengeri,20,"Swapnil Singh, V Kohli, F du Plessis, RM Patidar, C Green, KD Karthik, GJ Maxwell, MK Lomror, Yash Dayal, KV Sharma, Mohammed Siraj, LH Ferguson","M Theekshana, RD Gaikwad, R Ravindra, DJ Mitchell, AM Rahane, S Dube, RA Jadeja, MJ Santner, MS Dhoni, SN Thakur, TU Deshpande, Simarjeet Singh",2024
2024_66,2024.0,2024-05-19,Punjab Kings,Sunrisers Hyderabad,Sunrisers Hyderabad,Punjab Kings,bat,"Rajiv Gandhi International Stadium, Uppal, Hyderabad",Hyderabad,0,4,Abhishek Sharma,214,5,215,6,complete,Prakash Bhatt,Nitin Menon,VK Sharma,HAS Khalid,Bhavesh Patel,20,"Arshdeep Singh, Atharva Taide, P Simran Singh, RR Rossouw, Shashank Singh, JM Sharma, Ashutosh Sharma, Shivam Singh, R Dhawan, Harpreet Brar, HV Patel, RD Chahar","T Natarajan, TM Head, Abhishek Sharma, RA Tripathi, Nithish Kumar Reddy, H Klaasen, Shahbaz Ahmed, Abdul Samad, Sanvir Singh, PJ Cummins, B Kumar, V Viyaskanth",2024
2024_67,2024.0,2024-05-21,Sunrisers Hyderabad,Kolkata Knight Riders,Kolkata Knight Riders,Sunrisers Hyderabad,bat,"Narendra Modi Stadium, Ahmedabad",Ahmedabad,0,8,MA Starc,159,10,164,2,complete,J Srinath,AK Chaudhary,R Pandit,KN Ananthapadmanabhan,MV Saidharshan Kumar,20,"TM Head, Abhishek Sharma, RA Tripathi, Nithish Kumar Reddy, Shahbaz Ahmed, H Klaasen, Abdul Samad, Sanvir Singh, PJ Cummins, B Kumar, V Viyaskanth, T Natarajan","Rahmanullah Gurbaz, SP Narine, VR Iyer, SS Iyer, RK Singh, AD Russell, Ramandeep Singh, MA Starc, VG Arora, Harshit Rana, CV Varun",2024
2024_68,2024.0,2024-05-22,Royal Challengers Bengaluru,Rajasthan Royals,Rajasthan Royals,Rajasthan Royals,field,"Narendra Modi Stadium, Ahmedabad",Ahmedabad,0,4,R Ashwin,172,8,174,6,complete,V Narayan Kutty,KN Ananthapadmanabhan,MV Saidharshan Kumar,AK Chaudhary,R Pandit,20,"V Kohli, F du Plessis, C Green, RM Patidar, GJ Maxwell, MK Lomror, KD Karthik, Swapnil Singh, KV Sharma, Yash Dayal, Mohammed Siraj, LH Ferguson","YS Chahal, YBK Jaiswal, T Kohler-Cadmore, SV Samson, R Parag, Dhruv Jurel, SO Hetmyer, R Powell, R Ashwin, TA Boult, Avesh Khan, Sandeep Sharma",2024
2024_69,2024.0,2024-05-24,Sunrisers Hyderabad,Rajasthan Royals,Sunrisers Hyderabad,Rajasthan Royals,field,"MA Chidambaram Stadium, Chepauk, Chennai",Chennai,36,0,Shahbaz Ahmed,175,9,139,7,complete,J Srinath,Nitin Menon,VK Sharma,MA Gough,J Madanagopal,20,"TM Head, Abhishek Sharma, RA Tripathi, AK Markram, H Klaasen, Nithish Kumar Reddy, Abdul Samad, Shahbaz Ahmed, PJ Cummins, JD Unadkat, B Kumar, T Natarajan","YS Chahal, YBK Jaiswal, T Kohler-Cadmore, SV Samson, R Parag, Dhruv Jurel, R Ashwin, SO Hetmyer, R Powell, TA Boult, Sandeep Sharma, Avesh Khan",2024
2024_7,2024.0,2024-03-27,Sunrisers Hyderabad,Mumbai Indians,Sunrisers Hyderabad,Mumbai Indians,field,"Rajiv Gandhi International Stadium, Uppal, Hyderabad",Hyderabad,31,0,Abhishek Sharma,277,3,246,5,complete,Prakash Bhatt,KN Ananthapadmanabhan,UV Gandhe,HDPK Dharmasena,VM Dhokre,20,"Umran Malik, MA Agarwal, TM Head, Abhishek Sharma, AK Markram, H Klaasen, Abdul Samad, Shahbaz Ahmed, PJ Cummins, B Kumar, M Markande, JD Unadkat","KT Maphaka, RG Sharma, Ishan Kishan, Naman Dhir, Tilak Varma, HH Pandya, TH David, R Shepherd, G Coetzee, JJ Bumrah, PP Chawla, SZ Mulani",2024
2024_70,2024.0,2024-05-26,Sunrisers Hyderabad,Kolkata Knight Riders,Kolkata Knight Riders,Sunrisers Hyderabad,bat,"MA Chidambaram Stadium, Chepauk, Chennai",Chennai,0,8,MA Starc,113,10,114,2,complete,M Nayyar,J Madanagopal,Nitin Menon,MA Gough,VK Sharma,20,"Abhishek Sharma, TM Head, RA Tripathi, AK Markram, Nithish Kumar Reddy, H Klaasen, Shahbaz Ahmed, Abdul Samad, PJ Cummins, JD Unadkat, B Kumar, T Natarajan","Rahmanullah Gurbaz, SP Narine, VR Iyer, SS Iyer, RK Singh, AD Russell, Ramandeep Singh, MA Starc, VG Arora, Harshit Rana, CV Varun",2024
2024_8,2024.0,2024-03-28,Rajasthan Royals,Delhi Capitals,Rajasthan Royals,Delhi Capitals,field,"Sawai Mansingh Stadium, Jaipur",Jaipur,12,0,R Parag,185,5,173,5,complete,J Srinath,A Nand Kishore,Nitin Menon,VK Sharma,M Kuppuraj,20,"N Burger, YBK Jaiswal, JC Buttler, SV Samson, R Parag, R Ashwin, Dhruv Jurel, SO Hetmyer, TA Boult, Avesh Khan, Sandeep Sharma, YS Chahal","KK Ahmed, DA Warner, MR Marsh, RK Bhui, RR Pant, T Stubbs, Abishek Porel, AR Patel, Sumit Kumar, Kuldeep Yadav, A Nortje, Mukesh Kumar",2024
2024_9,2024.0,2024-03-29,Royal Challengers Bengaluru,Kolkata Knight Riders,Kolkata Knight Riders,Kolkata Knight Riders,field,"M Chinnaswamy Stadium, Bengaluru",Bengaluru,0,7,SP Narine,182,6,186,3,complete,M Nayyar,AK Chaudhary,R Pandit,BNJ Oxenford,M Krishnadas,20,"Vijaykumar Vyshak, V Kohli, F du Plessis, C Green, GJ Maxwell, RM Patidar, Anuj Rawat, KD Karthik, AS Joseph, Mayank Dagar, Mohammed Siraj, Yash Dayal","CV Varun, PD Salt, SP Narine, VR Iyer, SS Iyer, RK Singh, AD Russell, Ramandeep Singh, MA Starc, AS Roy, Harshit Rana, A Raghuvanshi",2024
2025_0,2025.0,2025-03-22,Kolkata Knight Riders,Royal Challengers Bengaluru,Royal Challengers Bengaluru,Royal Challengers Bengaluru,field,"Eden Gardens, Kolkata",Kolkata,0,7,KH Pandya,174,8,177,3,complete,Prakash Bhatt,A Bengeri,Vinod Seshan,J Madanagopal,TM Srivastava,20,"VG Arora, Q de Kock, SP Narine, AM Rahane, VR Iyer, A Raghuvanshi, RK Singh, AD Russell, Ramandeep Singh, Harshit Rana, SH Johnson, CV Varun","Suyash Sharma, PD Salt, V Kohli, D Padikkal, RM Patidar, LS Livingstone, JM Sharma, TH David, KH Pandya, Rasikh Salam, JR Hazlewood, Yash Dayal",2025
2025_1,2025.0,2025-03-23,Sunrisers Hyderabad,Rajasthan Royals,Sunrisers Hyderabad,Rajasthan Royals,field,"Rajiv Gandhi International Stadium, Uppal, Hyderabad",Hyderabad,44,0,Ishan Kishan,286,6,242,6,complete,Shakti Singh,AT Holdstock,A Totre,R Pandit,K Kelkar,20,"A Zampa, Abhishek Sharma, TM Head, Ishan Kishan, Nithish Kumar Reddy, H Klaasen, Aniket Verma, A Manohar, PJ Cummins, Simarjeet Singh, HV Patel, Mohammed Shami","Fazalhaq Farooqi, YBK Jaiswal, SV Samson, R Parag, N Rana, Dhruv Jurel, SO Hetmyer, SB Dubey, JC Archer, M Theekshana, TU Deshpande, Sandeep Sharma",2025
2025_10,2025.0,2025-03-30,Rajasthan Royals,Chennai Super Kings,Rajasthan Royals,Chennai Super Kings,field,"Barsapara Cricket Stadium, Guwahati",Guwahati,6,0,N Rana,182,9,176,6,complete,Shakti Singh,AT Holdstock,A Totre,R Pandit,K Kelkar,20,"YBK Jaiswal, SV Samson, N Rana, R Parag, Dhruv Jurel, PWH de Silva, SO Hetmyer, JC Archer, K Kartikeya, M Theekshana, TU Deshpande, Sandeep Sharma","M Pathirana, R Ravindra, RA Tripathi, RD Gaikwad, S Dube, V Shankar, RA Jadeja, MS Dhoni, J Overton, R Ashwin, Noor Ahmad, KK Ahmed",2025
2025_11,2025.0,2025-03-31,Kolkata Knight Riders,Mumbai Indians,Mumbai Indians,Mumbai Indians,field,"Wankhede Stadium, Mumbai",Mumbai,0,8,Ashwani Kumar,116,10,121,2,complete,J Srinath,MV Saidharshan Kumar,HAS Khalid,Nitin Menon,Bhavesh Patel,20,"Q de Kock, SP Narine, AM Rahane, A Raghuvanshi, VR Iyer, RK Singh, MK Pandey, AD Russell, Ramandeep Singh, Harshit Rana, SH Johnson, CV Varun","V Puthur, RG Sharma, RD Rickelton, WG Jacks, SA Yadav, Tilak Varma, HH Pandya, Naman Dhir, MJ Santner, DL Chahar, TA Boult, Ashwani Kumar",2025
2025_12,2025.0,2025-04-01,Lucknow Super Giants,Punjab Kings,Punjab Kings,Punjab Kings,field,"Bharat Ratna Shri Atal Bihari Vajpayee Ekana Cricket Stadium, Lucknow",Lucknow,0,8,P Simran Singh,171,7,177,2,complete,Prakash Bhatt,A Bengeri,Vinod Seshan,J Madanagopal,TM Srivastava,20,"M Siddharth, AK Markram, MR Marsh, N Pooran, RR Pant, A Badoni, DA Miller, Abdul Samad, SN Thakur, Avesh Khan, Ravi Bishnoi, DS Rathi","YS Chahal, Priyansh Arya, P Simran Singh, SS Iyer, N Wadhera, GJ Maxwell, MP Stoinis, Shashank Singh, Suryansh Shedge, M Jansen, LH Ferguson, Arshdeep Singh",2025
2025_13,2025.0,2025-04-02,Royal Challengers Bengaluru,Gujarat Titans,Gujarat Titans,Gujarat Titans,field,"M Chinnaswamy Stadium, Bengaluru",Bengaluru,0,8,Mohammed Siraj,169,8,170,2,complete,V Narayan Kutty,Abhijit Bhattacharya,UV Gandhe,VK Sharma,AK Argal,20,"Rasikh Salam, PD Salt, V Kohli, D Padikkal, RM Patidar, LS Livingstone, JM Sharma, KH Pandya, TH David, B Kumar, JR Hazlewood, Yash Dayal","I Sharma, B Sai Sudharsan, Shubman Gill, JC Buttler, SE Rutherford, M Shahrukh Khan, R Tewatia, Arshad Khan, Rashid Khan, R Sai Kishore, Mohammed Siraj, M Prasidh Krishna",2025
2025_14,2025.0,2025-04-03,Kolkata Knight Riders,Sunrisers Hyderabad,Kolkata Knight Riders,Sunrisers Hyderabad,field,"Eden Gardens, Kolkata",Kolkata,80,0,VG Arora,200,6,120,10,complete,Shakti Singh,AT Holdstock,A Totre,R Pandit,K Kelkar,20,"VG Arora, Q de Kock, SP Narine, AM Rahane, A Raghuvanshi, VR Iyer, RK Singh, AD Russell, MM Ali, Ramandeep Singh, Harshit Rana, CV Varun","Zeeshan Ansari, TM Head, Abhishek Sharma, Ishan Kishan, Nithish Kumar Reddy, PHKD Mendis, H Klaasen, Aniket Verma, PJ Cummins, HV Patel, Simarjeet Singh, Mohammed Shami",2025
2025_15,2025.0,2025-04-04,Lucknow Super Giants,Mumbai Indians,Lucknow Super Giants,Mumbai Indians,field,"Bharat Ratna Shri Atal Bihari Vajpayee Ekana Cricket Stadium, Lucknow",Lucknow,12,0,DS Rathi,203,8,191,5,complete,J Srinath,Nitin Menon,MV Saidharshan Kumar,KN Ananthapadmanabhan,HAS Khalid,20,"Ravi Bishnoi, MR Marsh, AK Markram, N Pooran, RR Pant, A Badoni, DA Miller, Abdul Samad, SN Thakur, Akash Deep, Avesh Khan, DS Rathi","V Puthur, WG Jacks, RD Rickelton, Naman Dhir, SA Yadav, Tilak Varma, HH Pandya, MJ Santner, RA Bawa, DL Chahar, TA Boult, Ashwani Kumar",2025
2025_16,2025.0,2025-04-05,Rajasthan Royals,Punjab Kings,Rajasthan Royals,Punjab Kings,field,"Maharaja Yadavindra Singh International Cricket Stadium, Mullanpur",Mohali,50,0,JC Archer,205,4,155,9,complete,V Narayan Kutty,K Swaroopanand,UV Gandhe,VK Sharma,AK Argal,20,"K Kartikeya, YBK Jaiswal, SV Samson, R Parag, N Rana, SO Hetmyer, Dhruv Jurel, PWH de Silva, JC Archer, M Theekshana, Yudhvir Singh, Sandeep Sharma","YS Chahal, Priyansh Arya, P Simran Singh, SS Iyer, MP Stoinis, N Wadhera, GJ Maxwell, Shashank Singh, Suryansh Shedge, M Jansen, Arshdeep Singh, LH Ferguson",2025
2025_17,2025.0,2025-04-05,Delhi Capitals,Chennai Super Kings,Delhi Capitals,Delhi Capitals,bat,"MA Chidambaram Stadium, Chepauk, Chennai",Chennai,25,0,KL Rahul,183,6,158,5,complete,Prakash Bhatt,A Bengeri,P Joshi,Vinod Seshan,TM Srivastava,20,"Mukesh Kumar, J Fraser-McGurk, KL Rahul, Abishek Porel, AR Patel, Sameer Rizvi, T Stubbs, Ashutosh Sharma, V Nigam, MA Starc, Kuldeep Yadav, MM Sharma","M Pathirana, R Ravindra, DP Conway, RD Gaikwad, V Shankar, S Dube, RA Jadeja, MS Dhoni, R Ashwin, Noor Ahmad, Mukesh Choudhary, KK Ahmed",2025
2025_18,2025.0,2025-04-06,Sunrisers Hyderabad,Gujarat Titans,Gujarat Titans,Gujarat Titans,field,"Rajiv Gandhi International Stadium, Uppal, Hyderabad",Hyderabad,0,7,Mohammed Siraj,152,8,153,3,complete,J Srinath,KN Ananthapadmanabhan,MV Saidharshan Kumar,Nitin Menon,HAS Khalid,20,"Abhishek Sharma, TM Head, Ishan Kishan, Nithish Kumar Reddy, H Klaasen, Aniket Verma, PHKD Mendis, PJ Cummins, Simarjeet Singh, Mohammed Shami, Zeeshan Ansari, JD Unadkat","I Sharma, B Sai Sudharsan, Shubman Gill, JC Buttler, Washington Sundar, SE Rutherford, R Tewatia, M Shahrukh Khan, Rashid Khan, R Sai Kishore, Mohammed Siraj, M Prasidh Krishna",2025
2025_19,2025.0,2025-04-07,Royal Challengers Bengaluru,Mumbai Indians,Royal Challengers Bengaluru,Mumbai Indians,field,"Wankhede Stadium, Mumbai",Mumbai,12,0,RM Patidar,221,5,209,9,complete,Prakash Bhatt,P Joshi,Vinod Seshan,J Madanagopal,TM Srivastava,20,"PD Salt, V Kohli, D Padikkal, RM Patidar, LS Livingstone, JM Sharma, TH David, KH Pandya, B Kumar, JR Hazlewood, Yash Dayal, Suyash Sharma","V Puthur, RG Sharma, RD Rickelton, WG Jacks, SA Yadav, Tilak Varma, HH Pandya, Naman Dhir, MJ Santner, DL Chahar, TA Boult, JJ Bumrah",2025
2025_2,2025.0,2025-03-23,Mumbai Indians,Chennai Super Kings,Chennai Super Kings,Chennai Super Kings,field,"MA Chidambaram Stadium, Chepauk, Chennai",Chennai,0,4,Noor Ahmad,155,9,158,6,complete,J Srinath,KN Ananthapadmanabhan,HAS Khalid,Nitin Menon,Bhavesh Patel,20,"V Puthur, RG Sharma, RD Rickelton, WG Jacks, SA Yadav, Tilak Varma, R Minz, Naman Dhir, MJ Santner, DL Chahar, TA Boult, PVSN Raju","KK Ahmed, R Ravindra, RA Tripathi, RD Gaikwad, S Dube, DJ Hooda, SM Curran, RA Jadeja, MS Dhoni, R Ashwin, Noor Ahmad, NT Ellis",2025
2025_20,2025.0,2025-04-08,Punjab Kings,Chennai Super Kings,Punjab Kings,Punjab Kings,bat,"Maharaja Yadavindra Singh International Cricket Stadium, Mullanpur",Mohali,18,0,Priyansh Arya,219,6,201,5,complete,V Narayan Kutty,Abhijit Bhattacharya,UV Gandhe,VK Sharma,AK Argal,20,"Priyansh Arya, P Simran Singh, SS Iyer, MP Stoinis, N Wadhera, GJ Maxwell, Shashank Singh, M Jansen, YS Chahal, Arshdeep Singh, LH Ferguson, Yash Thakur","M Pathirana, R Ravindra, DP Conway, RD Gaikwad, S Dube, MS Dhoni, RA Jadeja, V Shankar, R Ashwin, Noor Ahmad, Mukesh Choudhary, KK Ahmed",2025
2025_21,2025.0,2025-04-08,Lucknow Super Giants,Kolkata Knight Riders,Lucknow Super Giants,Kolkata Knight Riders,field,"Eden Gardens, Kolkata",Kolkata,4,0,N Pooran,238,3,234,7,complete,Shakti Singh,AT Holdstock,A Totre,R Pandit,Anish Sahasrabudhe,20,"AK Markram, MR Marsh, N Pooran, Abdul Samad, DA Miller, RR Pant, A Badoni, SN Thakur, Akash Deep, Avesh Khan, DS Rathi, Ravi Bishnoi","CV Varun, Q de Kock, SP Narine, AM Rahane, VR Iyer, Ramandeep Singh, A Raghuvanshi, AD Russell, RK Singh, Harshit Rana, VG Arora, SH Johnson",2025
2025_22,2025.0,2025-04-09,Gujarat Titans,Rajasthan Royals,Gujarat Titans,Rajasthan Royals,field,"Narendra Modi Stadium, Ahmedabad",Ahmedabad,58,0,B Sai Sudharsan,217,6,159,10,complete,Shakti Singh,A Totre,R Pandit,AT Holdstock,Anish Sahasrabudhe,20,"K Khejroliya, B Sai Sudharsan, Shubman Gill, JC Buttler, M Shahrukh Khan, SE Rutherford, R Tewatia, Rashid Khan, Arshad Khan, R Sai Kishore, Mohammed Siraj, M Prasidh Krishna","Fazalhaq Farooqi, YBK Jaiswal, SV Samson, N Rana, R Parag, Dhruv Jurel, SO Hetmyer, SB Dubey, JC Archer, M Theekshana, TU Deshpande, Sandeep Sharma",2025
2025_23,2025.0,2025-04-10,Royal Challengers Bengaluru,Delhi Capitals,Delhi Capitals,Delhi Capitals,field,"M Chinnaswamy Stadium, Bengaluru",Bengaluru,0,6,KL Rahul,163,7,169,4,complete,J Srinath,KN Ananthapadmanabhan,MV Saidharshan Kumar,Nitin Menon,HAS Khalid,20,"PD Salt, V Kohli, D Padikkal, RM Patidar, LS Livingstone, JM Sharma, KH Pandya, TH David, B Kumar, JR Hazlewood, Yash Dayal, Suyash Sharma","F du Plessis, J Fraser-McGurk, Abishek Porel, KL Rahul, AR Patel, T Stubbs, Ashutosh Sharma, V Nigam, MA Starc, Kuldeep Yadav, MM Sharma, Mukesh Kumar",2025
2025_24,2025.0,2025-04-11,Chennai Super Kings,Kolkata Knight Riders,Kolkata Knight Riders,Kolkata Knight Riders,field,"MA Chidambaram Stadium, Chepauk, Chennai",Chennai,0,8,SP Narine,103,9,107,2,complete,Prakash Bhatt,CB Gaffaney,P Joshi,Vinod Seshan,TM Srivastava,20,"R Ravindra, DP Conway, RA Tripathi, V Shankar, S Dube, R Ashwin, RA Jadeja, DJ Hooda, MS Dhoni, Noor Ahmad, A Kamboj, KK Ahmed","Q de Kock, SP Narine, AM Rahane, RK Singh, VR Iyer, AD Russell, Ramandeep Singh, VG Arora, MM Ali, Harshit Rana, CV Varun",2025
2025_25,2025.0,2025-04-12,Punjab Kings,Sunrisers Hyderabad,Sunrisers Hyderabad,Punjab Kings,bat,"Rajiv Gandhi International Stadium, Uppal, Hyderabad",Hyderabad,0,8,Abhishek Sharma,245,6,247,2,complete,Shakti Singh,A Totre,K Kelkar,AT Holdstock,Anish Sahasrabudhe,20,"Yash Thakur, Priyansh Arya, P Simran Singh, SS Iyer, N Wadhera, Shashank Singh, GJ Maxwell, MP Stoinis, M Jansen, YS Chahal, Arshdeep Singh, LH Ferguson","E Malinga, TM Head, Abhishek Sharma, H Klaasen, Ishan Kishan, Nithish Kumar Reddy, Aniket Verma, PJ Cummins, HV Patel, Mohammed Shami, Zeeshan Ansari, A Manohar",2025
2025_26,2025.0,2025-04-12,Gujarat Titans,Lucknow Super Giants,Lucknow Super Giants,Lucknow Super Giants,field,"Bharat Ratna Shri Atal Bihari Vajpayee Ekana Cricket Stadium, Lucknow",Lucknow,0,6,AK Markram,180,6,186,4,complete,V Narayan Kutty,K Swaroopanand,UV Gandhe,MA Gough,AK Argal,20,"M Prasidh Krishna, B Sai Sudharsan, Shubman Gill, JC Buttler, Washington Sundar, SE Rutherford, M Shahrukh Khan, R Tewatia, Rashid Khan, Arshad Khan, R Sai Kishore, Mohammed Siraj","DS Rathi, AK Markram, RR Pant, N Pooran, A Badoni, DA Miller, Abdul Samad, Himmat Singh, SN Thakur, Akash Deep, Avesh Khan, Ravi Bishnoi",2025
2025_27,2025.0,2025-04-13,Rajasthan Royals,Royal Challengers Bengaluru,Royal Challengers Bengaluru,Royal Challengers Bengaluru,field,"Sawai Mansingh Stadium, Jaipur",Jaipur,0,9,PD Salt,173,4,175,1,complete,J Srinath,Nitin Menon,MV Saidharshan Kumar,KN Ananthapadmanabhan,HAS Khalid,20,"K Kartikeya, YBK Jaiswal, SV Samson, R Parag, Dhruv Jurel, SO Hetmyer, N Rana, PWH de Silva, JC Archer, M Theekshana, Sandeep Sharma, TU Deshpande","Suyash Sharma, PD Salt, V Kohli, D Padikkal, RM Patidar, LS Livingstone, JM Sharma, TH David, KH Pandya, B Kumar, JR Hazlewood, Yash Dayal",2025
2025_28,2025.0,2025-04-13,Mumbai Indians,Delhi Capitals,Mumbai Indians,Delhi Capitals,field,"Arun Jaitley Stadium, Delhi",Delhi,12,0,KV Sharma,205,5,193,10,complete,Prakash Bhatt,CB Gaffaney,Vinod Seshan,J Madanagopal,TM Srivastava,20,"KV Sharma, RG Sharma, RD Rickelton, SA Yadav, Tilak Varma, HH Pandya, Naman Dhir, WG Jacks, MJ Santner, DL Chahar, TA Boult, JJ Bumrah","Mukesh Kumar, J Fraser-McGurk, Abishek Porel, KK Nair, KL Rahul, AR Patel, T Stubbs, Ashutosh Sharma, V Nigam, MA Starc, Kuldeep Yadav, MM Sharma",2025
2025_29,2025.0,2025-04-14,Lucknow Super Giants,Chennai Super Kings,Chennai Super Kings,Chennai Super Kings,field,"Bharat Ratna Shri Atal Bihari Vajpayee Ekana Cricket Stadium, Lucknow",Lucknow,0,5,MS Dhoni,166,7,168,5,complete,V Narayan Kutty,UV Gandhe,VK Sharma,MA Gough,AK Argal,20,"Ravi Bishnoi, AK Markram, MR Marsh, N Pooran, RR Pant, A Badoni, Abdul Samad, DA Miller, SN Thakur, DS Rathi, Akash Deep, Avesh Khan","M Pathirana, SK Rasheed, R Ravindra, RA Tripathi, RA Jadeja, S Dube, V Shankar, MS Dhoni, J Overton, A Kamboj, Noor Ahmad, KK Ahmed",2025
2025_3,2025.0,2025-03-24,Lucknow Super Giants,Delhi Capitals,Delhi Capitals,Delhi Capitals,field,"Dr. Y.S. Rajasekhara Reddy ACA-VDCA Cricket Stadium, Visakhapatnam",Visakhapatnam,0,1,Ashutosh Sharma,209,8,211,9,complete,V Narayan Kutty,Abhijit Bhattacharya,UV Gandhe,VK Sharma,AK Argal,20,"M Siddharth, AK Markram, MR Marsh, N Pooran, RR Pant, DA Miller, A Badoni, SN Thakur, Shahbaz Ahmed, Ravi Bishnoi, DS Rathi, Prince Yadav","Mukesh Kumar, J Fraser-McGurk, F du Plessis, Abishek Porel, Sameer Rizvi, AR Patel, T Stubbs, Ashutosh Sharma, V Nigam, MA Starc, Kuldeep Yadav, MM Sharma",2025
2025_30,2025.0,2025-04-15,Punjab Kings,Kolkata Knight Riders,Punjab Kings,Punjab Kings,bat,"Maharaja Yadavindra Singh International Cricket Stadium, Mullanpur",Mohali,16,0,YS Chahal,111,10,95,10,complete,J Srinath,M Krishnadas,MV Saidharshan Kumar,KN Ananthapadmanabhan,HAS Khalid,20,"Priyansh Arya, P Simran Singh, SS Iyer, JP Inglis, N Wadhera, GJ Maxwell, Suryansh Shedge, Shashank Singh, M Jansen, XC Bartlett, Arshdeep Singh, YS Chahal","CV Varun, Q de Kock, SP Narine, AM Rahane, A Raghuvanshi, VR Iyer, RK Singh, AD Russell, Ramandeep Singh, Harshit Rana, VG Arora, A Nortje",2025
2025_31,2025.0,2025-04-16,Delhi Capitals,Rajasthan Royals,,Rajasthan Royals,field,"Arun Jaitley Stadium, Delhi",Delhi,0,0,MA Starc,201,5,199,7,tie,Shakti Singh,A Totre,K Kelkar,R Pandit,Anish Sahasrabudhe,20,"Mukesh Kumar, J Fraser-McGurk, Abishek Porel, KK Nair, KL Rahul, T Stubbs, AR Patel, Ashutosh Sharma, V Nigam, MA Starc, Kuldeep Yadav, MM Sharma","YBK Jaiswal, SV Samson, R Parag, N Rana, Dhruv Jurel, SO Hetmyer, PWH de Silva, JC Archer, M Theekshana, Sandeep Sharma, TU Deshpande, SB Dubey",2025
2025_32,2025.0,2025-04-17,Sunrisers Hyderabad,Mumbai Indians,Mumbai Indians,Mumbai Indians,field,"Wankhede Stadium, Mumbai",Mumbai,0,4,WG Jacks,162,5,166,6,complete,Prakash Bhatt,J Madanagopal,Vinod Seshan,CB Gaffaney,P Joshi,20,"RD Chahar, Abhishek Sharma, TM Head, Ishan Kishan, Nithish Kumar Reddy, H Klaasen, Aniket Verma, PJ Cummins, HV Patel, Mohammed Shami, Zeeshan Ansari, E Malinga","KV Sharma, RD Rickelton, RG Sharma, WG Jacks, SA Yadav, Tilak Varma, HH Pandya, Naman Dhir, MJ Santner, DL Chahar, TA Boult, JJ Bumrah",2025
2025_33,2025.0,2025-04-18,Royal Challengers Bengaluru,Punjab Kings,Punjab Kings,Punjab Kings,field,"M Chinnaswamy Stadium, Bengaluru",Bengaluru,0,5,TH David,95,9,98,5,complete,V Narayan Kutty,UV Gandhe,VK Sharma,MA Gough,K Swaroopanand,20,"PD Salt, V Kohli, RM Patidar, LS Livingstone, JM Sharma, KH Pandya, TH David, MS Bhandage, B Kumar, Yash Dayal, JR Hazlewood, Suyash Sharma","YS Chahal, Priyansh Arya, P Simran Singh, SS Iyer, JP Inglis, N Wadhera, Shashank Singh, MP Stoinis, Harpreet Brar, M Jansen, XC Bartlett, Arshdeep Singh",2025
2025_34,2025.0,2025-04-19,Delhi Capitals,Gujarat Titans,Gujarat Titans,Gujarat Titans,field,"Narendra Modi Stadium, Ahmedabad",Ahmedabad,0,7,JC Buttler,203,8,204,3,complete,R Seth,A Totre,K Kelkar,AT Holdstock,Anish Sahasrabudhe,20,"Abishek Porel, KK Nair, KL Rahul, AR Patel, T Stubbs, Ashutosh Sharma, V Nigam, D Ferreira, MA Starc, Kuldeep Yadav, MM Sharma, Mukesh Kumar","I Sharma, B Sai Sudharsan, Shubman Gill, JC Buttler, SE Rutherford, R Tewatia, Rashid Khan, M Shahrukh Khan, Arshad Khan, R Sai Kishore, Mohammed Siraj, M Prasidh Krishna",2025
2025_35,2025.0,2025-04-19,Lucknow Super Giants,Rajasthan Royals,Lucknow Super Giants,Lucknow Super Giants,bat,"Sawai Mansingh Stadium, Jaipur",Jaipur,2,0,Avesh Khan,180,5,178,5,complete,Prakash Bhatt,J Madanagopal,Vinod Seshan,CB Gaffaney,P Joshi,20,"MR Marsh, AK Markram, N Pooran, RR Pant, A Badoni, DA Miller, Abdul Samad, DS Rathi, SN Thakur, Ravi Bishnoi, Prince Yadav, Avesh Khan","Sandeep Sharma, YBK Jaiswal, V Suryavanshi, N Rana, R Parag, Dhruv Jurel, SO Hetmyer, SB Dubey, PWH de Silva, JC Archer, M Theekshana, TU Deshpande",2025
2025_36,2025.0,2025-04-20,Chennai Super Kings,Mumbai Indians,Mumbai Indians,Mumbai Indians,field,"Wankhede Stadium, Mumbai",Mumbai,0,9,RG Sharma,176,5,177,1,complete,V Narayan Kutty,Abhijit Bhattacharya,VK Sharma,MA Gough,K Swaroopanand,20,"R Ashwin, SK Rasheed, R Ravindra, A Mhatre, RA Jadeja, S Dube, MS Dhoni, J Overton, V Shankar, Noor Ahmad, KK Ahmed, M Pathirana","Ashwani Kumar, RD Rickelton, RG Sharma, SA Yadav, WG Jacks, Tilak Varma, HH Pandya, Naman Dhir, MJ Santner, DL Chahar, TA Boult, JJ Bumrah",2025
2025_37,2025.0,2025-04-20,Punjab Kings,Royal Challengers Bengaluru,Royal Challengers Bengaluru,Royal Challengers Bengaluru,field,"Maharaja Yadavindra Singh International Cricket Stadium, Mullanpur",Mohali,0,7,V Kohli,157,6,159,3,complete,J Srinath,KM Gandhi,MV Saidharshan Kumar,Nitin Menon,M Krishnadas,20,"Harpreet Brar, Priyansh Arya, P Simran Singh, SS Iyer, JP Inglis, N Wadhera, Shashank Singh, MP Stoinis, M Jansen, XC Bartlett, Arshdeep Singh, YS Chahal","Suyash Sharma, PD Salt, V Kohli, D Padikkal, RM Patidar, JM Sharma, R Shepherd, TH David, KH Pandya, B Kumar, JR Hazlewood, Yash Dayal",2025
2025_38,2025.0,2025-04-21,Gujarat Titans,Kolkata Knight Riders,Gujarat Titans,Kolkata Knight Riders,field,"Eden Gardens, Kolkata",Kolkata,39,0,Shubman Gill,198,3,159,8,complete,R Seth,Anish Sahasrabudhe,R Pandit,A Totre,Amit Rana,20,"SE Rutherford, B Sai Sudharsan, Shubman Gill, JC Buttler, R Tewatia, M Shahrukh Khan, Rashid Khan, Washington Sundar, R Sai Kishore, Mohammed Siraj, M Prasidh Krishna, I Sharma","VG Arora, Rahmanullah Gurbaz, SP Narine, AM Rahane, VR Iyer, RK Singh, AD Russell, Ramandeep Singh, MM Ali, A Raghuvanshi, Harshit Rana, CV Varun",2025
2025_39,2025.0,2025-04-22,Lucknow Super Giants,Delhi Capitals,Delhi Capitals,Delhi Capitals,field,"Bharat Ratna Shri Atal Bihari Vajpayee Ekana Cricket Stadium, Lucknow",Lucknow,0,8,Mukesh Kumar,159,6,161,2,complete,J Srinath,KM Gandhi,MV Saidharshan Kumar,KN Ananthapadmanabhan,M Krishnadas,20,"AK Markram, MR Marsh, N Pooran, Abdul Samad, DA Miller, A Badoni, RR Pant, SN Thakur, Ravi Bishnoi, DS Rathi, Avesh Khan, Prince Yadav","Abishek Porel, KK Nair, KL Rahul, AR Patel, T Stubbs, Ashutosh Sharma, V Nigam, MA Starc, PVD Chameera, Kuldeep Yadav, Mukesh Kumar",2025
2025_4,2025.0,2025-03-25,Punjab Kings,Gujarat Titans,Punjab Kings,Gujarat Titans,field,"Narendra Modi Stadium, Ahmedabad",Ahmedabad,11,0,SS Iyer,243,5,232,5,complete,Prakash Bhatt,A Bengeri,Vinod Seshan,J Madanagopal,TM Srivastava,20,"Priyansh Arya, P Simran Singh, SS Iyer, Azmatullah Omarzai, GJ Maxwell, MP Stoinis, Shashank Singh, Suryansh Shedge, M Jansen, Arshdeep Singh, YS Chahal, Vijaykumar Vyshak","B Sai Sudharsan, Shubman Gill, JC Buttler, SE Rutherford, R Tewatia, M Shahrukh Khan, Arshad Khan, R Sai Kishore, Rashid Khan, K Rabada, Mohammed Siraj, M Prasidh Krishna",2025
2025_40,2025.0,2025-04-23,Sunrisers Hyderabad,Mumbai Indians,Mumbai Indians,Mumbai Indians,field,"Rajiv Gandhi International Stadium, Uppal, Hyderabad",Hyderabad,0,7,TA Boult,143,8,146,3,complete,IR Siddiqui,J Madanagopal,Vinod Seshan,CB Gaffaney,A Bengeri,20,"TM Head, Abhishek Sharma, Ishan Kishan, Nithish Kumar Reddy, H Klaasen, Aniket Verma, A Manohar, PJ Cummins, HV Patel, JD Unadkat, Zeeshan Ansari, E Malinga","V Puthur, RD Rickelton, RG Sharma, WG Jacks, SA Yadav, Tilak Varma, HH Pandya, Naman Dhir, MJ Santner, DL Chahar, TA Boult, JJ Bumrah",2025
2025_41,2025.0,2025-04-24,Royal Challengers Bengaluru,Rajasthan Royals,Royal Challengers Bengaluru,Rajasthan Royals,field,"M Chinnaswamy Stadium, Bengaluru",Bengaluru,11,0,JR Hazlewood,205,5,194,9,complete,R Seth,MA Gough,UV Gandhe,VK Sharma,K Swaroopanand,20,"Suyash Sharma, PD Salt, V Kohli, D Padikkal, TH David, RM Patidar, JM Sharma, R Shepherd, KH Pandya, B Kumar, JR Hazlewood, Yash Dayal","Sandeep Sharma, YBK Jaiswal, V Suryavanshi, N Rana, R Parag, Dhruv Jurel, SO Hetmyer, SB Dubey, JC Archer, PWH de Silva, TU Deshpande, Fazalhaq Farooqi",2025
2025_42,2025.0,2025-04-25,Chennai Super Kings,Sunrisers Hyderabad,Sunrisers Hyderabad,Sunrisers Hyderabad,field,"MA Chidambaram Stadium, Chepauk, Chennai",Chennai,0,5,HV Patel,154,10,155,5,complete,J Srinath,M Krishnadas,Nitin Menon,KN Ananthapadmanabhan,KM Gandhi,20,"SK Rasheed, A Mhatre, SM Curran, RA Jadeja, D Brevis, S Dube, DJ Hooda, MS Dhoni, A Kamboj, Noor Ahmad, KK Ahmed, M Pathirana","Zeeshan Ansari, Abhishek Sharma, TM Head, Ishan Kishan, H Klaasen, Aniket Verma, PHKD Mendis, Nithish Kumar Reddy, PJ Cummins, HV Patel, JD Unadkat, Mohammed Shami",2025
2025_43,2025.0,2025-04-26,Punjab Kings,Kolkata Knight Riders,,Punjab Kings,bat,"Eden Gardens, Kolkata",Kolkata,0,0,,201,4,7,0,no result,R Seth,AT Holdstock,Anish Sahasrabudhe,A Totre,Amit Rana,20,"Harpreet Brar, Priyansh Arya, P Simran Singh, SS Iyer, GJ Maxwell, M Jansen, JP Inglis, Shashank Singh, N Wadhera, Azmatullah Omarzai, YS Chahal, Arshdeep Singh","C Sakariya, Rahmanullah Gurbaz, SP Narine, VR Iyer, AM Rahane, RK Singh, AD Russell, R Powell, VG Arora, Harshit Rana, CV Varun, A Raghuvanshi",2025
2025_44,2025.0,2025-04-27,Mumbai Indians,Lucknow Super Giants,Mumbai Indians,Lucknow Super Giants,field,"Wankhede Stadium, Mumbai",Mumbai,54,0,WG Jacks,215,7,161,10,complete,DS Manohar,CB Gaffaney,J Madanagopal,Vinod Seshan,A Bengeri,20,"JJ Bumrah, RD Rickelton, RG Sharma, WG Jacks, SA Yadav, Tilak Varma, HH Pandya, Naman Dhir, C Bosch, DL Chahar, TA Boult, KV Sharma","MR Marsh, AK Markram, N Pooran, RR Pant, A Badoni, DA Miller, Abdul Samad, Ravi Bishnoi, Avesh Khan, Prince Yadav, DS Rathi, MP Yadav",2025
2025_45,2025.0,2025-04-27,Delhi Capitals,Royal Challengers Bengaluru,Royal Challengers Bengaluru,Royal Challengers Bengaluru,field,"Arun Jaitley Stadium, Delhi",Delhi,0,6,KH Pandya,162,8,165,4,complete,IR Siddiqui,M Krishnadas,Nitin Menon,MV Saidharshan Kumar,Bhavesh Patel,20,"Abishek Porel, F du Plessis, KK Nair, KL Rahul, AR Patel, T Stubbs, Ashutosh Sharma, V Nigam, MA Starc, PVD Chameera, Kuldeep Yadav, Mukesh Kumar","Suyash Sharma, JG Bethell, V Kohli, D Padikkal, RM Patidar, KH Pandya, TH David, R Shepherd, JM Sharma, B Kumar, JR Hazlewood, Yash Dayal",2025
2025_46,2025.0,2025-04-28,Gujarat Titans,Rajasthan Royals,Rajasthan Royals,Rajasthan Royals,field,"Sawai Mansingh Stadium, Jaipur",Jaipur,0,8,V Suryavanshi,209,4,212,2,complete,R Seth,MA Gough,VK Sharma,UV Gandhe,Abhijit Bhattacharya,20,"I Sharma, B Sai Sudharsan, Shubman Gill, JC Buttler, Washington Sundar, R Tewatia, M Shahrukh Khan, Karim Janat, Rashid Khan, R Sai Kishore, Mohammed Siraj, M Prasidh Krishna","YBK Jaiswal, V Suryavanshi, N Rana, R Parag, Dhruv Jurel, SO Hetmyer, PWH de Silva, JC Archer, M Theekshana, Sandeep Sharma, Yudhvir Singh",2025
2025_47,2025.0,2025-04-29,Kolkata Knight Riders,Delhi Capitals,Kolkata Knight Riders,Delhi Capitals,field,"Arun Jaitley Stadium, Delhi",Delhi,14,0,SP Narine,204,9,190,9,complete,IR Siddiqui,M Krishnadas,MV Saidharshan Kumar,Nitin Menon,Bhavesh Patel,20,"VG Arora, Rahmanullah Gurbaz, SP Narine, AM Rahane, A Raghuvanshi, VR Iyer, RK Singh, AD Russell, R Powell, AS Roy, Harshit Rana, CV Varun","Mukesh Kumar, Abishek Porel, F du Plessis, KK Nair, KL Rahul, AR Patel, T Stubbs, V Nigam, Ashutosh Sharma, MA Starc, PVD Chameera, Kuldeep Yadav",2025
2025_48,2025.0,2025-04-30,Chennai Super Kings,Punjab Kings,Punjab Kings,Punjab Kings,field,"MA Chidambaram Stadium, Chepauk, Chennai",Chennai,0,4,SS Iyer,190,10,194,6,complete,Amit Sharma,A Totre,Anish Sahasrabudhe,R Pandit,Amit Rana,20,"SK Rasheed, A Mhatre, SM Curran, RA Jadeja, D Brevis, S Dube, MS Dhoni, DJ Hooda, A Kamboj, Noor Ahmad, KK Ahmed, M Pathirana","YS Chahal, Priyansh Arya, P Simran Singh, SS Iyer, N Wadhera, Shashank Singh, JP Inglis, Suryansh Shedge, M Jansen, Azmatullah Omarzai, Harpreet Brar, Arshdeep Singh",2025
2025_49,2025.0,2025-05-01,Mumbai Indians,Rajasthan Royals,Mumbai Indians,Rajasthan Royals,field,"Sawai Mansingh Stadium, Jaipur",Jaipur,100,0,RD Rickelton,217,2,117,10,complete,DS Manohar,P Joshi,Vinod Seshan,CB Gaffaney,A Bengeri,20,"KV Sharma, RD Rickelton, RG Sharma, SA Yadav, HH Pandya, WG Jacks, Tilak Varma, Naman Dhir, C Bosch, DL Chahar, TA Boult, JJ Bumrah","Fazalhaq Farooqi, YBK Jaiswal, V Suryavanshi, N Rana, R Parag, Dhruv Jurel, SO Hetmyer, SB Dubey, JC Archer, M Theekshana, K Kartikeya, Akash Madhwal",2025
2025_5,2025.0,2025-03-26,Rajasthan Royals,Kolkata Knight Riders,Kolkata Knight Riders,Kolkata Knight Riders,field,"Barsapara Cricket Stadium, Guwahati",Guwahati,0,8,Q de Kock,151,9,153,2,complete,Shakti Singh,A Totre,R Pandit,AT Holdstock,K Kelkar,20,"YBK Jaiswal, SV Samson, R Parag, N Rana, PWH de Silva, Dhruv Jurel, SB Dubey, SO Hetmyer, JC Archer, M Theekshana, TU Deshpande, Sandeep Sharma","CV Varun, MM Ali, Q de Kock, AM Rahane, A Raghuvanshi, VR Iyer, RK Singh, AD Russell, Ramandeep Singh, SH Johnson, VG Arora, Harshit Rana",2025
2025_50,2025.0,2025-05-02,Gujarat Titans,Sunrisers Hyderabad,Gujarat Titans,Sunrisers Hyderabad,field,"Narendra Modi Stadium, Ahmedabad",Ahmedabad,38,0,M Prasidh Krishna,224,6,186,6,complete,P Dharmani,K Swaroopanand,VK Sharma,MA Gough,Abhijit Bhattacharya,20,"I Sharma, B Sai Sudharsan, Shubman Gill, JC Buttler, Washington Sundar, M Shahrukh Khan, R Tewatia, Rashid Khan, Mohammed Siraj, G Coetzee, R Sai Kishore, M Prasidh Krishna","Mohammed Shami, TM Head, Abhishek Sharma, Ishan Kishan, H Klaasen, Aniket Verma, Nithish Kumar Reddy, PHKD Mendis, PJ Cummins, HV Patel, JD Unadkat, Zeeshan Ansari",2025
2025_51,2025.0,2025-05-03,Royal Challengers Bengaluru,Chennai Super Kings,Royal Challengers Bengaluru,Chennai Super Kings,field,"M Chinnaswamy Stadium, Bengaluru",Bengaluru,2,0,R Shepherd,213,5,211,5,complete,IR Siddiqui,M Krishnadas,Nitin Menon,KN Ananthapadmanabhan,KM Gandhi,20,"Suyash Sharma, JG Bethell, V Kohli, D Padikkal, RM Patidar, JM Sharma, TH David, R Shepherd, KH Pandya, B Kumar, L Ngidi, Yash Dayal","M Pathirana, A Mhatre, SK Rasheed, SM Curran, RA Jadeja, D Brevis, MS Dhoni, S Dube, DJ Hooda, Noor Ahmad, KK Ahmed, A Kamboj",2025
2025_52,2025.0,2025-05-04,Punjab Kings,Lucknow Super Giants,Punjab Kings,Lucknow Super Giants,field,"Himachal Pradesh Cricket Association Stadium, Dharamsala",Dharamsala,37,0,P Simran Singh,236,5,199,7,complete,DS Manohar,J Madanagopal,P Joshi,CB Gaffaney,Bhavesh Patel,20,"Vijaykumar Vyshak, Priyansh Arya, P Simran Singh, JP Inglis, SS Iyer, N Wadhera, Shashank Singh, MP Stoinis, Azmatullah Omarzai, M Jansen, YS Chahal, Arshdeep Singh","Akash Singh, AK Markram, MR Marsh, N Pooran, RR Pant, A Badoni, DA Miller, Abdul Samad, Avesh Khan, Prince Yadav, MP Yadav, DS Rathi",2025
2025_53,2025.0,2025-05-04,Kolkata Knight Riders,Rajasthan Royals,Kolkata Knight Riders,Kolkata Knight Riders,bat,"Eden Gardens, Kolkata",Kolkata,1,0,AD Russell,206,4,205,8,complete,Amit Sharma,Anish Sahasrabudhe,R Pandit,AT Holdstock,Amit Rana,20,"Harshit Rana, Rahmanullah Gurbaz, SP Narine, AM Rahane, A Raghuvanshi, AD Russell, RK Singh, VR Iyer, Ramandeep Singh, MM Ali, VG Arora, CV Varun","Akash Madhwal, YBK Jaiswal, V Suryavanshi, KS Rathore, R Parag, Dhruv Jurel, PWH de Silva, SO Hetmyer, SB Dubey, JC Archer, M Theekshana, Yudhvir Singh",2025
2025_54,2025.0,2025-05-05,Delhi Capitals,Sunrisers Hyderabad,,Sunrisers Hyderabad,field,"Rajiv Gandhi International Stadium, Uppal, Hyderabad",Hyderabad,0,0,,133,7,0,0,no result,P Dharmani,K Swaroopanand,VK Sharma,MA Gough,Abhijit Bhattacharya,20,"KK Nair, F du Plessis, Abishek Porel, KL Rahul, AR Patel, T Stubbs, V Nigam, Ashutosh Sharma, MA Starc, PVD Chameera, Kuldeep Yadav, T Natarajan","JD Unadkat, Abhishek Sharma, Ishan Kishan, Sachin Baby, H Klaasen, Aniket Verma, A Manohar, PJ Cummins, HV Patel, Zeeshan Ansari, E Malinga, TM Head",2025
2025_55,2025.0,2025-05-06,Mumbai Indians,Gujarat Titans,Gujarat Titans,Gujarat Titans,field,"Wankhede Stadium, Mumbai",Mumbai,0,3,Shubman Gill,155,8,147,7,complete,A Kripal Singh,KM Gandhi,MV Saidharshan Kumar,KN Ananthapadmanabhan,M Krishnadas,20,"RD Rickelton, RG Sharma, WG Jacks, SA Yadav, Tilak Varma, HH Pandya, Naman Dhir, C Bosch, DL Chahar, KV Sharma, TA Boult, JJ Bumrah, Ashwani Kumar","B Sai Sudharsan, Shubman Gill, JC Buttler, SE Rutherford, M Shahrukh Khan, R Tewatia, Rashid Khan, G Coetzee, Arshad Khan, R Sai Kishore, Mohammed Siraj, M Prasidh Krishna",2025
2025_56,2025.0,2025-05-07,Kolkata Knight Riders,Chennai Super Kings,Chennai Super Kings,Kolkata Knight Riders,bat,"Eden Gardens, Kolkata",Kolkata,0,2,Noor Ahmad,179,6,183,8,complete,Amit Sharma,AT Holdstock,Anish Sahasrabudhe,R Pandit,Amit Rana,20,"Harshit Rana, Rahmanullah Gurbaz, SP Narine, AM Rahane, A Raghuvanshi, MK Pandey, AD Russell, RK Singh, Ramandeep Singh, MM Ali, VG Arora, CV Varun","M Pathirana, A Mhatre, DP Conway, Urvil Patel, R Ashwin, RA Jadeja, D Brevis, S Dube, MS Dhoni, Noor Ahmad, A Kamboj, KK Ahmed",2025
2025_57,2025.0,2025-05-08,Punjab Kings,Delhi Capitals,,Punjab Kings,bat,"Himachal Pradesh Cricket Association Stadium, Dharamsala",Dharamsala,0,0,,122,1,0,0,no result,DS Manohar,CB Gaffaney,P Joshi,J Madanagopal,Bhavesh Patel,20,"Priyansh Arya, P Simran Singh, JP Inglis, SS Iyer, N Wadhera, Shashank Singh, MP Stoinis, Azmatullah Omarzai, M Jansen, YS Chahal, Arshdeep Singh","F du Plessis, Sameer Rizvi, Abishek Porel, KL Rahul, AR Patel, T Stubbs, M Tiwari, MA Starc, PVD Chameera, Kuldeep Yadav, T Natarajan",2025
2025_58,2025.0,2025-05-18,Delhi Capitals,Gujarat Titans,Gujarat Titans,Gujarat Titans,field,"Arun Jaitley Stadium, Delhi",Delhi,0,10,B Sai Sudharsan,199,3,205,0,complete,A Kripal Singh,AT Holdstock,K Kelkar,R Pandit,Amit Rana,20,"PVD Chameera, KL Rahul, F du Plessis, Abishek Porel, AR Patel, T Stubbs, Sameer Rizvi, Ashutosh Sharma, V Nigam, T Natarajan, Kuldeep Yadav, Mustafizur Rahman","M Prasidh Krishna, B Sai Sudharsan, Shubman Gill, SE Rutherford, JC Buttler, M Shahrukh Khan, R Tewatia, Rashid Khan, K Rabada, Arshad Khan, R Sai Kishore, Mohammed Siraj",2025
2025_59,2025.0,2025-05-18,Punjab Kings,Rajasthan Royals,Punjab Kings,Punjab Kings,bat,"Sawai Mansingh Stadium, Jaipur",Jaipur,10,0,Harpreet Brar,219,5,209,7,complete,DS Manohar,A Bengeri,CB Gaffaney,J Madanagopal,P Joshi,20,"Harpreet Brar, Priyansh Arya, P Simran Singh, MJ Owen, N Wadhera, SS Iyer, Shashank Singh, Azmatullah Omarzai, M Jansen, XC Bartlett, Arshdeep Singh, YS Chahal","Fazalhaq Farooqi, YBK Jaiswal, V Suryavanshi, SV Samson, R Parag, Dhruv Jurel, SO Hetmyer, SB Dubey, PWH de Silva, KT Maphaka, TU Deshpande, Akash Madhwal",2025
2025_6,2025.0,2025-03-27,Sunrisers Hyderabad,Lucknow Super Giants,Lucknow Super Giants,Lucknow Super Giants,field,"Rajiv Gandhi International Stadium, Uppal, Hyderabad",Hyderabad,0,5,SN Thakur,190,9,193,5,complete,V Narayan Kutty,Abhijit Bhattacharya,UV Gandhe,VK Sharma,AK Argal,20,"TM Head, Abhishek Sharma, Ishan Kishan, Nithish Kumar Reddy, H Klaasen, Aniket Verma, A Manohar, PJ Cummins, HV Patel, Mohammed Shami, Simarjeet Singh, A Zampa","DS Rathi, MR Marsh, AK Markram, N Pooran, RR Pant, A Badoni, DA Miller, Abdul Samad, SN Thakur, Ravi Bishnoi, Prince Yadav, Avesh Khan",2025
2025_60,2025.0,2025-05-19,Lucknow Super Giants,Sunrisers Hyderabad,Sunrisers Hyderabad,Sunrisers Hyderabad,field,"Bharat Ratna Shri Atal Bihari Vajpayee Ekana Cricket Stadium, Lucknow",Lucknow,0,6,Abhishek Sharma,205,7,206,5,complete,P Dharmani,K Swaroopanand,MA Gough,VK Sharma,Abhijit Bhattacharya,20,"MR Marsh, AK Markram, RR Pant, N Pooran, A Badoni, Abdul Samad, SN Thakur, Ravi Bishnoi, Akash Deep, Avesh Khan, DS Rathi, W O'Rourke","Zeeshan Ansari, Atharva Taide, Abhishek Sharma, Ishan Kishan, H Klaasen, PHKD Mendis, Aniket Verma, Nithish Kumar Reddy, PJ Cummins, HV Patel, Harsh Dubey, E Malinga",2025
2025_61,2025.0,2025-05-20,Chennai Super Kings,Rajasthan Royals,Rajasthan Royals,Rajasthan Royals,field,"Arun Jaitley Stadium, Delhi",Delhi,0,6,Akash Madhwal,187,8,188,4,complete,A Kripal Singh,K Kelkar,R Pandit,AT Holdstock,Amit Rana,20,"M Pathirana, A Mhatre, DP Conway, Urvil Patel, R Ashwin, RA Jadeja, D Brevis, S Dube, MS Dhoni, A Kamboj, Noor Ahmad, KK Ahmed","YBK Jaiswal, V Suryavanshi, SV Samson, R Parag, Dhruv Jurel, SO Hetmyer, PWH de Silva, KT Maphaka, Yudhvir Singh, TU Deshpande, Akash Madhwal",2025
2025_62,2025.0,2025-05-21,Mumbai Indians,Delhi Capitals,Mumbai Indians,Delhi Capitals,field,"Wankhede Stadium, Mumbai",Mumbai,59,0,SA Yadav,180,5,121,10,complete,DS Manohar,A Bengeri,J Madanagopal,CB Gaffaney,P Joshi,20,"RD Rickelton, RG Sharma, WG Jacks, SA Yadav, Tilak Varma, HH Pandya, Naman Dhir, MJ Santner, DL Chahar, TA Boult, JJ Bumrah, KV Sharma","KL Rahul, F du Plessis, Abishek Porel, Sameer Rizvi, V Nigam, T Stubbs, Ashutosh Sharma, M Tiwari, PVD Chameera, Kuldeep Yadav, Mustafizur Rahman, Mukesh Kumar",2025
2025_63,2025.0,2025-05-22,Lucknow Super Giants,Gujarat Titans,Lucknow Super Giants,Gujarat Titans,field,"Narendra Modi Stadium, Ahmedabad",Ahmedabad,33,0,MR Marsh,235,2,202,9,complete,Amit Sharma,KN Ananthapadmanabhan,M Krishnadas,Nitin Menon,KM Gandhi,20,"AK Markram, MR Marsh, N Pooran, RR Pant, A Badoni, Abdul Samad, Himmat Singh, Shahbaz Ahmed, Avesh Khan, Akash Deep, W O'Rourke, Akash Singh","B Sai Sudharsan, Shubman Gill, JC Buttler, SE Rutherford, M Shahrukh Khan, R Tewatia, Arshad Khan, Rashid Khan, K Rabada, R Sai Kishore, Mohammed Siraj, M Prasidh Krishna",2025
2025_64,2025.0,2025-05-23,Sunrisers Hyderabad,Royal Challengers Bengaluru,Sunrisers Hyderabad,Royal Challengers Bengaluru,field,"Bharat Ratna Shri Atal Bihari Vajpayee Ekana Cricket Stadium, Lucknow",Lucknow,42,0,Ishan Kishan,231,6,189,10,complete,P Dharmani,K Swaroopanand,MA Gough,UV Gandhe,Abhijit Bhattacharya,20,"Abhishek Sharma, TM Head, Ishan Kishan, H Klaasen, Aniket Verma, Nithish Kumar Reddy, A Manohar, PJ Cummins, HV Patel, JD Unadkat, E Malinga, Harsh Dubey","PD Salt, V Kohli, MA Agarwal, RM Patidar, JM Sharma, R Shepherd, KH Pandya, TH David, B Kumar, Yash Dayal, L Ngidi, Suyash Sharma",2025
2025_65,2025.0,2025-05-24,Punjab Kings,Delhi Capitals,Delhi Capitals,Delhi Capitals,field,"Sawai Mansingh Stadium, Jaipur",Jaipur,0,6,Sameer Rizvi,206,8,208,4,complete,DS Manohar,J Madanagopal,P Joshi,CB Gaffaney,Bhavesh Patel,20,"P Dubey, Priyansh Arya, P Simran Singh, JP Inglis, SS Iyer, N Wadhera, Shashank Singh, MP Stoinis, Azmatullah Omarzai, M Jansen, Harpreet Brar, Arshdeep Singh","Mukesh Kumar, KL Rahul, F du Plessis, KK Nair, Sediqullah Atal, Sameer Rizvi, T Stubbs, Ashutosh Sharma, V Nigam, Kuldeep Yadav, MM Sharma, Mustafizur Rahman",2025
2025_66,2025.0,2025-05-25,Sunrisers Hyderabad,Kolkata Knight Riders,Sunrisers Hyderabad,Sunrisers Hyderabad,bat,"Arun Jaitley Stadium, Delhi",Delhi,110,0,H Klaasen,278,3,168,10,complete,A Kripal Singh,AT Holdstock,K Kelkar,R Pandit,Amit Rana,20,"Harsh Dubey, Abhishek Sharma, TM Head, H Klaasen, Ishan Kishan, Aniket Verma, Nithish Kumar Reddy, A Manohar, PJ Cummins, HV Patel, JD Unadkat, E Malinga","CV Varun, Q de Kock, SP Narine, AM Rahane, A Raghuvanshi, RK Singh, AD Russell, MK Pandey, Ramandeep Singh, Harshit Rana, VG Arora, A Nortje",2025
2025_67,2025.0,2025-05-25,Chennai Super Kings,Gujarat Titans,Chennai Super Kings,Chennai Super Kings,bat,"Narendra Modi Stadium, Ahmedabad",Ahmedabad,83,0,D Brevis,230,5,147,10,complete,Amit Sharma,KM Gandhi,KN Ananthapadmanabhan,Nitin Menon,M Krishnadas,20,"M Pathirana, A Mhatre, DP Conway, Urvil Patel, S Dube, D Brevis, RA Jadeja, MS Dhoni, DJ Hooda, Noor Ahmad, A Kamboj, KK Ahmed","M Prasidh Krishna, B Sai Sudharsan, Shubman Gill, JC Buttler, SE Rutherford, M Shahrukh Khan, R Tewatia, Rashid Khan, G Coetzee, Arshad Khan, R Sai Kishore, Mohammed Siraj",2025
2025_68,2025.0,2025-05-26,Mumbai Indians,Punjab Kings,Punjab Kings,Punjab Kings,field,"Sawai Mansingh Stadium, Jaipur",Jaipur,0,7,JP Inglis,184,7,187,3,complete,DS Manohar,CB Gaffaney,P Joshi,J Madanagopal,Bhavesh Patel,20,"Ashwani Kumar, RD Rickelton, RG Sharma, SA Yadav, Tilak Varma, WG Jacks, HH Pandya, Naman Dhir, MJ Santner, DL Chahar, TA Boult, JJ Bumrah","Vijaykumar Vyshak, Priyansh Arya, P Simran Singh, JP Inglis, SS Iyer, N Wadhera, Shashank Singh, MP Stoinis, M Jansen, Harpreet Brar, KA Jamieson, Arshdeep Singh",2025
2025_69,2025.0,2025-05-27,Lucknow Super Giants,Royal Challengers Bengaluru,Royal Challengers Bengaluru,Royal Challengers Bengaluru,field,"Bharat Ratna Shri Atal Bihari Vajpayee Ekana Cricket Stadium, Lucknow",Lucknow,0,6,JM Sharma,227,3,230,4,complete,P Dharmani,MA Gough,VK Sharma,UV Gandhe,K Swaroopanand,20,"Akash Singh, MR Marsh, MP Breetzke, RR Pant, N Pooran, Abdul Samad, A Badoni, Himmat Singh, Shahbaz Ahmed, DS Rathi, Avesh Khan, W O'Rourke","Suyash Sharma, PD Salt, V Kohli, RM Patidar, LS Livingstone, MA Agarwal, JM Sharma, R Shepherd, KH Pandya, B Kumar, Yash Dayal, N Thushara",2025
2025_7,2025.0,2025-03-28,Royal Challengers Bengaluru,Chennai Super Kings,Royal Challengers Bengaluru,Chennai Super Kings,field,"MA Chidambaram Stadium, Chepauk, Chennai",Chennai,50,0,RM Patidar,196,7,146,8,complete,J Srinath,Nitin Menon,HAS Khalid,KN Ananthapadmanabhan,Bhavesh Patel,20,"Suyash Sharma, PD Salt, V Kohli, D Padikkal, RM Patidar, LS Livingstone, JM Sharma, TH David, KH Pandya, B Kumar, JR Hazlewood, Yash Dayal","M Pathirana, R Ravindra, RA Tripathi, RD Gaikwad, DJ Hooda, SM Curran, S Dube, RA Jadeja, R Ashwin, MS Dhoni, Noor Ahmad, KK Ahmed",2025
2025_70,2025.0,2025-05-29,Punjab Kings,Royal Challengers Bengaluru,Royal Challengers Bengaluru,Royal Challengers Bengaluru,field,"Maharaja Yadavindra Singh International Cricket Stadium, Mullanpur",New Chandigarh,0,8,Suyash Sharma,101,10,106,2,complete,V Narayan Kutty,MA Gough,VK Sharma,R Pandit,UV Gandhe,20,"Priyansh Arya, P Simran Singh, JP Inglis, SS Iyer, N Wadhera, MP Stoinis, Shashank Singh, Musheer Khan, Azmatullah Omarzai, Harpreet Brar, KA Jamieson, Arshdeep Singh","Suyash Sharma, PD Salt, V Kohli, MA Agarwal, RM Patidar, LS Livingstone, JM Sharma, R Shepherd, KH Pandya, B Kumar, Yash Dayal, JR Hazlewood",2025
2025_71,2025.0,2025-05-30,Mumbai Indians,Gujarat Titans,Mumbai Indians,Mumbai Indians,bat,"Maharaja Yadavindra Singh International Cricket Stadium, New Chandigarh",New Chandigarh,20,0,RG Sharma,228,5,208,6,complete,Prakash Bhatt,R Pandit,UV Gandhe,VK Sharma,MV Saidharshan Kumar,20,"Ashwani Kumar, RG Sharma, JM Bairstow, SA Yadav, Tilak Varma, HH Pandya, Naman Dhir, MJ Santner, RA Bawa, TA Boult, JJ Bumrah, RJ Gleeson","Mohammed Siraj, B Sai Sudharsan, Shubman Gill, BKG Mendis, Washington Sundar, SE Rutherford, R Tewatia, M Shahrukh Khan, Rashid Khan, R Sai Kishore, G Coetzee, M Prasidh Krishna",2025
2025_72,2025.0,2025-06-01,Mumbai Indians,Punjab Kings,Punjab Kings,Punjab Kings,field,"Narendra Modi Stadium, Ahmedabad",Ahmedabad,0,5,SS Iyer,203,6,207,5,complete,J Srinath,CB Gaffaney,Nitin Menon,KN Ananthapadmanabhan,J Madanagopal,20,"Ashwani Kumar, RG Sharma, JM Bairstow, Tilak Varma, SA Yadav, HH Pandya, Naman Dhir, RA Bawa, MJ Santner, TA Boult, JJ Bumrah, RJW Topley","YS Chahal, Priyansh Arya, P Simran Singh, JP Inglis, SS Iyer, N Wadhera, Shashank Singh, MP Stoinis, Azmatullah Omarzai, Vijaykumar Vyshak, KA Jamieson, Arshdeep Singh",2025
2025_73,2025.0,2025-06-03,Royal Challengers Bengaluru,Punjab Kings,Royal Challengers Bengaluru,Punjab Kings,field,"Narendra Modi Stadium, Ahmedabad",Ahmedabad,6,0,KH Pandya,190,9,184,7,complete,J Srinath,J Madanagopal,Nitin Menon,CB Gaffaney,KN Ananthapadmanabhan,20,"Suyash Sharma, PD Salt, V Kohli, MA Agarwal, RM Patidar, LS Livingstone, JM Sharma, R Shepherd, KH Pandya, B Kumar, Yash Dayal, JR Hazlewood","YS Chahal, Priyansh Arya, P Simran Singh, JP Inglis, SS Iyer, N Wadhera, Shashank Singh, MP Stoinis, Azmatullah Omarzai, KA Jamieson, Vijaykumar Vyshak, Arshdeep Singh",2025
2025_8,2025.0,2025-03-29,Gujarat Titans,Mumbai Indians,Gujarat Titans,Mumbai Indians,field,"Narendra Modi Stadium, Ahmedabad",Ahmedabad,36,0,M Prasidh Krishna,196,8,160,6,complete,Prakash Bhatt,A Bengeri,Vinod Seshan,J Madanagopal,TM Srivastava,20,"I Sharma, B Sai Sudharsan, Shubman Gill, JC Buttler, M Shahrukh Khan, SE Rutherford, R Tewatia, Rashid Khan, K Rabada, R Sai Kishore, Mohammed Siraj, M Prasidh Krishna","PVSN Raju, RG Sharma, RD Rickelton, Tilak Varma, SA Yadav, R Minz, HH Pandya, Naman Dhir, MJ Santner, DL Chahar, TA Boult, Mujeeb Ur Rahman",2025
2025_9,2025.0,2025-03-30,Sunrisers Hyderabad,Delhi Capitals,Delhi Capitals,Sunrisers Hyderabad,bat,"Dr. Y.S. Rajasekhara Reddy ACA-VDCA Cricket Stadium, Visakhapatnam",Visakhapatnam,0,7,MA Starc,163,10,166,3,complete,V Narayan Kutty,Abhijit Bhattacharya,UV Gandhe,VK Sharma,AK Argal,20,"Abhishek Sharma, TM Head, Ishan Kishan, Nithish Kumar Reddy, Aniket Verma, H Klaasen, A Manohar, PJ Cummins, PWA Mulder, HV Patel, Mohammed Shami, Zeeshan Ansari","J Fraser-McGurk, F du Plessis, Abishek Porel, KL Rahul, T Stubbs, AR Patel, V Nigam, MA Starc, Kuldeep Yadav, MM Sharma, Mukesh Kumar",2025
2026_0,2026.0,2026-03-28,Sunrisers Hyderabad,Royal Challengers Bengaluru,Royal Challengers Bengaluru,Royal Challengers Bengaluru,field,"M Chinnaswamy Stadium, Bengaluru",Bengaluru,0,6,JA Duffy,201,9,203,4,complete,J Srinath,J Madanagopal,UV Gandhe,R Pandit,A Bengeri,20,"TM Head, Abhishek Sharma, Ishan Kishan, Nithish Kumar Reddy, H Klaasen, S Arora, Aniket Verma, Harsh Dubey, HV Patel, DA Payne, JD Unadkat, E Malinga","JA Duffy, PD Salt, V Kohli, D Padikkal, RM Patidar, JM Sharma, TH David, R Shepherd, KH Pandya, B Kumar, Abhinandan Singh, Suyash Sharma",2026
2026_1,2026.0,2026-03-29,Kolkata Knight Riders,Mumbai Indians,Mumbai Indians,Mumbai Indians,field,"Wankhede Stadium, Mumbai",Mumbai,0,6,SN Thakur,220,4,224,4,complete,Shakti Singh,Anish Sahasrabudhe,MV Saidharshan Kumar,Nitin Menon,Vinod Seshan,20,"Kartik Tyagi, AM Rahane, FH Allen, C Green, A Raghuvanshi, RK Singh, Ramandeep Singh, AS Roy, SP Narine, CV Varun, VG Arora, B Muzarabani","JJ Bumrah, RD Rickelton, RG Sharma, SA Yadav, Tilak Varma, HH Pandya, Naman Dhir, SE Rutherford, SN Thakur, M Markande, AM Ghazanfar, TA Boult",2026
2026_10,2026.0,2026-04-05,Royal Challengers Bengaluru,Chennai Super Kings,Royal Challengers Bengaluru,Chennai Super Kings,field,"M Chinnaswamy Stadium, Bengaluru",Bengaluru,43,0,TH David,250,3,207,10,complete,Prakash Bhatt,A Totre,KN Ananthapadmanabhan,AT Holdstock,Abhijit Bhattacharya,20,"Suyash Sharma, PD Salt, V Kohli, D Padikkal, RM Patidar, TH David, JM Sharma, R Shepherd, KH Pandya, B Kumar, Abhinandan Singh, JA Duffy","KK Ahmed, SV Samson, RD Gaikwad, A Mhatre, SN Khan, Kartik Sharma, S Dube, PR Veer, J Overton, A Kamboj, Noor Ahmad, MJ Henry",2026
2026_11,2026.0,2026-04-06,Kolkata Knight Riders,Punjab Kings,,Kolkata Knight Riders,bat,"Eden Gardens, Kolkata",Kolkata,0,0,,25,2,0,0,no result,J Srinath,A Bengeri,J Madanagopal,R Pandit,UV Gandhe,20,"AM Rahane, FH Allen, C Green, A Raghuvanshi, R Powell, RK Singh, Ramandeep Singh, AS Roy, Navdeep Saini, VG Arora, Kartik Tyagi","SS Iyer, P Simran Singh, N Wadhera, C Connolly, Shashank Singh, MP Stoinis, M Jansen, Vijaykumar Vyshak, XC Bartlett, Arshdeep Singh, YS Chahal",2026
2026_12,2026.0,2026-04-07,Rajasthan Royals,Mumbai Indians,Rajasthan Royals,Mumbai Indians,field,"Barsapara Cricket Stadium, Guwahati",Guwahati,27,0,YBK Jaiswal,150,3,123,9,complete,V Narayan Kutty,HDPK Dharmasena,M Krishnadas,VK Sharma,K Swaroopanand,20,"Ravi Bishnoi, YBK Jaiswal, V Suryavanshi, Dhruv Jurel, R Parag, SO Hetmyer, RA Jadeja, D Ferreira, JC Archer, N Burger, TU Deshpande, Sandeep Sharma","AM Ghazanfar, RD Rickelton, RG Sharma, SA Yadav, Tilak Varma, HH Pandya, Naman Dhir, SE Rutherford, SN Thakur, DL Chahar, TA Boult, JJ Bumrah",2026
2026_13,2026.0,2026-04-08,Gujarat Titans,Delhi Capitals,Gujarat Titans,Delhi Capitals,field,"Arun Jaitley Stadium, Delhi",Delhi,1,0,Rashid Khan,210,4,209,8,complete,Shakti Singh,Anish Sahasrabudhe,Nitin Menon,MV Saidharshan Kumar,Vinod Seshan,20,"M Shahrukh Khan, B Sai Sudharsan, Shubman Gill, JC Buttler, Washington Sundar, GD Phillips, R Tewatia, Rashid Khan, K Rabada, Mohammed Siraj, Ashok Sharma, M Prasidh Krishna","Mukesh Kumar, P Nissanka, KL Rahul, N Rana, Sameer Rizvi, DA Miller, AR Patel, T Stubbs, V Nigam, Kuldeep Yadav, L Ngidi, T Natarajan",2026
2026_14,2026.0,2026-04-09,Kolkata Knight Riders,Lucknow Super Giants,Lucknow Super Giants,Lucknow Super Giants,field,"Eden Gardens, Kolkata",Kolkata,0,3,MD Choudhary,181,4,182,7,complete,Prakash Bhatt,AT Holdstock,A Totre,KN Ananthapadmanabhan,Abhijit Bhattacharya,20,"VG Arora, AM Rahane, FH Allen, A Raghuvanshi, C Green, RK Singh, R Powell, Ramandeep Singh, AS Roy, SP Narine, Navdeep Saini, Kartik Tyagi","M Siddharth, MR Marsh, AK Markram, RR Pant, A Badoni, N Pooran, Abdul Samad, MD Choudhary, Mohammed Shami, Avesh Khan, DS Rathi, Prince Yadav",2026
2026_15,2026.0,2026-04-10,Royal Challengers Bengaluru,Rajasthan Royals,Rajasthan Royals,Rajasthan Royals,field,"Barsapara Cricket Stadium, Guwahati",Guwahati,0,6,V Suryavanshi,201,8,202,4,complete,V Narayan Kutty,K Swaroopanand,HDPK Dharmasena,VK Sharma,M Krishnadas,20,"PD Salt, V Kohli, D Padikkal, RM Patidar, KH Pandya, JM Sharma, TH David, R Shepherd, VR Iyer, B Kumar, Abhinandan Singh, JR Hazlewood","Sandeep Sharma, YBK Jaiswal, V Suryavanshi, Dhruv Jurel, SO Hetmyer, R Parag, RA Jadeja, D Ferreira, Ravi Bishnoi, JC Archer, N Burger, Brijesh Sharma",2026
2026_16,2026.0,2026-04-11,Chennai Super Kings,Delhi Capitals,Chennai Super Kings,Delhi Capitals,field,"MA Chidambaram Stadium, Chepauk, Chennai",Chennai,23,0,SV Samson,212,2,189,10,complete,Shakti Singh,MV Saidharshan Kumar,Vinod Seshan,Nitin Menon,Anish Sahasrabudhe,20,"AJ Hosein, SV Samson, RD Gaikwad, A Mhatre, S Dube, SN Khan, D Brevis, J Overton, Noor Ahmad, A Kamboj, Gurjapneet Singh, KK Ahmed","Mukesh Kumar, P Nissanka, KL Rahul, Sameer Rizvi, AR Patel, DA Miller, T Stubbs, Ashutosh Sharma, Auqib Nabi, Kuldeep Yadav, L Ngidi, T Natarajan",2026
2026_17,2026.0,2026-04-11,Sunrisers Hyderabad,Punjab Kings,Punjab Kings,Punjab Kings,field,"Maharaja Yadavindra Singh International Cricket Stadium, New Chandigarh",New Chandigarh,0,6,SS Iyer,219,6,223,4,complete,J Srinath,A Bengeri,R Pandit,J Madanagopal,UV Gandhe,20,"JD Unadkat, Abhishek Sharma, TM Head, Ishan Kishan, H Klaasen, Aniket Verma, S Arora, Nithish Kumar Reddy, Harsh Dubey, Shivang Kumar, HV Patel, E Malinga","YS Chahal, Priyansh Arya, P Simran Singh, C Connolly, SS Iyer, N Wadhera, Shashank Singh, MP Stoinis, M Jansen, XC Bartlett, Vijaykumar Vyshak, Arshdeep Singh",2026
2026_18,2026.0,2026-04-12,Royal Challengers Bengaluru,Mumbai Indians,Royal Challengers Bengaluru,Mumbai Indians,field,"Wankhede Stadium, Mumbai",Mumbai,18,0,PD Salt,240,4,222,6,complete,V Narayan Kutty,K Swaroopanand,VK Sharma,HDPK Dharmasena,M Krishnadas,20,"Rasikh Salam, PD Salt, V Kohli, RM Patidar, TH David, JM Sharma, R Shepherd, D Padikkal, KH Pandya, B Kumar, JA Duffy, Suyash Sharma","M Markande, RD Rickelton, RG Sharma, SA Yadav, Tilak Varma, HH Pandya, SE Rutherford, Naman Dhir, MJ Santner, SN Thakur, JJ Bumrah, TA Boult",2026
2026_19,2026.0,2026-04-12,Lucknow Super Giants,Gujarat Titans,Gujarat Titans,Gujarat Titans,field,"Bharat Ratna Shri Atal Bihari Vajpayee Ekana Cricket Stadium, Lucknow",Lucknow,0,7,M Prasidh Krishna,164,8,165,3,complete,Prakash Bhatt,Abhijit Bhattacharya,KN Ananthapadmanabhan,AT Holdstock,A Totre,20,"AK Markram, MR Marsh, RR Pant, A Badoni, N Pooran, Abdul Samad, MD Choudhary, GF Linde, Mohammed Shami, Avesh Khan, DS Rathi, Prince Yadav","Mohammed Siraj, B Sai Sudharsan, Shubman Gill, JC Buttler, Washington Sundar, R Tewatia, GD Phillips, Rashid Khan, K Rabada, Ashok Sharma, M Prasidh Krishna, M Shahrukh Khan",2026
2026_2,2026.0,2026-03-30,Chennai Super Kings,Rajasthan Royals,Rajasthan Royals,Rajasthan Royals,field,"Barsapara Cricket Stadium, Guwahati",Guwahati,0,8,N Burger,127,10,128,2,complete,V Narayan Kutty,HDPK Dharmasena,M Krishnadas,VK Sharma,K Swaroopanand,20,"SV Samson, RD Gaikwad, A Mhatre, MW Short, SN Khan, Kartik Sharma, S Dube, J Overton, Noor Ahmad, MJ Henry, A Kamboj, KK Ahmed","YBK Jaiswal, V Suryavanshi, Dhruv Jurel, R Parag, SO Hetmyer, RA Jadeja, JC Archer, N Burger, Sandeep Sharma, Ravi Bishnoi, Brijesh Sharma",2026
2026_20,2026.0,2026-04-13,Sunrisers Hyderabad,Rajasthan Royals,Sunrisers Hyderabad,Rajasthan Royals,field,"Rajiv Gandhi International Stadium, Uppal, Hyderabad",Hyderabad,57,0,PP Hinge,216,6,159,10,complete,J Srinath,J Madanagopal,R Pandit,A Bengeri,UV Gandhe,20,"Sakib Hussain, Abhishek Sharma, TM Head, Ishan Kishan, H Klaasen, Nithish Kumar Reddy, S Arora, Aniket Verma, Harsh Dubey, Shivang Kumar, PP Hinge, E Malinga","Sandeep Sharma, YBK Jaiswal, V Suryavanshi, Dhruv Jurel, LG Pretorius, R Parag, RA Jadeja, D Ferreira, JC Archer, TU Deshpande, Ravi Bishnoi, N Burger",2026
2026_21,2026.0,2026-04-14,Chennai Super Kings,Kolkata Knight Riders,Chennai Super Kings,Kolkata Knight Riders,field,"MA Chidambaram Stadium, Chepauk, Chennai",Chennai,32,0,Noor Ahmad,192,5,160,7,complete,Shakti Singh,Nitin Menon,MV Saidharshan Kumar,Vinod Seshan,Anish Sahasrabudhe,20,"AJ Hosein, SV Samson, RD Gaikwad, A Mhatre, D Brevis, SN Khan, S Dube, J Overton, Noor Ahmad, A Kamboj, Gurjapneet Singh, KK Ahmed","CV Varun, FH Allen, SP Narine, AM Rahane, A Raghuvanshi, RK Singh, C Green, R Powell, Ramandeep Singh, AS Roy, VG Arora, Kartik Tyagi",2026
2026_22,2026.0,2026-04-15,Lucknow Super Giants,Royal Challengers Bengaluru,Royal Challengers Bengaluru,Royal Challengers Bengaluru,field,"M Chinnaswamy Stadium, Bengaluru",Bengaluru,0,5,JR Hazlewood,146,10,149,5,complete,Prakash Bhatt,AT Holdstock,Bhavesh Patel,KN Ananthapadmanabhan,Abhijit Bhattacharya,20,"MR Marsh, AK Markram, RR Pant, N Pooran, A Badoni, Abdul Samad, MD Choudhary, GF Linde, Mohammed Shami, Avesh Khan, DS Rathi, Prince Yadav","Suyash Sharma, PD Salt, V Kohli, D Padikkal, RM Patidar, JM Sharma, TH David, R Shepherd, KH Pandya, B Kumar, Rasikh Salam, JR Hazlewood",2026
2026_23,2026.0,2026-04-16,Mumbai Indians,Punjab Kings,Punjab Kings,Punjab Kings,field,"Wankhede Stadium, Mumbai",Mumbai,0,7,Arshdeep Singh,195,6,198,3,complete,V Narayan Kutty,HDPK Dharmasena,M Krishnadas,VK Sharma,HAS Khalid,20,"AM Ghazanfar, RD Rickelton, Q de Kock, SA Yadav, Naman Dhir, HH Pandya, SE Rutherford, Tilak Varma, Mayank Rawat, SN Thakur, DL Chahar, JJ Bumrah","Priyansh Arya, P Simran Singh, C Connolly, SS Iyer, MP Stoinis, Shashank Singh, M Jansen, XC Bartlett, Vijaykumar Vyshak, Arshdeep Singh, YS Chahal",2026
2026_24,2026.0,2026-04-17,Kolkata Knight Riders,Gujarat Titans,Gujarat Titans,Kolkata Knight Riders,bat,"Narendra Modi Stadium, Ahmedabad",Ahmedabad,0,5,Shubman Gill,180,10,181,5,complete,J Srinath,R Pandit,UV Gandhe,J Madanagopal,K Kelkar,20,"CV Varun, TL Seifert, AM Rahane, A Raghuvanshi, C Green, R Powell, AS Roy, RK Singh, Ramandeep Singh, SP Narine, Kartik Tyagi, VG Arora","M Prasidh Krishna, B Sai Sudharsan, Shubman Gill, JC Buttler, Washington Sundar, GD Phillips, R Tewatia, M Shahrukh Khan, Rashid Khan, Ashok Sharma, K Rabada, Mohammed Siraj",2026
2026_25,2026.0,2026-04-18,Sunrisers Hyderabad,Chennai Super Kings,Sunrisers Hyderabad,Chennai Super Kings,field,"Rajiv Gandhi International Stadium, Uppal, Hyderabad",Hyderabad,10,0,E Malinga,194,9,184,8,complete,Shakti Singh,Anish Sahasrabudhe,Vinod Seshan,AT Holdstock,MV Saidharshan Kumar,20,"Abhishek Sharma, TM Head, Ishan Kishan, H Klaasen, Aniket Verma, Nithish Kumar Reddy, S Arora, LS Livingstone, Shivang Kumar, PP Hinge, Sakib Hussain, E Malinga","Gurjapneet Singh, SV Samson, RD Gaikwad, A Mhatre, MW Short, SN Khan, D Brevis, S Dube, J Overton, A Kamboj, Noor Ahmad, Mukesh Choudhary",2026
2026_26,2026.0,2026-04-18,Royal Challengers Bengaluru,Delhi Capitals,Delhi Capitals,Delhi Capitals,field,"M Chinnaswamy Stadium, Bengaluru",Bengaluru,0,6,T Stubbs,175,8,179,5,complete,Prakash Bhatt,Abhijit Bhattacharya,Bhavesh Patel,KN Ananthapadmanabhan,A Totre,20,"PD Salt, V Kohli, D Padikkal, RM Patidar, TH David, JM Sharma, R Shepherd, KH Pandya, Rasikh Salam, B Kumar, Suyash Sharma, JR Hazlewood","Mukesh Kumar, P Nissanka, KL Rahul, KK Nair, Sameer Rizvi, T Stubbs, AR Patel, DA Miller, Auqib Nabi, L Ngidi, Kuldeep Yadav, T Natarajan",2026
2026_27,2026.0,2026-04-19,Punjab Kings,Lucknow Super Giants,Punjab Kings,Lucknow Super Giants,field,"Maharaja Yadavindra Singh International Cricket Stadium, New Chandigarh",New Chandigarh,54,0,Priyansh Arya,254,7,200,5,complete,J Srinath,J Madanagopal,K Kelkar,R Pandit,UV Gandhe,20,"Vijaykumar Vyshak, Priyansh Arya, P Simran Singh, C Connolly, SS Iyer, MP Stoinis, N Wadhera, Shashank Singh, M Jansen, XC Bartlett, Arshdeep Singh, YS Chahal","Mohsin Khan, MR Marsh, A Badoni, RR Pant, N Pooran, AK Markram, MD Choudhary, Himmat Singh, Mohammed Shami, Avesh Khan, Prince Yadav, M Siddharth",2026
2026_28,2026.0,2026-04-19,Rajasthan Royals,Kolkata Knight Riders,Kolkata Knight Riders,Rajasthan Royals,bat,"Eden Gardens, Kolkata",Kolkata,0,4,CV Varun,155,9,161,6,complete,V Narayan Kutty,HDPK Dharmasena,M Krishnadas,VK Sharma,HAS Khalid,20,"Yash Raj Punja, YBK Jaiswal, V Suryavanshi, Dhruv Jurel, R Parag, SO Hetmyer, D Ferreira, RA Jadeja, JC Archer, Ravi Bishnoi, Brijesh Sharma, N Burger","CV Varun, TL Seifert, AM Rahane, A Raghuvanshi, C Green, R Powell, RK Singh, Ramandeep Singh, AS Roy, SP Narine, VG Arora, Kartik Tyagi",2026
2026_29,2026.0,2026-04-20,Mumbai Indians,Gujarat Titans,Mumbai Indians,Gujarat Titans,field,"Narendra Modi Stadium, Ahmedabad",Ahmedabad,99,0,Tilak Varma,199,5,100,10,complete,Prakash Bhatt,Abhijit Bhattacharya,KN Ananthapadmanabhan,A Totre,Bhavesh Patel,20,"Q de Kock, DV Malewar, Naman Dhir, SA Yadav, Tilak Varma, HH Pandya, SE Rutherford, MJ Santner, Krish Bhagat, JJ Bumrah, AM Ghazanfar, Ashwani Kumar","M Prasidh Krishna, B Sai Sudharsan, Shubman Gill, JC Buttler, Washington Sundar, GD Phillips, R Tewatia, M Shahrukh Khan, Rashid Khan, K Rabada, Ashok Sharma, Mohammed Siraj",2026
2026_3,2026.0,2026-03-31,Gujarat Titans,Punjab Kings,Punjab Kings,Punjab Kings,field,"Maharaja Yadavindra Singh International Cricket Stadium, New Chandigarh",New Chandigarh,0,3,C Connolly,162,6,165,7,complete,Prakash Bhatt,Abhijit Bhattacharya,A Totre,KN Ananthapadmanabhan,P Joshi,20,"M Prasidh Krishna, B Sai Sudharsan, Shubman Gill, JC Buttler, GD Phillips, Washington Sundar, M Shahrukh Khan, R Tewatia, Rashid Khan, K Rabada, Ashok Sharma, Mohammed Siraj","YS Chahal, Priyansh Arya, P Simran Singh, C Connolly, SS Iyer, N Wadhera, Shashank Singh, MP Stoinis, M Jansen, XC Bartlett, Vijaykumar Vyshak, Arshdeep Singh",2026
2026_30,2026.0,2026-04-21,Sunrisers Hyderabad,Delhi Capitals,Sunrisers Hyderabad,Delhi Capitals,field,"Rajiv Gandhi International Stadium, Uppal, Hyderabad",Hyderabad,47,0,Abhishek Sharma,242,2,195,9,complete,Shakti Singh,Anish Sahasrabudhe,Vinod Seshan,AT Holdstock,MV Saidharshan Kumar,20,"D Madushanka, Abhishek Sharma, TM Head, Ishan Kishan, H Klaasen, S Arora, Aniket Verma, Nithish Kumar Reddy, Shivang Kumar, Harsh Dubey, Sakib Hussain, E Malinga","Mukesh Kumar, P Nissanka, KL Rahul, N Rana, Sameer Rizvi, DA Miller, T Stubbs, Ashutosh Sharma, AR Patel, Kuldeep Yadav, L Ngidi, T Natarajan",2026
2026_31,2026.0,2026-04-22,Rajasthan Royals,Lucknow Super Giants,Rajasthan Royals,Lucknow Super Giants,field,"Bharat Ratna Shri Atal Bihari Vajpayee Ekana Cricket Stadium, Lucknow",Lucknow,40,0,RA Jadeja,159,6,119,10,complete,V Narayan Kutty,AK Argal,VK Sharma,K Swaroopanand,HAS Khalid,20,"YBK Jaiswal, V Suryavanshi, Dhruv Jurel, R Parag, SO Hetmyer, RA Jadeja, D Ferreira, SB Dubey, JC Archer, N Burger, Brijesh Sharma, Ravi Bishnoi","Prince Yadav, MR Marsh, A Badoni, RR Pant, AK Markram, N Pooran, Himmat Singh, MD Choudhary, Mohammed Shami, MP Yadav, DS Rathi, Mohsin Khan",2026
2026_32,2026.0,2026-04-23,Chennai Super Kings,Mumbai Indians,Chennai Super Kings,Mumbai Indians,field,"Wankhede Stadium, Mumbai",Mumbai,103,0,SV Samson,207,6,104,10,complete,Prakash Bhatt,AT Holdstock,P Joshi,KN Ananthapadmanabhan,Bhavesh Patel,20,"SV Samson, RD Gaikwad, SN Khan, S Dube, D Brevis, Kartik Sharma, J Overton, AJ Hosein, Noor Ahmad, A Kamboj, Mukesh Choudhary, Gurjapneet Singh","MJ Santner, AM Ghazanfar, Q de Kock, DV Malewar, Naman Dhir, SA Yadav, Tilak Varma, HH Pandya, SE Rutherford, SN Thakur, Krish Bhagat, Ashwani Kumar, JJ Bumrah",2026
2026_33,2026.0,2026-04-24,Gujarat Titans,Royal Challengers Bengaluru,Royal Challengers Bengaluru,Royal Challengers Bengaluru,field,"M Chinnaswamy Stadium, Bengaluru",Bengaluru,0,5,V Kohli,205,3,206,5,complete,J Srinath,Amit Rana,J Madanagopal,UV Gandhe,K Kelkar,20,"R Tewatia, B Sai Sudharsan, Shubman Gill, JC Buttler, Washington Sundar, JO Holder, M Shahrukh Khan, Rashid Khan, MJ Suthar, K Rabada, Mohammed Siraj, M Prasidh Krishna","Suyash Sharma, JG Bethell, V Kohli, D Padikkal, RM Patidar, JM Sharma, TH David, KH Pandya, R Shepherd, B Kumar, JR Hazlewood, Rasikh Salam",2026
2026_34,2026.0,2026-04-25,Delhi Capitals,Punjab Kings,Punjab Kings,Delhi Capitals,bat,"Arun Jaitley Stadium, Delhi",Delhi,0,6,KL Rahul,264,2,265,4,complete,V Narayan Kutty,AK Argal,VK Sharma,K Swaroopanand,HAS Khalid,20,"Auqib Nabi, V Nigam, P Nissanka, KL Rahul, N Rana, DA Miller, Sameer Rizvi, AR Patel, T Stubbs, L Ngidi, Kuldeep Yadav, T Natarajan, Mukesh Kumar","YS Chahal, Priyansh Arya, P Simran Singh, C Connolly, SS Iyer, N Wadhera, Shashank Singh, MP Stoinis, M Jansen, XC Bartlett, Vijaykumar Vyshak, Arshdeep Singh",2026
2026_35,2026.0,2026-04-25,Rajasthan Royals,Sunrisers Hyderabad,Sunrisers Hyderabad,Sunrisers Hyderabad,field,"Sawai Mansingh Stadium, Jaipur",Jaipur,0,5,Ishan Kishan,228,6,229,5,complete,Amit Sharma,KM Gandhi,Nitin Menon,MV Saidharshan Kumar,TM Srivastava,20,"Ravi Bishnoi, YBK Jaiswal, V Suryavanshi, Dhruv Jurel, R Parag, D Ferreira, SO Hetmyer, RA Jadeja, JC Archer, TU Deshpande, N Burger, Brijesh Sharma","Sakib Hussain, TM Head, Abhishek Sharma, Ishan Kishan, H Klaasen, Nithish Kumar Reddy, S Arora, Aniket Verma, PJ Cummins, Shivang Kumar, E Malinga, PP Hinge",2026
2026_36,2026.0,2026-04-26,Kolkata Knight Riders,Lucknow Super Giants,,Lucknow Super Giants,field,"Bharat Ratna Shri Atal Bihari Vajpayee Ekana Cricket Stadium, Lucknow",Lucknow,0,0,RK Singh,159,7,156,10,tie,J Srinath,A Bengeri,K Kelkar,R Pandit,Amit Rana,20,"CV Varun, AM Rahane, TL Seifert, A Raghuvanshi, C Green, R Powell, RK Singh, AS Roy, Ramandeep Singh, SP Narine, VG Arora, Kartik Tyagi","Mohsin Khan, AK Markram, MR Marsh, RR Pant, N Pooran, A Badoni, MD Choudhary, Himmat Singh, GF Linde, Mohammed Shami, Prince Yadav, DS Rathi",2026
2026_37,2026.0,2026-04-26,Chennai Super Kings,Gujarat Titans,Gujarat Titans,Gujarat Titans,field,"MA Chidambaram Stadium, Chepauk, Chennai",Chennai,0,8,K Rabada,158,7,162,2,complete,Prakash Bhatt,AT Holdstock,KN Ananthapadmanabhan,A Totre,Bhavesh Patel,20,"SV Samson, RD Gaikwad, Urvil Patel, SN Khan, D Brevis, S Dube, Kartik Sharma, J Overton, AJ Hosein, Noor Ahmad, A Kamboj, Gurjapneet Singh","B Sai Sudharsan, Shubman Gill, JC Buttler, Washington Sundar, M Shahrukh Khan, JO Holder, Rashid Khan, Arshad Khan, K Rabada, Mohammed Siraj, MJ Suthar",2026
2026_38,2026.0,2026-04-27,Delhi Capitals,Royal Challengers Bengaluru,Royal Challengers Bengaluru,Royal Challengers Bengaluru,field,"Arun Jaitley Stadium, Delhi",Delhi,0,9,JR Hazlewood,75,10,77,1,complete,V Narayan Kutty,AK Argal,SJ Nogajski,M Krishnadas,HAS Khalid,20,"SU Parakh, KL Rahul, N Rana, Sameer Rizvi, T Stubbs, AR Patel, Abishek Porel, DA Miller, KA Jamieson, Kuldeep Yadav, PVD Chameera, T Natarajan","Suyash Sharma, JG Bethell, V Kohli, D Padikkal, RM Patidar, JM Sharma, TH David, R Shepherd, KH Pandya, B Kumar, JR Hazlewood, Rasikh Salam",2026
2026_39,2026.0,2026-04-28,Punjab Kings,Rajasthan Royals,Rajasthan Royals,Rajasthan Royals,field,"Maharaja Yadavindra Singh International Cricket Stadium, New Chandigarh",New Chandigarh,0,6,D Ferreira,222,4,228,4,complete,Amit Sharma,Nitin Menon,TM Srivastava,KM Gandhi,MV Saidharshan Kumar,20,"Harpreet Brar, P Simran Singh, Priyansh Arya, C Connolly, SS Iyer, MP Stoinis, Suryansh Shedge, N Wadhera, M Jansen, LH Ferguson, Arshdeep Singh, YS Chahal","Yash Raj Punja, YBK Jaiswal, V Suryavanshi, Dhruv Jurel, R Parag, D Ferreira, SB Dubey, RA Jadeja, MD Shanaka, JC Archer, N Burger, Brijesh Sharma",2026
2026_4,2026.0,2026-04-01,Lucknow Super Giants,Delhi Capitals,Delhi Capitals,Delhi Capitals,field,"Bharat Ratna Shri Atal Bihari Vajpayee Ekana Cricket Stadium, Lucknow",Lucknow,0,6,Sameer Rizvi,141,10,145,4,complete,J Srinath,R Pandit,UV Gandhe,J Madanagopal,A Bengeri,20,"MR Marsh, RR Pant, AK Markram, A Badoni, N Pooran, Abdul Samad, MD Choudhary, Shahbaz Ahmed, Mohammed Shami, A Nortje, Mohsin Khan, Prince Yadav","T Natarajan, KL Rahul, P Nissanka, N Rana, Sameer Rizvi, AR Patel, T Stubbs, V Nigam, DA Miller, L Ngidi, Kuldeep Yadav, Mukesh Kumar",2026
2026_40,2026.0,2026-04-29,Mumbai Indians,Sunrisers Hyderabad,Sunrisers Hyderabad,Mumbai Indians,bat,"Wankhede Stadium, Mumbai",Mumbai,0,6,H Klaasen,243,5,249,4,complete,J Srinath,A Bengeri,J Madanagopal,UV Gandhe,Amit Rana,20,"SN Thakur, WG Jacks, RD Rickelton, SA Yadav, Naman Dhir, HH Pandya, Tilak Varma, R Minz, TA Boult, JJ Bumrah, AM Ghazanfar, Ashwani Kumar","Sakib Hussain, Aniket Verma, Abhishek Sharma, TM Head, Ishan Kishan, H Klaasen, Nithish Kumar Reddy, S Arora, PJ Cummins, Harsh Dubey, PP Hinge, E Malinga",2026
2026_41,2026.0,2026-04-30,Royal Challengers Bengaluru,Gujarat Titans,Gujarat Titans,Gujarat Titans,field,"Narendra Modi Stadium, Ahmedabad",Ahmedabad,0,4,JO Holder,155,10,158,6,complete,IR Siddiqui,AT Holdstock,KN Ananthapadmanabhan,Abhijit Bhattacharya,P Joshi,20,"JG Bethell, V Kohli, D Padikkal, RM Patidar, JM Sharma, TH David, KH Pandya, R Shepherd, VR Iyer, B Kumar, JR Hazlewood, Suyash Sharma","Mohammed Siraj, B Sai Sudharsan, Shubman Gill, JC Buttler, Washington Sundar, M Shahrukh Khan, R Tewatia, JO Holder, Rashid Khan, Arshad Khan, K Rabada, MJ Suthar",2026
2026_42,2026.0,2026-05-01,Rajasthan Royals,Delhi Capitals,Delhi Capitals,Rajasthan Royals,bat,"Sawai Mansingh Stadium, Jaipur",Jaipur,0,7,KL Rahul,225,6,226,3,complete,R Seth,SJ Nogajski,VK Sharma,HAS Khalid,AK Argal,20,"TU Deshpande, YBK Jaiswal, V Suryavanshi, Dhruv Jurel, R Parag, RA Jadeja, D Ferreira, SB Dubey, JC Archer, Ravi Bishnoi, N Burger, Brijesh Sharma","P Nissanka, KL Rahul, N Rana, T Stubbs, Ashutosh Sharma, Sameer Rizvi, AR Patel, KA Jamieson, MA Starc, Kuldeep Yadav, T Natarajan",2026
2026_43,2026.0,2026-05-02,Mumbai Indians,Chennai Super Kings,Chennai Super Kings,Mumbai Indians,bat,"MA Chidambaram Stadium, Chepauk, Chennai",Chennai,0,8,RD Gaikwad,159,7,160,2,complete,Amit Sharma,KM Gandhi,Nitin Menon,Vinod Seshan,TM Srivastava,20,"Raghu Sharma, WG Jacks, RD Rickelton, Naman Dhir, SA Yadav, Tilak Varma, HH Pandya, R Minz, Krish Bhagat, TA Boult, JJ Bumrah, AM Ghazanfar","Mukesh Choudhary, SV Samson, RD Gaikwad, Urvil Patel, Kartik Sharma, D Brevis, S Dube, J Overton, RS Ghosh, PR Veer, Noor Ahmad, A Kamboj",2026
2026_44,2026.0,2026-05-03,Punjab Kings,Gujarat Titans,Gujarat Titans,Gujarat Titans,field,"Narendra Modi Stadium, Ahmedabad",Ahmedabad,0,4,JO Holder,163,9,167,6,complete,P Dharmani,KN Ananthapadmanabhan,P Joshi,Abhijit Bhattacharya,Bhavesh Patel,20,"Priyansh Arya, P Simran Singh, C Connolly, SS Iyer, N Wadhera, Suryansh Shedge, MP Stoinis, M Jansen, XC Bartlett, Vijaykumar Vyshak, Arshdeep Singh, YS Chahal","Mohammed Siraj, B Sai Sudharsan, Shubman Gill, JC Buttler, N Sindhu, Washington Sundar, R Tewatia, JO Holder, Arshad Khan, Rashid Khan, K Rabada, MJ Suthar",2026
2026_45,2026.0,2026-05-03,Sunrisers Hyderabad,Kolkata Knight Riders,Kolkata Knight Riders,Sunrisers Hyderabad,bat,"Rajiv Gandhi International Stadium, Uppal, Hyderabad",Hyderabad,0,7,CV Varun,165,10,169,3,complete,IR Siddiqui,A Bengeri,J Madanagopal,UV Gandhe,Amit Rana,20,"Sakib Hussain, Abhishek Sharma, TM Head, Ishan Kishan, H Klaasen, R Smaran, Aniket Verma, S Arora, PJ Cummins, Shivang Kumar, HV Patel, E Malinga","VG Arora, AM Rahane, FH Allen, A Raghuvanshi, RK Singh, C Green, R Powell, MK Pandey, SP Narine, AS Roy, Kartik Tyagi, CV Varun",2026
2026_46,2026.0,2026-05-04,Lucknow Super Giants,Mumbai Indians,Mumbai Indians,Mumbai Indians,field,"Wankhede Stadium, Mumbai",Mumbai,0,6,RD Rickelton,228,5,229,4,complete,R Seth,AK Argal,SJ Nogajski,VK Sharma,T Ematty,20,"M Siddharth, MR Marsh, JP Inglis, N Pooran, RR Pant, AK Markram, Akshat Raghuwanshi, Himmat Singh, Mohammed Shami, Mohsin Khan, Avesh Khan, Prince Yadav","Raghu Sharma, RD Rickelton, RG Sharma, Tilak Varma, SA Yadav, Naman Dhir, WG Jacks, RA Bawa, C Bosch, DL Chahar, JJ Bumrah, AM Ghazanfar",2026
2026_47,2026.0,2026-05-05,Delhi Capitals,Chennai Super Kings,Chennai Super Kings,Delhi Capitals,bat,"Arun Jaitley Stadium, Delhi",Delhi,0,8,SV Samson,155,7,159,2,complete,Amit Sharma,KM Gandhi,TM Srivastava,Nitin Menon,Anish Sahasrabudhe,20,"P Nissanka, KL Rahul, N Rana, KK Nair, AR Patel, T Stubbs, Sameer Rizvi, Ashutosh Sharma, MA Starc, L Ngidi, Kuldeep Yadav, T Natarajan","SV Samson, RD Gaikwad, Urvil Patel, Kartik Sharma, D Brevis, J Overton, AJ Hosein, Noor Ahmad, A Kamboj, Mukesh Choudhary, Gurjapneet Singh",2026
2026_48,2026.0,2026-05-06,Sunrisers Hyderabad,Punjab Kings,Sunrisers Hyderabad,Punjab Kings,field,"Rajiv Gandhi International Stadium, Uppal, Hyderabad",Hyderabad,33,0,PJ Cummins,235,4,202,7,complete,DS Manohar,J Madanagopal,K Kelkar,UV Gandhe,Amit Rana,20,"Harsh Dubey, Abhishek Sharma, TM Head, Ishan Kishan, H Klaasen, Nithish Kumar Reddy, S Arora, R Smaran, PJ Cummins, Shivang Kumar, E Malinga, Sakib Hussain","YS Chahal, Priyansh Arya, P Simran Singh, C Connolly, SS Iyer, MP Stoinis, Suryansh Shedge, Shashank Singh, M Jansen, Vijaykumar Vyshak, LH Ferguson, Arshdeep Singh",2026
2026_49,2026.0,2026-05-07,Lucknow Super Giants,Royal Challengers Bengaluru,Lucknow Super Giants,Royal Challengers Bengaluru,field,"Bharat Ratna Shri Atal Bihari Vajpayee Ekana Cricket Stadium, Lucknow",Lucknow,9,0,MR Marsh,209,3,203,6,complete,P Dharmani,A Totre,P Joshi,AT Holdstock,T Ematty,20,"MP Yadav, MR Marsh, AA Kulkarni, N Pooran, RR Pant, AK Markram, Akshat Raghuwanshi, Himmat Singh, Shahbaz Ahmed, DS Rathi, Mohammed Shami, Prince Yadav","Suyash Sharma, JG Bethell, V Kohli, D Padikkal, RM Patidar, JM Sharma, TH David, KH Pandya, R Shepherd, B Kumar, JR Hazlewood, Rasikh Salam",2026
2026_5,2026.0,2026-04-02,Sunrisers Hyderabad,Kolkata Knight Riders,Sunrisers Hyderabad,Kolkata Knight Riders,field,"Eden Gardens, Kolkata",Kolkata,65,0,Nithish Kumar Reddy,226,8,161,10,complete,Shakti Singh,MV Saidharshan Kumar,Vinod Seshan,Nitin Menon,Anish Sahasrabudhe,20,"TM Head, Abhishek Sharma, Ishan Kishan, H Klaasen, Aniket Verma, Nithish Kumar Reddy, S Arora, Harsh Dubey, Shivang Kumar, JD Unadkat, DA Payne, E Malinga","FH Allen, AM Rahane, A Raghuvanshi, C Green, RK Singh, AS Roy, Ramandeep Singh, SP Narine, Kartik Tyagi, VG Arora, CV Varun, B Muzarabani",2026
2026_50,2026.0,2026-05-08,Delhi Capitals,Kolkata Knight Riders,Kolkata Knight Riders,Kolkata Knight Riders,field,"Arun Jaitley Stadium, Delhi",Delhi,0,8,FH Allen,142,8,147,2,complete,Amit Sharma,Nitin Menon,R Pandit,KM Gandhi,TM Srivastava,20,"Kuldeep Yadav, P Nissanka, KL Rahul, N Rana, Sameer Rizvi, T Stubbs, AR Patel, Ashutosh Sharma, V Nigam, MA Starc, L Ngidi, Mukesh Kumar","CV Varun, AM Rahane, FH Allen, A Raghuvanshi, C Green, R Powell, MK Pandey, RK Singh, SP Narine, AS Roy, Kartik Tyagi, VG Arora",2026
2026_51,2026.0,2026-05-09,Gujarat Titans,Rajasthan Royals,Gujarat Titans,Rajasthan Royals,field,"Sawai Mansingh Stadium, Jaipur",Jaipur,77,0,Rashid Khan,229,4,152,10,complete,R Seth,HAS Khalid,VK Sharma,SJ Nogajski,AK Argal,20,"R Sai Kishore, B Sai Sudharsan, Shubman Gill, JC Buttler, Washington Sundar, JO Holder, R Tewatia, N Sindhu, Rashid Khan, Arshad Khan, K Rabada, Mohammed Siraj","Yash Raj Punja, YBK Jaiswal, V Suryavanshi, Dhruv Jurel, SO Hetmyer, RA Jadeja, D Ferreira, SB Dubey, MD Shanaka, JC Archer, TU Deshpande, Brijesh Sharma",2026
2026_52,2026.0,2026-05-10,Lucknow Super Giants,Chennai Super Kings,Chennai Super Kings,Chennai Super Kings,field,"MA Chidambaram Stadium, Chepauk, Chennai",Chennai,0,5,J Overton,203,8,208,5,complete,DS Manohar,Amit Rana,K Kelkar,A Bengeri,T Ematty,20,"JP Inglis, MR Marsh, N Pooran, RR Pant, AK Markram, Akshat Raghuwanshi, Shahbaz Ahmed, Himmat Singh, Mohammed Shami, Avesh Khan, Prince Yadav, DS Rathi","Mukesh Choudhary, SV Samson, RD Gaikwad, Urvil Patel, Kartik Sharma, D Brevis, S Dube, PR Veer, J Overton, AJ Hosein, Noor Ahmad, A Kamboj",2026
2026_53,2026.0,2026-05-10,Mumbai Indians,Royal Challengers Bengaluru,Royal Challengers Bengaluru,Royal Challengers Bengaluru,field,"Shaheed Veer Narayan Singh International Stadium, Raipur",Raipur,0,2,B Kumar,166,7,167,8,complete,Amit Sharma,R Pandit,TM Srivastava,Nitin Menon,KM Gandhi,20,"Raghu Sharma, RD Rickelton, RG Sharma, Naman Dhir, SA Yadav, Tilak Varma, WG Jacks, RA Bawa, C Bosch, DL Chahar, JJ Bumrah, AM Ghazanfar","Suyash Sharma, JG Bethell, V Kohli, D Padikkal, RM Patidar, KH Pandya, JM Sharma, TH David, R Shepherd, Rasikh Salam, B Kumar, JR Hazlewood",2026
2026_54,2026.0,2026-05-11,Punjab Kings,Delhi Capitals,Delhi Capitals,Delhi Capitals,field,"Himachal Pradesh Cricket Association Stadium, Dharamsala",Dharamsala,0,3,M Tiwari,210,5,216,7,complete,P Dharmani,Bhavesh Patel,KN Ananthapadmanabhan,AT Holdstock,P Joshi,20,"Yash Thakur, Priyansh Arya, P Simran Singh, SS Iyer, C Connolly, MP Stoinis, Shashank Singh, Suryansh Shedge, M Jansen, BJ Dwarshuis, Arshdeep Singh, YS Chahal","Mukesh Kumar, KL Rahul, Abishek Porel, SU Parakh, T Stubbs, AR Patel, DA Miller, Ashutosh Sharma, M Tiwari, Auqib Nabi, MA Starc, L Ngidi",2026
2026_55,2026.0,2026-05-12,Gujarat Titans,Sunrisers Hyderabad,Gujarat Titans,Sunrisers Hyderabad,field,"Narendra Modi Stadium, Ahmedabad",Ahmedabad,82,0,K Rabada,168,5,86,10,complete,R Seth,HAS Khalid,VK Sharma,SJ Nogajski,AK Argal,20,"M Prasidh Krishna, B Sai Sudharsan, Shubman Gill, JC Buttler, N Sindhu, Washington Sundar, JO Holder, R Tewatia, Rashid Khan, Arshad Khan, K Rabada, Mohammed Siraj","Sakib Hussain, TM Head, Abhishek Sharma, Ishan Kishan, R Smaran, H Klaasen, S Arora, Nithish Kumar Reddy, PJ Cummins, Shivang Kumar, PP Hinge, E Malinga",2026
2026_56,2026.0,2026-05-13,Kolkata Knight Riders,Royal Challengers Bengaluru,Royal Challengers Bengaluru,Royal Challengers Bengaluru,field,"Shaheed Veer Narayan Singh International Stadium, Raipur",Raipur,0,6,V Kohli,192,4,194,4,complete,A Kripal Singh,Nitin Menon,R Pandit,TM Srivastava,KM Gandhi,20,"SR Dubey, AM Rahane, FH Allen, A Raghuvanshi, C Green, RK Singh, R Powell, MK Pandey, SP Narine, AS Roy, Kartik Tyagi, VG Arora","JA Duffy, JG Bethell, V Kohli, D Padikkal, RM Patidar, TH David, JM Sharma, VR Iyer, KH Pandya, B Kumar, Rasikh Salam, JR Hazlewood",2026
2026_57,2026.0,2026-05-14,Punjab Kings,Mumbai Indians,Mumbai Indians,Mumbai Indians,field,"Himachal Pradesh Cricket Association Stadium, Dharamsala",Dharamsala,0,6,Tilak Varma,200,8,205,4,complete,P Dharmani,Bhavesh Patel,KN Ananthapadmanabhan,AT Holdstock,P Joshi,20,"Priyansh Arya, P Simran Singh, C Connolly, SS Iyer, Suryansh Shedge, Shashank Singh, Azmatullah Omarzai, M Jansen, Vishnu Vinod, XC Bartlett, Arshdeep Singh, YS Chahal","Raghu Sharma, RG Sharma, RD Rickelton, Naman Dhir, Tilak Varma, SE Rutherford, WG Jacks, RA Bawa, C Bosch, DL Chahar, SN Thakur, JJ Bumrah",2026
2026_58,2026.0,2026-05-15,Chennai Super Kings,Lucknow Super Giants,Lucknow Super Giants,Lucknow Super Giants,field,"Bharat Ratna Shri Atal Bihari Vajpayee Ekana Cricket Stadium, Lucknow",Lucknow,0,7,MR Marsh,187,5,188,3,complete,DS Manohar,T Ematty,UV Gandhe,J Madanagopal,K Kelkar,20,"Gurjapneet Singh, SV Samson, RD Gaikwad, Urvil Patel, Kartik Sharma, D Brevis, S Dube, PR Veer, A Kamboj, Noor Ahmad, SH Johnson, Mukesh Choudhary","Prince Yadav, MR Marsh, JP Inglis, N Pooran, Abdul Samad, MD Choudhary, AK Markram, RR Pant, Shahbaz Ahmed, Mohammed Shami, MP Yadav, Akash Singh",2026
2026_59,2026.0,2026-05-16,Kolkata Knight Riders,Gujarat Titans,Kolkata Knight Riders,Gujarat Titans,field,"Eden Gardens, Kolkata",Kolkata,29,0,SP Narine,247,2,218,4,complete,R Seth,K Swaroopanand,VK Sharma,SJ Nogajski,AK Argal,20,"M Pathirana, AM Rahane, FH Allen, A Raghuvanshi, C Green, MK Pandey, RK Singh, SP Narine, AS Roy, CV Varun, SR Dubey, Kartik Tyagi","Mohammed Siraj, B Sai Sudharsan, Shubman Gill, N Sindhu, JC Buttler, R Tewatia, JO Holder, Washington Sundar, Rashid Khan, K Rabada, Arshad Khan, R Sai Kishore",2026
2026_6,2026.0,2026-04-03,Chennai Super Kings,Punjab Kings,Punjab Kings,Punjab Kings,field,"MA Chidambaram Stadium, Chepauk, Chennai",Chennai,0,5,Priyansh Arya,209,5,210,5,complete,Prakash Bhatt,Abhijit Bhattacharya,A Totre,KN Ananthapadmanabhan,P Joshi,20,"RD Chahar, SV Samson, RD Gaikwad, A Mhatre, S Dube, Kartik Sharma, SN Khan, PR Veer, Noor Ahmad, A Kamboj, MJ Henry, KK Ahmed","YS Chahal, Priyansh Arya, P Simran Singh, C Connolly, SS Iyer, N Wadhera, Shashank Singh, MP Stoinis, M Jansen, XC Bartlett, Vijaykumar Vyshak, Arshdeep Singh",2026
2026_60,2026.0,2026-05-17,Royal Challengers Bengaluru,Punjab Kings,Royal Challengers Bengaluru,Punjab Kings,field,"Himachal Pradesh Cricket Association Stadium, Dharamsala",Dharamsala,23,0,VR Iyer,222,4,199,8,complete,P Dharmani,AT Holdstock,KN Ananthapadmanabhan,P Joshi,Bhavesh Patel,20,"Rasikh Salam, JG Bethell, V Kohli, D Padikkal, VR Iyer, TH David, JM Sharma, R Shepherd, KH Pandya, B Kumar, Suyash Sharma, JR Hazlewood","YS Chahal, Priyansh Arya, P Simran Singh, C Connolly, SS Iyer, Suryansh Shedge, MP Stoinis, Shashank Singh, Azmatullah Omarzai, Harpreet Brar, LH Ferguson, Arshdeep Singh",2026
2026_61,2026.0,2026-05-17,Rajasthan Royals,Delhi Capitals,Delhi Capitals,Delhi Capitals,field,"Arun Jaitley Stadium, Delhi",Delhi,0,5,MA Starc,193,8,197,5,complete,DS Manohar,Amit Rana,K Kelkar,J Madanagopal,T Ematty,20,"YBK Jaiswal, V Suryavanshi, Dhruv Jurel, R Parag, D Ferreira, Ravi Singh, SB Dubey, MD Shanaka, JC Archer, AF Milne, Brijesh Sharma, Yash Raj Punja","Mukesh Kumar, Abishek Porel, KL Rahul, SU Parakh, AR Patel, T Stubbs, DA Miller, Ashutosh Sharma, M Tiwari, MA Starc, L Ngidi, T Vijay",2026
2026_62,2026.0,2026-05-18,Chennai Super Kings,Sunrisers Hyderabad,Sunrisers Hyderabad,Chennai Super Kings,bat,"MA Chidambaram Stadium, Chepauk, Chennai",Chennai,0,5,Ishan Kishan,180,7,181,5,complete,A Kripal Singh,Nitin Menon,TM Srivastava,Anish Sahasrabudhe,KM Gandhi,20,"Mukesh Choudhary, SV Samson, RD Gaikwad, Urvil Patel, Kartik Sharma, D Brevis, S Dube, PR Veer, AJ Hosein, Noor Ahmad, A Kamboj, SH Johnson","Sakib Hussain, Abhishek Sharma, TM Head, Ishan Kishan, H Klaasen, Nithish Kumar Reddy, S Arora, R Smaran, PJ Cummins, Shivang Kumar, E Malinga, PP Hinge",2026
2026_63,2026.0,2026-05-19,Lucknow Super Giants,Rajasthan Royals,Rajasthan Royals,Rajasthan Royals,field,"Sawai Mansingh Stadium, Jaipur",Jaipur,0,7,V Suryavanshi,220,5,225,3,complete,IR Siddiqui,AT Holdstock,P Joshi,Bhavesh Patel,A Totre,20,"DS Rathi, MR Marsh, JP Inglis, N Pooran, RR Pant, Abdul Samad, A Badoni, Shahbaz Ahmed, Mohsin Khan, MP Yadav, Akash Singh, Prince Yadav","Yash Raj Punja, YBK Jaiswal, V Suryavanshi, Dhruv Jurel, LG Pretorius, D Ferreira, SB Dubey, MD Shanaka, JC Archer, Sandeep Sharma, SS Mishra, Brijesh Sharma",2026
2026_64,2026.0,2026-05-20,Mumbai Indians,Kolkata Knight Riders,Kolkata Knight Riders,Kolkata Knight Riders,field,"Eden Gardens, Kolkata",Kolkata,0,4,MK Pandey,147,8,148,6,complete,R Seth,K Swaroopanand,HAS Khalid,M Krishnadas,AK Argal,20,"AM Ghazanfar, RD Rickelton, RG Sharma, Naman Dhir, SA Yadav, Tilak Varma, HH Pandya, WG Jacks, C Bosch, DL Chahar, JJ Bumrah, Raghu Sharma","CV Varun, A Raghuvanshi, AM Rahane, FH Allen, MK Pandey, C Green, R Powell, RK Singh, T Dahiya, AS Roy, SP Narine, Kartik Tyagi, SR Dubey",2026
2026_65,2026.0,2026-05-21,Gujarat Titans,Chennai Super Kings,Gujarat Titans,Chennai Super Kings,field,"Narendra Modi Stadium, Ahmedabad",Ahmedabad,89,0,Mohammed Siraj,229,4,140,10,complete,A Kripal Singh,KM Gandhi,Nitin Menon,VK Sharma,TM Srivastava,20,"M Prasidh Krishna, B Sai Sudharsan, Shubman Gill, JC Buttler, R Tewatia, Washington Sundar, N Sindhu, JO Holder, Rashid Khan, K Rabada, Arshad Khan, Mohammed Siraj","Gurjapneet Singh, SV Samson, MW Short, RD Gaikwad, Urvil Patel, Kartik Sharma, D Brevis, S Dube, A Kamboj, Noor Ahmad, Mukesh Choudhary, SH Johnson",2026
2026_66,2026.0,2026-05-22,Sunrisers Hyderabad,Royal Challengers Bengaluru,Sunrisers Hyderabad,Sunrisers Hyderabad,bat,"Rajiv Gandhi International Stadium, Uppal, Hyderabad",Hyderabad,55,0,Ishan Kishan,255,4,200,4,complete,DS Manohar,Amit Rana,J Madanagopal,K Kelkar,T Ematty,20,"HV Patel, Abhishek Sharma, TM Head, Ishan Kishan, H Klaasen, Nithish Kumar Reddy, S Arora, R Smaran, PJ Cummins, Shivang Kumar, E Malinga, Sakib Hussain","Suyash Sharma, VR Iyer, V Kohli, D Padikkal, RM Patidar, KH Pandya, TH David, JM Sharma, R Shepherd, B Kumar, JR Hazlewood, Rasikh Salam",2026
2026_67,2026.0,2026-05-23,Lucknow Super Giants,Punjab Kings,Punjab Kings,Punjab Kings,field,"Bharat Ratna Shri Atal Bihari Vajpayee Ekana Cricket Stadium, Lucknow",Lucknow,0,7,SS Iyer,196,6,200,3,complete,A Kripal Singh,KM Gandhi,Vinod Seshan,AK Argal,TM Srivastava,20,"DS Rathi, JP Inglis, AA Kulkarni, N Pooran, A Badoni, RR Pant, Abdul Samad, MD Choudhary, Arjun Tendulkar, Mohammed Shami, Prince Yadav, Mohsin Khan","YS Chahal, Priyansh Arya, P Simran Singh, C Connolly, SS Iyer, Suryansh Shedge, Shashank Singh, Azmatullah Omarzai, M Jansen, Vijaykumar Vyshak, Arshdeep Singh, MP Stoinis",2026
2026_68,2026.0,2026-05-24,Rajasthan Royals,Mumbai Indians,Rajasthan Royals,Mumbai Indians,field,"Wankhede Stadium, Mumbai",Mumbai,30,0,JC Archer,205,8,175,9,complete,DS Manohar,R Pandit,T Ematty,Amit Rana,K Kelkar,20,"YBK Jaiswal, V Suryavanshi, Dhruv Jurel, R Parag, MD Shanaka, D Ferreira, JC Archer, SB Dubey, RA Jadeja, N Burger, Yash Raj Punja, Brijesh Sharma","Raghu Sharma, RG Sharma, RD Rickelton, Naman Dhir, SA Yadav, Tilak Varma, WG Jacks, HH Pandya, C Bosch, SN Thakur, DL Chahar, AM Ghazanfar",2026
2026_69,2026.0,2026-05-24,Delhi Capitals,Kolkata Knight Riders,Delhi Capitals,Kolkata Knight Riders,field,"Eden Gardens, Kolkata",Kolkata,40,0,Kuldeep Yadav,203,5,163,10,complete,IR Siddiqui,K Swaroopanand,HAS Khalid,SJ Nogajski,M Krishnadas,20,"Kuldeep Yadav, Abishek Porel, KL Rahul, SU Parakh, AR Patel, DA Miller, Ashutosh Sharma, T Stubbs, M Tiwari, Auqib Nabi, L Ngidi, MA Starc","SP Narine, AM Rahane, FH Allen, MK Pandey, C Green, R Powell, RK Singh, T Dahiya, AS Roy, Kartik Tyagi, CV Varun, SR Dubey",2026
2026_7,2026.0,2026-04-04,Rajasthan Royals,Gujarat Titans,Rajasthan Royals,Rajasthan Royals,bat,"Narendra Modi Stadium, Ahmedabad",Ahmedabad,6,0,Ravi Bishnoi,210,6,204,8,complete,J Srinath,R Pandit,UV Gandhe,J Madanagopal,A Bengeri,20,"Ravi Bishnoi, YBK Jaiswal, V Suryavanshi, Dhruv Jurel, R Parag, SO Hetmyer, D Ferreira, RA Jadeja, JC Archer, N Burger, TU Deshpande, Sandeep Sharma","M Prasidh Krishna, B Sai Sudharsan, Kumar Kushagra, JC Buttler, GD Phillips, Washington Sundar, R Tewatia, M Shahrukh Khan, Rashid Khan, K Rabada, Ashok Sharma, Mohammed Siraj",2026
2026_70,2026.0,2026-05-26,Royal Challengers Bengaluru,Gujarat Titans,Royal Challengers Bengaluru,Gujarat Titans,field,"Himachal Pradesh Cricket Association Stadium, Dharamsala",Dharamsala,92,0,RM Patidar,254,5,162,10,complete,J Srinath,J Madanagopal,VK Sharma,Nitin Menon,KN Ananthapadmanabhan,20,"R Shepherd, VR Iyer, V Kohli, D Padikkal, RM Patidar, KH Pandya, TH David, JM Sharma, B Kumar, JR Hazlewood, JA Duffy, Rasikh Salam","K Khejroliya, B Sai Sudharsan, Shubman Gill, JC Buttler, N Sindhu, Washington Sundar, JO Holder, R Tewatia, Rashid Khan, K Rabada, Mohammed Siraj, M Prasidh Krishna",2026
2026_71,2026.0,2026-05-27,Rajasthan Royals,Sunrisers Hyderabad,Rajasthan Royals,Sunrisers Hyderabad,field,"Maharaja Yadavindra Singh International Cricket Stadium, New Chandigarh",New Chandigarh,47,0,V Suryavanshi,243,8,196,10,complete,V Narayan Kutty,AT Holdstock,UV Gandhe,R Pandit,SJ Nogajski,20,"YBK Jaiswal, V Suryavanshi, Dhruv Jurel, R Parag, D Ferreira, MD Shanaka, RA Jadeja, JC Archer, N Burger, SS Mishra, Brijesh Sharma, Yash Raj Punja","PP Hinge, Abhishek Sharma, TM Head, Ishan Kishan, R Smaran, H Klaasen, Nithish Kumar Reddy, Salil Arora, PJ Cummins, Shivang Kumar, E Malinga, Sakib Hussain",2026
2026_72,2026.0,2026-05-29,Rajasthan Royals,Gujarat Titans,Gujarat Titans,Rajasthan Royals,bat,"Maharaja Yadavindra Singh International Cricket Stadium, New Chandigarh",New Chandigarh,0,7,Shubman Gill,214,6,219,3,complete,Prakash Bhatt,R Pandit,SJ Nogajski,AT Holdstock,UV Gandhe,20,"TU Deshpande, YBK Jaiswal, V Suryavanshi, Dhruv Jurel, RA Jadeja, R Parag, MD Shanaka, JC Archer, D Ferreira, N Burger, Brijesh Sharma, Yash Raj Punja","Mohammed Siraj, B Sai Sudharsan, Shubman Gill, JC Buttler, Washington Sundar, R Tewatia, JO Holder, N Sindhu, Rashid Khan, R Sai Kishore, K Rabada, M Prasidh Krishna",2026
2026_73,2026.0,2026-05-31,Gujarat Titans,Royal Challengers Bengaluru,Royal Challengers Bengaluru,Royal Challengers Bengaluru,field,"Narendra Modi Stadium, Ahmedabad",Ahmedabad,0,5,V Kohli,155,8,161,5,complete,J Srinath,KN Ananthapadmanabhan,Nitin Menon,J Madanagopal,VK Sharma,20,"M Prasidh Krishna, B Sai Sudharsan, Shubman Gill, N Sindhu, JC Buttler, Washington Sundar, Arshad Khan, R Tewatia, JO Holder, Rashid Khan, K Rabada, Mohammed Siraj","JA Duffy, VR Iyer, V Kohli, D Padikkal, RM Patidar, KH Pandya, TH David, JM Sharma, R Shepherd, B Kumar, JR Hazlewood, Rasikh Salam",2026
2026_8,2026.0,2026-04-04,Mumbai Indians,Delhi Capitals,Delhi Capitals,Delhi Capitals,field,"Arun Jaitley Stadium, Delhi",Delhi,0,6,Sameer Rizvi,162,6,164,4,complete,V Narayan Kutty,HDPK Dharmasena,M Krishnadas,VK Sharma,K Swaroopanand,20,"M Markande, RD Rickelton, RG Sharma, Tilak Varma, SA Yadav, SE Rutherford, Naman Dhir, MJ Santner, C Bosch, SN Thakur, DL Chahar, JJ Bumrah","Mukesh Kumar, KL Rahul, P Nissanka, N Rana, Sameer Rizvi, DA Miller, T Stubbs, V Nigam, AR Patel, Kuldeep Yadav, L Ngidi, T Natarajan",2026
2026_9,2026.0,2026-04-05,Sunrisers Hyderabad,Lucknow Super Giants,Lucknow Super Giants,Lucknow Super Giants,field,"Rajiv Gandhi International Stadium, Uppal, Hyderabad",Hyderabad,0,5,Mohammed Shami,156,9,160,5,complete,Shakti Singh,Anish Sahasrabudhe,MV Saidharshan Kumar,Nitin Menon,Vinod Seshan,20,"E Malinga, TM Head, Abhishek Sharma, Ishan Kishan, LS Livingstone, H Klaasen, Nithish Kumar Reddy, Aniket Verma, Harsh Dubey, Shivang Kumar, HV Patel, JD Unadkat","Mohammed Shami, AK Markram, MR Marsh, RR Pant, A Badoni, N Pooran, Abdul Samad, MD Choudhary, M Siddharth, Avesh Khan, DS Rathi, Prince Yadav",2026
