season,player,matches,runs,balls,fours,sixes,strike_rate
2017,DA Warner,14,641,452,63,26,141.81
2017,S Dhawan,14,479,376,53,9,127.39
2017,MC Henriques,11,277,203,28,4,136.45
2017,Yuvraj Singh,11,252,177,30,8,142.37
2017,DJ Hooda,6,78,52,5,4,150.0
2017,BCJ Cutting,3,51,26,5,3,196.15
2017,CH Gayle,9,200,163,15,14,122.7
2017,Mandeep Singh,10,188,177,21,4,106.21
2017,TM Head,7,151,108,9,6,139.81
2017,KM Jadhav,13,267,186,25,10,143.55
2017,SR Watson,7,71,78,6,1,91.03
2017,Sachin Baby,3,15,15,2,0,100.0
2017,STR Binny,7,78,76,6,3,102.63
2017,S Aravind,6,32,40,2,0,80.0
2017,YS Chahal,6,13,26,0,0,50.0
2017,TS Mills,3,8,11,0,1,72.73
2017,A Choudhary,3,25,20,1,1,125.0
2017,PA Patel,16,395,293,49,8,134.81
2017,JC Buttler,10,273,179,27,15,152.51
2017,RG Sharma,16,333,273,31,9,121.98
2017,N Rana,12,333,264,24,17,126.14
2017,AT Rayudu,5,91,78,7,3,116.67
2017,KH Pandya,11,243,179,24,7,135.75
2017,KA Pollard,16,395,279,27,23,141.58
2017,HH Pandya,16,250,160,11,20,156.25
2017,TG Southee,1,7,3,0,1,233.33
2017,AM Rahane,16,382,323,35,9,118.27
2017,MA Agarwal,3,26,27,3,0,96.3
2017,SPD Smith,15,472,387,38,12,121.96
2017,BA Stokes,11,316,221,22,15,142.99
2017,MS Dhoni,15,290,250,15,16,116.0
2017,JJ Roy,3,59,40,9,1,147.5
2017,BB McCullum,11,320,220,29,18,145.45
2017,SK Raina,14,442,307,42,13,143.97
2017,AJ Finch,13,300,184,25,19,163.04
2017,KD Karthik,13,361,259,30,11,139.38
2017,G Gambhir,16,498,389,62,7,128.02
2017,CA Lynn,7,295,163,25,19,180.98
2017,MK Tiwary,13,324,236,31,11,137.29
2017,DT Christian,9,79,49,5,5,161.22
2017,HM Amla,10,420,288,40,17,145.83
2017,M Vohra,9,229,159,23,9,144.03
2017,WP Saha,11,234,187,20,8,125.13
2017,AR Patel,13,227,162,11,11,140.12
2017,GJ Maxwell,13,310,179,20,26,173.18
2017,DA Miller,4,83,80,4,4,103.75
2017,Vishnu Vinod,3,19,26,1,1,73.08
2017,Iqbal Abdulla,1,5,7,0,0,71.43
2017,P Negi,10,144,111,10,7,129.73
2017,AP Tare,3,18,23,3,0,78.26
2017,SW Billings,6,138,104,19,1,132.69
2017,KK Nair,13,281,226,39,6,124.34
2017,SV Samson,14,386,273,32,19,141.39
2017,RR Pant,14,366,221,28,24,165.61
2017,CH Morris,8,154,94,15,6,163.83
2017,CR Brathwaite,2,12,15,2,0,80.0
2017,PJ Cummins,8,77,53,5,4,145.28
2017,A Mishra,6,49,52,2,2,94.23
2017,S Nadeem,3,2,9,0,0,22.22
2017,Z Khan,3,4,13,0,0,30.77
2017,DR Smith,11,239,156,32,8,153.21
2017,DS Kulkarni,1,1,2,0,0,50.0
2017,P Kumar,2,8,9,0,0,88.89
2017,Basil Thampi,5,28,28,1,1,100.0
2017,RV Uthappa,13,388,235,36,21,165.11
2017,MK Pandey,12,396,308,28,12,128.57
2017,YK Pathan,11,143,115,9,6,124.35
2017,SA Yadav,7,105,88,8,3,119.32
2017,CR Woakes,7,46,47,4,1,97.87
2017,SP Narine,14,224,130,34,10,172.31
2017,Harbhajan Singh,7,16,16,0,1,100.0
2017,AB de Villiers,9,216,163,12,16,132.52
2017,CJ Anderson,11,142,123,8,9,115.45
2017,F du Plessis,1,8,7,1,0,114.29
2017,RA Tripathi,14,391,267,43,17,146.44
2017,R Bhatia,1,16,17,0,1,94.12
2017,DL Chahar,1,14,6,0,2,233.33
2017,A Zampa,1,5,7,1,0,71.43
2017,AB Dinda,1,7,7,1,0,100.0
2017,Imran Tahir,1,0,2,0,0,0.0
2017,NV Ojha,5,79,65,2,3,121.54
2017,V Shankar,4,101,75,12,1,134.67
2017,Rashid Khan,3,11,9,0,1,122.22
2017,B Kumar,2,4,4,0,0,100.0
2017,MP Stoinis,3,17,24,1,0,70.83
2017,MM Sharma,7,51,50,4,1,102.0
2017,VR Aaron,2,4,10,0,0,40.0
2017,V Kohli,10,308,252,23,11,122.22
2017,MJ McClenaghan,5,16,15,0,1,106.67
2017,Ankit Sharma,1,25,15,2,1,166.67
2017,SN Thakur,3,0,3,0,0,0.0
2017,RD Chahar,1,3,2,0,0,150.0
2017,LH Ferguson,1,1,1,0,0,100.0
2017,C de Grandhomme,9,126,92,10,6,136.96
2017,Bipul Sharma,3,31,24,2,1,129.17
2017,SS Iyer,12,338,243,36,10,139.09
2017,EJG Morgan,4,65,62,6,2,104.84
2017,KC Cariappa,2,2,7,0,0,28.57
2017,Sandeep Sharma,2,7,6,0,0,116.67
2017,Ishan Kishan,10,277,206,29,13,134.47
2017,JD Unadkat,1,2,5,0,0,40.0
2017,AF Milne,3,7,12,0,0,58.33
2017,S Badree,5,13,23,0,0,56.52
2017,AD Mathews,2,32,27,2,1,118.52
2017,Mohammed Shami,6,36,24,4,2,150.0
2017,Mohammad Nabi,1,2,3,0,0,66.67
2017,I Sharma,3,8,12,1,0,66.67
2017,RA Jadeja,10,158,113,13,4,139.82
2017,AJ Tye,3,53,30,4,3,176.67
2017,KS Williamson,7,256,169,20,10,151.48
2017,SE Marsh,8,264,194,36,5,136.08
2017,Shakib Al Hasan,1,1,1,0,0,100.0
2017,JP Faulkner,6,54,57,4,0,94.74
2017,MG Johnson,2,20,17,1,1,117.65
2017,K Rabada,3,55,64,5,1,85.94
2017,AD Nath,1,0,1,0,0,0.0
2017,NM Coulter-Nile,3,14,12,0,2,116.67
2017,Kuldeep Yadav,2,20,22,2,0,90.91
2017,UT Yadav,4,10,13,0,0,76.92
2017,Washington Sundar,5,9,12,0,0,75.0
2017,KV Sharma,6,49,41,5,2,119.51
2017,DM Bravo,1,6,5,1,0,120.0
2017,AR Bawne,1,12,12,1,0,100.0
2017,SP Jackson,3,38,31,5,0,122.58
2017,MJ Guptill,7,132,88,17,5,150.0
2017,Anureet Singh,1,15,12,2,0,125.0
2017,IK Pathan,1,2,3,0,0,66.67
2017,Ankit Soni,3,7,9,0,1,77.78
2017,JJ Bumrah,2,16,12,0,1,133.33
2017,SL Malinga,2,7,3,0,1,233.33
2017,PJ Sangwan,3,2,4,0,0,50.0
2017,S Kaul,1,0,2,0,0,0.0
2017,LMP Simmons,7,137,112,10,8,122.32
2017,MN Samuels,4,29,31,1,2,93.55
2017,Swapnil Singh,2,12,19,0,0,63.16
2017,R Tewatia,2,19,11,4,0,172.73
2017,MM Patel,1,0,1,0,0,0.0
2017,SS Tiwary,1,52,43,9,0,120.93
2017,TA Boult,1,5,8,0,0,62.5
2017,CJ Jordan,1,0,1,0,0,0.0
2017,IR Jaggi,2,33,39,3,0,84.62
2017,PP Chawla,1,2,6,0,0,33.33
2017,AS Rajpoot,1,4,7,1,0,57.14
2018,RG Sharma,14,286,215,25,12,133.02
2018,E Lewis,13,382,276,32,24,138.41
2018,Ishan Kishan,12,275,184,22,17,149.46
2018,SA Yadav,14,512,384,61,16,133.33
2018,HH Pandya,13,260,195,20,11,133.33
2018,KH Pandya,13,228,157,22,10,145.22
2018,SR Watson,15,555,359,44,35,154.6
2018,AT Rayudu,16,602,402,53,34,149.75
2018,SK Raina,15,445,336,46,12,132.44
2018,MS Dhoni,15,455,302,24,30,150.66
2018,KM Jadhav,1,24,22,1,2,109.09
2018,RA Jadeja,8,89,74,3,4,120.27
2018,DJ Bravo,10,141,91,8,10,154.95
2018,DL Chahar,4,50,29,1,4,172.41
2018,Harbhajan Singh,3,29,36,3,1,80.56
2018,MA Wood,1,1,3,0,0,33.33
2018,Imran Tahir,1,2,2,0,0,100.0
2018,C Munro,4,63,41,7,4,153.66
2018,G Gambhir,5,85,88,8,1,96.59
2018,SS Iyer,13,411,310,29,21,132.58
2018,V Shankar,9,212,148,11,11,143.24
2018,RR Pant,14,684,394,68,37,173.6
2018,R Tewatia,5,50,43,5,1,116.28
2018,CH Morris,3,46,26,3,2,176.92
2018,DT Christian,3,26,33,0,1,78.79
2018,KL Rahul,14,659,416,66,32,158.41
2018,MA Agarwal,11,120,94,9,5,127.66
2018,Yuvraj Singh,6,65,73,6,2,89.04
2018,KK Nair,12,301,221,23,13,136.2
2018,DA Miller,3,74,64,3,2,115.62
2018,MP Stoinis,7,99,76,6,4,130.26
2018,BB McCullum,6,127,88,16,6,144.32
2018,Q de Kock,8,201,162,20,8,124.07
2018,V Kohli,14,530,381,52,18,139.11
2018,AB de Villiers,11,480,275,39,30,174.55
2018,Mandeep Singh,13,252,186,16,11,135.48
2018,SN Khan,6,51,41,7,1,124.39
2018,CR Woakes,4,17,19,1,1,89.47
2018,SP Narine,16,357,188,40,23,189.89
2018,CA Lynn,16,491,377,56,18,130.24
2018,RV Uthappa,16,351,265,30,21,132.45
2018,N Rana,15,304,232,26,14,131.03
2018,KD Karthik,16,498,337,49,16,147.77
2018,RK Singh,4,29,31,4,0,93.55
2018,AD Russell,14,316,171,17,31,184.8
2018,R Vinay Kumar,1,6,3,1,0,200.0
2018,AM Rahane,14,370,313,39,5,118.21
2018,DJM Short,7,115,99,11,5,116.16
2018,SV Samson,15,441,320,30,19,137.81
2018,BA Stokes,12,196,161,13,6,121.74
2018,RA Tripathi,12,226,167,18,8,135.33
2018,JC Buttler,13,548,353,52,21,155.24
2018,K Gowtham,13,126,64,9,9,196.88
2018,S Gopal,4,50,45,5,0,111.11
2018,DS Kulkarni,2,6,7,0,0,85.71
2018,JD Unadkat,5,49,38,6,1,128.95
2018,B Laughlin,2,1,4,0,0,25.0
2018,WP Saha,10,122,102,17,1,119.61
2018,S Dhawan,16,497,363,59,14,136.91
2018,KS Williamson,17,735,516,64,28,142.44
2018,TK Curran,4,23,28,3,0,82.14
2018,SW Billings,8,108,78,8,5,138.46
2018,GJ Maxwell,12,169,120,14,9,140.83
2018,KA Pollard,8,133,100,10,7,133.0
2018,BCJ Cutting,6,96,58,5,8,165.52
2018,PJ Sangwan,1,0,4,0,0,0.0
2018,JJ Bumrah,3,10,11,1,0,90.91
2018,M Markande,6,21,24,2,0,87.5
2018,MK Pandey,13,284,246,22,5,115.45
2018,Shakib Al Hasan,13,239,197,26,5,121.32
2018,DJ Hooda,8,87,81,2,3,107.41
2018,YK Pathan,13,260,200,22,11,130.0
2018,Rashid Khan,7,59,31,3,6,190.32
2018,S Kaul,3,3,14,0,0,21.43
2018,Sandeep Sharma,3,0,4,0,0,0.0
2018,B Stanlake,1,5,2,1,0,250.0
2018,AJ Finch,9,134,100,6,8,134.0
2018,AR Patel,8,80,69,3,4,115.94
2018,R Ashwin,8,102,71,7,5,143.66
2018,AJ Tye,8,32,38,2,1,84.21
2018,MM Sharma,4,10,13,1,0,76.92
2018,Mujeeb Ur Rahman,2,10,7,2,0,142.86
2018,Washington Sundar,5,65,38,5,4,171.05
2018,A Dananjaya,1,4,5,0,0,80.0
2018,JJ Roy,5,120,94,9,7,127.66
2018,Shubman Gill,10,203,139,22,5,146.04
2018,Shivam Mavi,3,13,15,1,0,86.67
2018,MG Johnson,2,16,11,2,0,145.45
2018,P Negi,2,3,5,0,0,60.0
2018,CH Gayle,11,368,252,30,27,146.03
2018,M Vijay,1,12,10,0,1,120.0
2018,PP Chawla,5,27,34,1,1,79.41
2018,Mohammed Shami,1,7,6,1,0,116.67
2018,S Nadeem,1,6,8,0,0,75.0
2018,TA Boult,1,0,2,0,0,0.0
2018,MJ McClenaghan,4,11,10,1,1,110.0
2018,CJ Anderson,3,17,22,0,1,77.27
2018,UT Yadav,5,3,11,0,0,27.27
2018,Mohammed Siraj,3,25,22,2,1,113.64
2018,H Klaasen,4,57,47,5,1,121.28
2018,STR Binny,5,44,39,2,2,112.82
2018,M Vohra,4,55,47,2,4,117.02
2018,F du Plessis,6,162,129,17,6,125.58
2018,RK Bhui,1,0,5,0,0,0.0
2018,JC Archer,6,15,21,2,0,71.43
2018,BB Sran,3,3,7,0,0,42.86
2018,PP Shaw,9,245,160,27,10,153.12
2018,LE Plunkett,2,1,3,0,0,33.33
2018,A Mishra,1,1,2,0,0,50.0
2018,Mohammad Nabi,2,18,12,3,0,150.0
2018,Basil Thampi,1,3,6,0,0,50.0
2018,Mustafizur Rahman,1,1,3,0,0,33.33
2018,C de Grandhomme,8,131,84,4,10,155.95
2018,MK Tiwary,4,47,44,4,1,106.82
2018,AS Rajpoot,3,11,18,1,0,61.11
2018,Kuldeep Yadav,3,12,24,1,0,50.0
2018,AD Hales,6,148,118,13,6,125.42
2018,MK Lomror,2,20,21,1,0,95.24
2018,TG Southee,4,52,46,5,1,113.04
2018,JP Duminy,2,36,40,3,1,90.0
2018,PA Patel,6,153,109,20,4,140.37
2018,M Ashwin,1,1,2,0,0,50.0
2018,DR Shorey,1,8,9,0,1,88.89
2018,NV Ojha,1,1,4,0,0,25.0
2018,B Kumar,4,13,16,1,0,81.25
2018,MM Ali,4,77,46,4,6,167.39
2018,AD Nath,1,9,13,1,0,69.23
2018,M Prasidh Krishna,1,1,5,0,0,20.0
2018,HV Patel,2,60,33,1,6,181.82
2018,P Chopra,1,8,6,2,0,133.33
2018,JPR Scantlebury-Searles,2,8,6,0,1,133.33
2018,Abhishek Sharma,3,63,33,3,5,190.91
2018,IS Sodhi,1,1,6,0,0,16.67
2018,Anureet Singh,1,3,4,0,0,75.0
2018,YS Chahal,1,0,4,0,0,0.0
2018,SP Goswami,3,52,40,6,1,130.0
2018,CR Brathwaite,4,75,48,1,8,156.25
2018,SN Thakur,1,15,5,3,0,300.0
2019,V Kohli,14,464,328,46,13,141.46
2019,PA Patel,14,373,268,48,10,139.18
2019,MM Ali,10,220,133,16,17,165.41
2019,AB de Villiers,13,442,287,31,26,154.01
2019,SO Hetmyer,5,90,73,4,7,123.29
2019,S Dube,4,40,33,1,3,121.21
2019,C de Grandhomme,4,46,49,4,2,93.88
2019,Navdeep Saini,2,2,4,0,0,50.0
2019,YS Chahal,3,6,16,0,0,37.5
2019,UT Yadav,5,25,25,3,1,100.0
2019,Mohammed Siraj,3,4,14,0,0,28.57
2019,SR Watson,17,398,312,42,20,127.56
2019,AT Rayudu,17,282,303,20,7,93.07
2019,SK Raina,17,383,314,45,9,121.97
2019,KM Jadhav,12,162,169,19,3,95.86
2019,RA Jadeja,9,106,88,7,4,120.45
2019,DA Warner,12,692,481,57,21,143.87
2019,JM Bairstow,10,445,283,48,18,157.24
2019,V Shankar,14,244,193,11,12,126.42
2019,YK Pathan,7,40,45,1,1,88.89
2019,MK Pandey,11,345,264,34,6,130.68
2019,CA Lynn,13,405,290,41,22,139.66
2019,N Rana,11,344,235,27,21,146.38
2019,RV Uthappa,11,284,247,28,10,114.98
2019,KD Karthik,12,254,174,22,14,145.98
2019,AD Russell,13,514,252,32,52,203.97
2019,Shubman Gill,13,296,238,21,10,124.37
2019,PP Shaw,16,353,264,45,9,133.71
2019,S Dhawan,16,521,384,64,11,135.68
2019,SS Iyer,16,467,388,42,14,120.36
2019,CA Ingram,12,184,154,20,5,119.48
2019,RR Pant,16,494,304,37,27,162.5
2019,KMA Paul,5,18,24,1,1,75.0
2019,AR Patel,12,110,88,10,3,125.0
2019,R Tewatia,4,26,22,2,1,118.18
2019,RG Sharma,15,405,315,52,10,128.57
2019,Q de Kock,16,529,398,45,25,132.91
2019,SA Yadav,15,424,324,45,10,130.86
2019,KA Pollard,12,281,179,14,22,156.98
2019,Yuvraj Singh,4,98,75,7,6,130.67
2019,HH Pandya,15,409,212,28,30,192.92
2019,KH Pandya,14,183,150,18,5,122.0
2019,BCJ Cutting,3,18,17,1,1,105.88
2019,MJ McClenaghan,4,11,16,2,0,68.75
2019,Rasikh Salam,1,5,4,0,0,125.0
2019,KL Rahul,14,593,438,49,25,135.39
2019,MA Agarwal,13,332,234,26,14,141.88
2019,CH Gayle,13,490,319,45,34,153.61
2019,SN Khan,5,180,143,19,4,125.87
2019,N Pooran,6,168,107,10,14,157.01
2019,Mandeep Singh,12,165,120,10,4,137.5
2019,AM Rahane,13,393,285,45,9,137.89
2019,JC Buttler,8,311,205,38,14,151.71
2019,SV Samson,11,342,230,28,13,148.7
2019,SPD Smith,10,319,275,30,4,116.0
2019,RA Tripathi,7,141,118,13,2,119.49
2019,BA Stokes,9,123,99,8,4,124.24
2019,K Gowtham,4,18,19,1,1,94.74
2019,JC Archer,5,67,40,4,4,167.5
2019,JD Unadkat,2,1,3,0,0,33.33
2019,S Gopal,7,63,46,8,1,136.96
2019,DS Kulkarni,1,5,3,1,0,166.67
2019,MS Dhoni,12,416,309,22,23,134.63
2019,DJ Bravo,8,80,66,6,3,121.21
2019,SP Narine,8,143,86,17,9,166.28
2019,DA Miller,10,213,164,19,7,129.88
2019,M Markande,1,6,5,1,0,120.0
2019,JJ Bumrah,1,0,1,0,0,0.0
2019,KS Williamson,9,156,130,12,5,120.0
2019,Rashid Khan,7,34,23,2,2,147.83
2019,NS Naik,1,7,16,1,0,43.75
2019,PP Chawla,5,42,37,4,2,113.51
2019,Kuldeep Yadav,3,12,8,1,0,150.0
2019,GH Vihari,2,4,8,0,0,50.0
2019,P Ray Barman,1,19,24,2,0,79.17
2019,SM Curran,8,95,55,13,3,172.73
2019,GC Viljoen,3,3,7,0,0,42.86
2019,R Ashwin,6,42,28,3,3,150.0
2019,M Ashwin,3,3,5,0,0,60.0
2019,Mohammed Shami,2,1,2,0,0,50.0
2019,CH Morris,6,32,37,1,2,86.49
2019,HV Patel,1,0,2,0,0,0.0
2019,Avesh Khan,1,4,3,1,0,133.33
2019,K Rabada,4,14,15,0,1,93.33
2019,S Lamichhane,1,0,1,0,0,0.0
2019,MP Stoinis,10,211,156,14,10,135.26
2019,DL Chahar,2,7,9,1,0,77.78
2019,SN Thakur,2,14,7,1,1,200.0
2019,MM Sharma,1,0,2,0,0,0.0
2019,DJ Hooda,7,64,63,5,1,101.59
2019,Mohammad Nabi,7,121,78,8,8,155.13
2019,F du Plessis,12,396,321,36,15,123.36
2019,Ishan Kishan,6,101,100,8,4,101.0
2019,RD Chahar,4,12,11,2,0,109.09
2019,B Kumar,4,12,19,1,0,63.16
2019,Sandeep Sharma,2,6,3,1,0,200.0
2019,S Kaul,1,0,1,0,0,0.0
2019,AD Nath,5,61,57,5,2,107.02
2019,TG Southee,1,9,9,0,0,100.0
2019,P Negi,4,9,12,1,0,75.0
2019,M Prasidh Krishna,1,0,2,0,0,0.0
2019,HF Gurney,1,1,5,0,0,20.0
2019,KK Nair,1,5,6,0,0,83.33
2019,SD Lad,1,15,13,1,1,115.38
2019,AS Joseph,1,15,13,2,0,115.38
2019,R Parag,5,160,126,17,5,126.98
2019,MJ Santner,2,32,23,0,3,139.13
2019,JL Denly,1,0,1,0,0,0.0
2019,CR Brathwaite,2,11,10,1,0,110.0
2019,LS Livingstone,4,70,48,6,5,145.83
2019,C Munro,4,84,70,9,4,120.0
2019,RK Bhui,1,7,12,0,0,58.33
2019,Abhishek Sharma,3,9,9,1,0,100.0
2019,KK Ahmed,1,0,1,0,0,0.0
2019,Mujeeb Ur Rahman,2,0,4,0,0,0.0
2019,AJ Turner,4,3,10,0,0,30.0
2019,STR Binny,5,70,40,5,4,175.0
2019,SW Billings,1,0,4,0,0,0.0
2019,A Mishra,4,21,24,2,0,87.5
2019,Harpreet Brar,1,20,12,2,1,166.67
2019,SE Rutherford,7,73,54,2,7,135.19
2019,RK Singh,3,37,34,1,2,108.82
2019,Y Prithvi Raj,1,0,1,0,0,0.0
2019,KC Cariappa,1,9,3,0,1,300.0
2019,E Lewis,3,48,52,4,2,92.31
2019,M Vijay,2,64,61,6,1,104.92
2019,DR Shorey,1,5,8,0,0,62.5
2019,Harbhajan Singh,1,1,3,0,0,33.33
2019,Shakib Al Hasan,1,9,10,0,0,90.0
2019,WP Saha,5,86,53,13,1,162.26
2019,H Klaasen,2,9,10,0,0,90.0
2019,Gurkeerat Singh,3,98,70,11,2,140.0
2019,Washington Sundar,2,1,3,0,0,33.33
2019,BB Sran,1,3,3,0,0,100.0
2019,P Simran Singh,1,16,17,1,1,94.12
2019,J Suchith,1,6,15,0,0,40.0
2019,TA Boult,2,7,4,0,1,175.0
2019,MJ Guptill,3,82,54,4,7,151.85
2019,AJ Tye,1,0,2,0,0,0.0
2019,MK Lomror,1,8,3,2,0,266.67
2019,IS Sodhi,1,6,11,0,0,54.55
2019,VR Aaron,1,3,7,0,0,42.86
2019,Basil Thampi,1,1,1,0,0,100.0
2019,I Sharma,1,10,3,1,1,333.33
2020,RG Sharma,12,334,263,27,19,127.0
2020,Q de Kock,16,506,361,46,22,140.17
2020,SA Yadav,15,480,331,61,11,145.02
2020,SS Tiwary,5,103,80,8,3,128.75
2020,HH Pandya,13,283,160,14,25,176.88
2020,KA Pollard,12,281,149,17,22,188.59
2020,KH Pandya,11,109,92,9,5,118.48
2020,JL Pattinson,2,15,13,2,0,115.38
2020,RD Chahar,1,2,4,0,0,50.0
2020,TA Boult,1,0,1,0,0,0.0
2020,JJ Bumrah,1,5,3,0,0,166.67
2020,M Vijay,3,32,43,4,0,74.42
2020,SR Watson,11,299,247,33,13,121.05
2020,F du Plessis,13,449,319,42,14,140.75
2020,AT Rayudu,11,359,282,30,12,127.3
2020,RA Jadeja,11,232,135,22,11,171.85
2020,SM Curran,11,186,141,12,12,131.91
2020,MS Dhoni,12,200,172,16,7,116.28
2020,PP Shaw,13,228,167,27,8,136.53
2020,S Dhawan,17,618,427,67,13,144.73
2020,SO Hetmyer,11,185,125,11,12,148.0
2020,SS Iyer,17,519,421,40,16,123.28
2020,RR Pant,14,345,303,32,9,113.86
2020,AR Patel,9,117,85,6,8,137.65
2020,MP Stoinis,17,352,237,31,16,148.52
2020,R Ashwin,5,37,34,3,1,108.82
2020,A Nortje,3,7,6,0,0,116.67
2020,KL Rahul,14,676,524,58,23,129.01
2020,MA Agarwal,11,432,273,46,15,158.24
2020,KK Nair,3,16,14,2,0,114.29
2020,N Pooran,14,353,210,23,25,168.1
2020,GJ Maxwell,11,108,106,9,0,101.89
2020,SN Khan,3,33,29,5,0,113.79
2020,K Gowtham,2,42,27,3,2,155.56
2020,CJ Jordan,4,29,31,2,0,93.55
2020,Shubman Gill,14,440,373,44,9,117.96
2020,RA Tripathi,11,230,181,21,10,127.07
2020,N Rana,14,352,254,43,12,138.58
2020,T Banton,2,18,20,1,1,90.0
2020,KD Karthik,14,169,136,20,4,124.26
2020,EJG Morgan,14,419,304,32,24,137.83
2020,PJ Cummins,10,146,114,9,8,128.07
2020,Kuldeep Yadav,2,13,21,1,0,61.9
2020,LH Ferguson,2,43,29,4,1,148.28
2020,D Padikkal,15,473,379,51,8,124.8
2020,AJ Finch,12,268,241,28,8,111.2
2020,Gurkeerat Singh,5,71,80,8,0,88.75
2020,V Kohli,15,471,386,24,11,122.02
2020,Ishan Kishan,13,516,354,36,30,145.76
2020,NM Coulter-Nile,2,25,15,4,0,166.67
2020,DS Kulkarni,1,3,2,0,0,150.0
2020,DA Warner,16,548,408,52,14,134.31
2020,WP Saha,4,214,153,24,5,139.87
2020,YBK Jaiswal,3,40,44,2,2,90.91
2020,SPD Smith,14,311,237,32,9,131.22
2020,SV Samson,14,375,236,21,26,158.9
2020,RV Uthappa,12,196,164,19,7,119.51
2020,R Tewatia,11,255,183,13,17,139.34
2020,R Parag,8,86,77,6,3,111.69
2020,TK Curran,4,83,62,5,3,133.87
2020,JC Archer,10,113,63,5,10,179.37
2020,RD Gaikwad,6,204,169,16,6,120.71
2020,KM Jadhav,5,62,66,7,0,93.94
2020,SP Narine,9,121,85,10,8,142.35
2020,AM Rahane,8,113,107,12,2,105.61
2020,K Rabada,6,56,49,4,2,114.29
2020,TU Deshpande,2,21,12,2,1,175.0
2020,Mandeep Singh,7,130,109,10,4,119.27
2020,CH Gayle,7,295,212,15,24,139.15
2020,DJ Hooda,5,102,72,5,5,141.67
2020,M Ashwin,1,4,4,0,0,100.0
2020,JM Bairstow,11,345,272,31,13,126.84
2020,MK Pandey,15,425,333,35,18,127.63
2020,Abdul Samad,7,113,67,8,6,168.66
2020,V Shankar,5,97,96,10,1,101.04
2020,JO Holder,4,66,53,5,3,124.53
2020,PK Garg,10,133,111,9,4,119.82
2020,Rashid Khan,6,35,30,3,2,116.67
2020,Sandeep Sharma,5,12,15,1,0,80.0
2020,KK Ahmed,1,0,2,0,0,0.0
2020,JR Philippe,5,78,77,9,1,101.3
2020,AB de Villiers,14,460,290,34,23,158.62
2020,S Dube,9,129,105,5,9,122.86
2020,CH Morris,5,34,21,2,3,161.9
2020,Washington Sundar,9,111,95,10,2,116.84
2020,HV Patel,2,21,24,2,0,87.5
2020,JC Buttler,12,328,227,27,16,144.49
2020,MK Lomror,3,59,54,2,3,109.26
2020,AJ Tye,1,6,6,0,1,100.0
2020,S Gopal,5,37,39,3,0,94.87
2020,Kartik Tyagi,2,4,6,0,0,66.67
2020,VR Aaron,2,1,10,0,0,10.0
2020,AD Russell,9,117,81,9,9,144.44
2020,KL Nagarkoti,6,22,31,1,0,70.97
2020,Shivam Mavi,3,10,14,1,0,71.43
2020,CV Varun,3,10,15,0,0,66.67
2020,I Udana,4,15,11,1,1,136.36
2020,Mohammed Siraj,3,17,14,2,0,121.43
2020,KS Williamson,11,317,237,26,10,133.76
2020,Abhishek Sharma,7,71,56,6,3,126.79
2020,JDS Neesham,3,19,18,0,1,105.56
2020,Ravi Bishnoi,2,7,12,1,0,58.33
2020,Mohammed Shami,2,2,3,0,0,66.67
2020,JD Unadkat,1,9,13,0,0,69.23
2020,AS Rajpoot,2,9,10,0,1,90.0
2020,Shahbaz Ahmed,1,1,1,0,0,100.0
2020,BA Stokes,8,285,200,36,7,142.5
2020,NS Naik,1,1,3,0,0,33.33
2020,AT Carey,3,32,29,0,1,110.34
2020,UT Yadav,1,0,2,0,0,0.0
2020,Navdeep Saini,3,27,27,3,0,100.0
2020,DW Steyn,1,1,2,0,0,50.0
2020,YS Chahal,2,1,3,0,0,33.33
2020,MM Ali,3,12,16,1,0,75.0
2020,M Prasidh Krishna,2,2,4,0,0,50.0
2020,N Jagadeesan,2,33,29,4,0,113.79
2020,DL Chahar,3,7,12,0,0,58.33
2020,SN Thakur,2,12,21,0,0,57.14
2020,Imran Tahir,1,13,10,2,0,130.0
2020,P Simran Singh,2,15,15,2,0,100.0
2020,DJ Bravo,2,7,6,0,0,116.67
2020,S Nadeem,2,7,8,1,0,87.5
2020,T Natarajan,2,3,5,0,0,60.0
2020,B Kumar,1,0,2,0,0,0.0
2020,MR Marsh,1,0,1,0,0,0.0
2020,P Dubey,1,7,13,0,0,53.85
2020,RK Singh,1,11,11,1,0,100.0
2020,Mujeeb Ur Rahman,1,1,3,0,0,33.33
2020,SS Cottrell,1,0,2,0,0,0.0
2020,Arshdeep Singh,1,0,3,0,0,0.0
2020,Mohammad Nabi,1,11,8,2,0,137.5
2020,DR Sams,1,0,2,0,0,0.0
2020,SP Goswami,2,0,4,0,0,0.0
2021,RG Sharma,13,381,299,33,14,127.42
2021,CA Lynn,1,49,35,4,3,140.0
2021,SA Yadav,14,317,221,40,10,143.44
2021,Ishan Kishan,10,241,180,21,10,133.89
2021,HH Pandya,11,127,112,11,5,113.39
2021,KA Pollard,13,245,165,16,16,148.48
2021,KH Pandya,12,143,123,10,6,116.26
2021,M Jansen,2,0,3,0,0,0.0
2021,JJ Bumrah,7,16,17,2,0,94.12
2021,Washington Sundar,4,31,47,2,0,65.96
2021,V Kohli,15,405,339,43,9,119.47
2021,RM Patidar,4,71,62,3,3,114.52
2021,GJ Maxwell,14,513,356,48,21,144.1
2021,AB de Villiers,14,313,211,23,16,148.34
2021,Shahbaz Ahmed,7,59,53,4,2,111.32
2021,DT Christian,7,14,24,1,0,58.33
2021,KA Jamieson,7,65,55,5,3,118.18
2021,HV Patel,7,59,46,6,2,128.26
2021,Mohammed Siraj,4,20,26,1,1,76.92
2021,RD Gaikwad,16,635,466,64,23,136.27
2021,F du Plessis,16,633,458,61,23,138.21
2021,MM Ali,15,357,260,31,19,137.31
2021,SK Raina,11,160,128,13,9,125.0
2021,AT Rayudu,13,257,170,16,17,151.18
2021,RA Jadeja,11,227,156,19,9,145.51
2021,MS Dhoni,11,114,107,12,3,106.54
2021,SM Curran,4,56,29,5,3,193.1
2021,PP Shaw,15,479,301,56,18,159.14
2021,S Dhawan,16,587,473,63,16,124.1
2021,RR Pant,16,424,330,43,10,128.48
2021,MP Stoinis,7,89,72,11,1,123.61
2021,N Rana,16,383,314,34,17,121.97
2021,Shubman Gill,17,478,402,50,12,118.91
2021,RA Tripathi,16,397,283,41,11,140.28
2021,AD Russell,8,183,120,14,14,152.5
2021,EJG Morgan,15,133,139,8,6,95.68
2021,KD Karthik,15,223,170,22,7,131.18
2021,Shakib Al Hasan,6,47,48,3,1,97.92
2021,WP Saha,9,131,140,7,5,93.57
2021,DA Warner,8,197,184,15,6,107.07
2021,MK Pandey,8,292,236,21,10,123.73
2021,JM Bairstow,7,248,175,20,15,141.71
2021,Mohammad Nabi,3,34,20,3,2,170.0
2021,V Shankar,5,58,52,1,3,111.54
2021,Abdul Samad,10,111,87,4,8,127.59
2021,KL Rahul,13,626,451,48,30,138.8
2021,MA Agarwal,12,441,314,42,18,140.45
2021,CH Gayle,10,193,154,21,8,125.32
2021,DJ Hooda,11,160,123,9,9,130.08
2021,N Pooran,10,85,76,3,5,111.84
2021,M Shahrukh Khan,10,153,114,9,10,134.21
2021,JA Richardson,2,15,24,2,0,62.5
2021,BA Stokes,1,0,3,0,0,0.0
2021,SV Samson,14,484,354,45,17,136.72
2021,M Vohra,4,42,39,5,2,107.69
2021,JC Buttler,7,254,166,27,13,153.01
2021,S Dube,9,230,193,18,10,119.17
2021,R Parag,10,93,83,6,4,112.05
2021,R Tewatia,11,155,147,11,6,105.44
2021,CH Morris,7,67,49,2,5,136.73
2021,Q de Kock,11,297,256,29,7,116.02
2021,RD Chahar,4,14,15,1,0,93.33
2021,PJ Cummins,5,93,56,5,8,166.07
2021,Harbhajan Singh,2,4,4,0,0,100.0
2021,D Padikkal,14,411,328,44,14,125.3
2021,JO Holder,7,85,72,2,6,118.06
2021,Rashid Khan,10,83,69,9,2,120.29
2021,B Kumar,7,34,30,3,0,113.33
2021,S Nadeem,1,0,1,0,0,0.0
2021,AM Rahane,1,8,8,1,0,100.0
2021,Lalit Yadav,5,68,73,7,0,93.15
2021,TK Curran,2,21,17,2,0,123.53
2021,CR Woakes,1,15,11,2,0,136.36
2021,R Ashwin,5,44,42,2,1,104.76
2021,K Rabada,3,13,6,2,0,216.67
2021,DA Miller,8,124,113,11,3,109.73
2021,JD Unadkat,3,41,29,3,2,141.38
2021,M Ashwin,2,15,24,1,0,62.5
2021,Mohammed Shami,3,13,17,0,0,76.47
2021,Virat Singh,2,15,26,1,0,57.69
2021,Abhishek Sharma,7,98,75,7,4,130.67
2021,KK Ahmed,1,1,2,0,0,50.0
2021,Mujeeb Ur Rahman,1,1,1,0,0,100.0
2021,CV Varun,2,2,4,0,0,50.0
2021,SPD Smith,7,152,135,13,2,112.59
2021,DJ Bravo,3,47,18,3,4,261.11
2021,SN Thakur,4,5,5,0,0,100.0
2021,Mustafizur Rahman,3,8,14,0,1,57.14
2021,J Yadav,2,34,26,2,1,130.77
2021,TA Boult,2,1,4,0,0,25.0
2021,SO Hetmyer,12,242,144,19,12,168.06
2021,MC Henriques,4,31,32,0,1,96.88
2021,FA Allen,2,6,12,0,0,50.0
2021,Arshdeep Singh,2,2,3,0,0,66.67
2021,KS Williamson,10,270,238,30,2,113.45
2021,SP Narine,10,62,47,3,5,131.91
2021,KL Nagarkoti,1,0,2,0,0,0.0
2021,M Prasidh Krishna,1,0,1,0,0,0.0
2021,C Sakariya,5,16,25,2,0,64.0
2021,S Gopal,2,7,5,0,1,140.0
2021,Shivam Mavi,2,25,20,2,2,125.0
2021,YBK Jaiswal,10,249,168,32,10,148.21
2021,Navdeep Saini,1,2,4,0,0,50.0
2021,YS Chahal,2,10,27,0,0,37.04
2021,KM Jadhav,5,55,52,2,2,105.77
2021,J Suchith,1,14,6,2,1,233.33
2021,CJ Jordan,2,32,21,1,3,152.38
2021,Ravi Bishnoi,1,1,4,0,0,25.0
2021,DR Sams,2,6,6,0,0,100.0
2021,P Simran Singh,2,19,23,1,1,82.61
2021,Harpreet Brar,5,64,58,3,2,110.34
2021,JDS Neesham,2,0,2,0,0,0.0
2021,Sandeep Sharma,2,8,7,1,0,114.29
2021,DJ Malan,1,26,26,1,1,100.0
2021,KS Bharat,6,191,156,10,8,122.44
2021,Sachin Baby,1,7,17,0,0,41.18
2021,PWH de Silva,2,1,2,0,0,50.0
2021,VR Iyer,10,370,288,37,14,128.47
2021,NM Coulter-Nile,2,4,5,0,0,80.0
2021,PP Chawla,1,0,2,0,0,0.0
2021,JJ Roy,5,150,121,21,1,123.97
2021,PK Garg,5,72,74,2,3,97.3
2021,S Kaul,2,8,8,1,0,100.0
2021,E Lewis,5,151,93,18,7,162.37
2021,GD Phillips,3,26,33,1,2,78.79
2021,GHS Garton,2,2,4,0,0,50.0
2021,AK Markram,6,146,119,12,4,122.69
2021,SN Khan,2,0,4,0,0,0.0
2021,SS Iyer,8,175,171,7,5,102.34
2021,AR Patel,6,40,46,2,1,86.96
2021,Avesh Khan,1,5,3,1,0,166.67
2021,TG Southee,1,3,5,0,0,60.0
2021,K Yadav,1,0,4,0,0,0.0
2021,RV Uthappa,4,115,84,8,5,136.9
2021,SS Tiwary,4,115,97,10,2,118.56
2021,AF Milne,3,16,17,0,1,94.12
2021,LS Livingstone,5,42,41,3,1,102.44
2021,MK Lomror,4,94,73,3,6,128.77
2021,T Shamsi,1,2,4,0,0,50.0
2021,DL Chahar,1,1,1,0,0,100.0
2021,Mandeep Singh,1,15,14,2,0,107.14
2021,NT Ellis,2,18,16,0,1,112.5
2021,RV Patel,2,25,27,3,0,92.59
2021,TL Seifert,1,2,4,0,0,50.0
2021,Kartik Tyagi,2,2,4,0,0,50.0
2021,Anmolpreet Singh,1,16,14,2,1,114.29
2021,Anuj Rawat,1,0,1,0,0,0.0
2021,TH David,1,1,3,0,0,33.33
2021,LH Ferguson,1,18,11,1,1,163.64
2022,RD Gaikwad,14,368,291,33,14,126.46
2022,RV Uthappa,11,230,171,19,14,134.5
2022,DP Conway,7,252,173,23,12,145.66
2022,AT Rayudu,11,274,224,25,15,122.32
2022,RA Jadeja,10,116,98,6,5,118.37
2022,S Dube,11,289,185,22,16,156.22
2022,MS Dhoni,12,232,188,21,10,123.4
2022,AM Rahane,7,133,128,14,4,103.91
2022,VR Iyer,12,182,169,17,7,107.69
2022,N Rana,14,361,251,29,22,143.82
2022,SS Iyer,14,401,298,41,11,134.56
2022,SW Billings,8,169,138,9,10,122.46
2022,SP Jackson,5,23,26,0,1,88.46
2022,RG Sharma,14,268,223,28,13,120.18
2022,Ishan Kishan,14,418,348,45,11,120.11
2022,Anmolpreet Singh,2,13,13,1,0,100.0
2022,Tilak Varma,14,397,303,29,16,131.02
2022,KA Pollard,11,144,134,6,9,107.46
2022,TH David,8,186,86,12,16,216.28
2022,DR Sams,10,38,36,1,3,105.56
2022,PP Shaw,10,283,185,37,10,152.97
2022,TL Seifert,2,24,19,4,0,126.32
2022,Mandeep Singh,3,18,23,4,0,78.26
2022,RR Pant,13,340,224,35,16,151.79
2022,Lalit Yadav,8,161,146,11,7,110.27
2022,R Powell,12,250,167,10,22,149.7
2022,SN Thakur,10,120,87,7,7,137.93
2022,AR Patel,10,182,120,12,10,151.67
2022,F du Plessis,16,468,367,49,13,127.52
2022,Anuj Rawat,8,129,118,10,7,109.32
2022,V Kohli,16,341,294,32,8,115.99
2022,KD Karthik,16,330,180,27,22,183.33
2022,MA Agarwal,12,196,160,23,6,122.5
2022,S Dhawan,14,460,375,47,12,122.67
2022,PBB Rajapaksa,9,206,129,16,13,159.69
2022,LS Livingstone,14,437,240,29,34,182.08
2022,RA Bawa,2,11,14,1,0,78.57
2022,M Shahrukh Khan,8,117,108,4,9,108.33
2022,OF Smith,6,51,44,1,5,115.91
2022,KL Rahul,14,616,455,45,30,135.38
2022,E Lewis,5,73,56,8,3,130.36
2022,Q de Kock,15,508,341,47,23,148.97
2022,MK Pandey,6,88,80,9,2,110.0
2022,DJ Hooda,14,451,330,36,18,136.67
2022,A Badoni,11,161,130,11,7,123.85
2022,KH Pandya,13,183,145,16,4,126.21
2022,PVD Chameera,7,43,28,3,3,153.57
2022,Shubman Gill,16,483,365,51,11,132.33
2022,V Shankar,4,19,35,1,0,54.29
2022,MS Wade,10,157,138,23,2,113.77
2022,HH Pandya,15,487,371,49,12,131.27
2022,DA Miller,16,481,337,32,23,142.73
2022,R Tewatia,12,217,147,22,9,147.62
2022,A Manohar,7,108,75,14,3,144.0
2022,JC Buttler,17,863,579,84,45,149.05
2022,YBK Jaiswal,10,258,194,28,10,132.99
2022,SV Samson,17,458,312,43,26,146.79
2022,D Padikkal,17,376,306,41,14,122.88
2022,SO Hetmyer,15,314,204,21,21,153.92
2022,R Parag,14,183,132,11,10,138.64
2022,NM Coulter-Nile,1,1,2,0,0,50.0
2022,KS Williamson,12,216,231,16,8,93.51
2022,Abhishek Sharma,14,426,320,47,13,133.12
2022,RA Tripathi,14,413,261,40,20,158.24
2022,N Pooran,13,306,212,16,21,144.34
2022,AK Markram,12,381,274,25,19,139.05
2022,Abdul Samad,2,4,7,0,0,57.14
2022,R Shepherd,3,58,41,2,5,141.46
2022,Washington Sundar,7,101,69,9,3,146.38
2022,B Kumar,6,24,26,3,0,92.31
2022,SP Narine,9,71,40,6,6,177.5
2022,AD Russell,12,335,192,18,32,174.48
2022,TG Southee,5,2,12,0,0,16.67
2022,UT Yadav,7,55,40,4,4,137.5
2022,CV Varun,3,12,18,2,0,66.67
2022,SE Rutherford,2,33,50,1,1,66.0
2022,DJ Willey,2,18,30,3,0,60.0
2022,Shahbaz Ahmed,11,219,181,14,9,120.99
2022,PWH de Silva,7,38,43,4,1,88.37
2022,HV Patel,7,43,39,4,2,110.26
2022,MM Ali,10,244,177,24,11,137.85
2022,D Pretorius,5,44,28,3,3,157.14
2022,DJ Bravo,6,23,24,1,1,95.83
2022,Harpreet Brar,3,22,25,1,2,88.0
2022,RD Chahar,8,77,68,7,4,113.24
2022,K Rabada,7,48,43,5,2,111.63
2022,Arshdeep Singh,6,21,29,3,0,72.41
2022,R Ashwin,12,191,135,14,9,141.48
2022,Navdeep Saini,1,2,2,0,0,100.0
2022,TA Boult,7,40,29,2,1,137.93
2022,M Ashwin,4,12,14,1,1,85.71
2022,JJ Bumrah,4,0,8,0,0,0.0
2022,Rashid Khan,8,91,44,3,9,206.82
2022,Kuldeep Yadav,7,48,52,3,2,92.31
2022,KK Ahmed,2,0,2,0,0,0.0
2022,Mustafizur Rahman,1,3,5,0,0,60.0
2022,JM Sharma,10,234,143,22,12,163.64
2022,VG Arora,4,5,13,0,0,38.46
2022,CJ Jordan,2,11,8,0,0,137.5
2022,Mukesh Choudhary,2,6,6,1,0,100.0
2022,JO Holder,8,58,44,2,6,131.82
2022,Umran Malik,4,4,8,0,0,50.0
2022,D Brevis,7,161,113,14,11,142.48
2022,SA Yadav,8,303,208,23,16,145.67
2022,PJ Cummins,5,63,24,5,6,262.5
2022,DA Warner,12,432,287,52,15,150.52
2022,SN Khan,5,91,67,9,2,135.82
2022,JM Bairstow,11,253,175,34,9,144.57
2022,B Sai Sudharsan,5,145,114,14,3,127.19
2022,Ramandeep Singh,4,45,40,3,1,112.5
2022,JD Unadkat,5,59,37,4,3,159.46
2022,GJ Maxwell,13,301,178,31,15,169.1
2022,Rasikh Salam,1,7,6,1,0,116.67
2022,HE van der Dussen,3,22,24,2,0,91.67
2022,K Gowtham,1,0,1,0,0,0.0
2022,MP Stoinis,10,156,106,7,13,147.17
2022,Avesh Khan,4,22,13,0,3,169.23
2022,SS Prabhudessai,5,67,59,7,2,113.56
2022,Akash Deep,1,0,2,0,0,0.0
2022,Mohammed Siraj,4,30,33,5,0,90.91
2022,JR Hazlewood,5,18,26,1,0,69.23
2022,TS Mills,2,0,3,0,0,0.0
2022,JDS Neesham,2,31,27,3,0,114.81
2022,M Prasidh Krishna,2,6,12,0,0,50.0
2022,YS Chahal,1,5,8,0,0,62.5
2022,KR Sen,1,0,3,0,0,0.0
2022,AJ Finch,5,86,61,10,3,140.98
2022,Aman Hakim Khan,1,5,3,1,0,166.67
2022,FA Allen,1,8,7,1,0,114.29
2022,MR Marsh,8,251,189,19,14,132.8
2022,P Simran Singh,1,14,11,2,0,127.27
2022,WP Saha,11,317,259,40,7,122.39
2022,AS Joseph,3,5,7,0,0,71.43
2022,KK Nair,2,16,18,1,0,88.89
2022,Shivam Mavi,3,3,7,0,0,42.86
2022,Ravi Bishnoi,1,0,1,0,0,0.0
2022,NT Ellis,1,0,2,0,0,0.0
2022,HR Shokeen,2,43,48,5,0,89.58
2022,MJ Santner,4,22,27,3,0,81.48
2022,LH Ferguson,2,5,4,1,0,125.0
2022,Yash Dayal,1,0,1,0,0,0.0
2022,RK Singh,7,174,117,17,7,148.72
2022,DJ Mitchell,2,33,44,1,0,75.0
2022,RM Patidar,7,333,218,27,18,152.75
2022,Shashank Singh,5,69,47,5,4,146.81
2022,M Jansen,2,9,7,0,1,128.57
2022,B Indrajith,3,21,30,2,0,70.0
2022,Harshit Rana,2,2,2,0,0,100.0
2022,Mohsin Khan,3,23,16,2,1,143.75
2022,R Dhawan,4,37,40,4,2,92.5
2022,MK Lomror,5,86,57,7,4,150.88
2022,PJ Sangwan,1,2,5,0,0,40.0
2022,Simarjeet Singh,3,7,8,0,0,87.5
2022,M Theekshana,2,7,7,0,1,100.0
2022,SA Abbott,1,7,5,0,1,140.0
2022,S Gopal,1,9,7,2,0,128.57
2022,Kartik Tyagi,2,7,6,1,0,116.67
2022,AS Roy,1,0,2,0,0,0.0
2022,J Suchith,2,2,8,0,0,25.0
2022,Fazalhaq Farooqi,1,2,8,0,0,25.0
2022,KS Bharat,2,8,7,2,0,114.29
2022,RV Patel,1,6,3,0,1,200.0
2022,A Nortje,1,1,6,0,0,16.67
2022,K Kartikeya,1,3,5,0,0,60.0
2022,RP Meredith,1,0,1,0,0,0.0
2022,KS Sharma,1,4,4,1,0,100.0
2022,T Stubbs,2,2,4,0,0,50.0
2022,N Jagadeesan,2,40,37,3,1,108.11
2022,PK Garg,2,46,33,4,2,139.39
2022,R Sanjay Yadav,1,0,2,0,0,0.0
2022,A Tomar,1,4,8,1,0,50.0
2022,PN Mankad,1,4,1,1,0,400.0
2022,M Vohra,1,19,11,1,2,172.73
2022,OC McCoy,1,8,5,0,1,160.0
2023,DP Conway,15,672,481,77,18,139.71
2023,RD Gaikwad,15,590,400,46,30,147.5
2023,MM Ali,10,124,91,12,6,136.26
2023,BA Stokes,2,15,14,2,0,107.14
2023,AT Rayudu,12,158,113,10,9,139.82
2023,S Dube,14,418,264,12,35,158.33
2023,RA Jadeja,12,190,133,11,9,142.86
2023,MS Dhoni,12,104,57,3,10,182.46
2023,MJ Santner,2,2,4,0,0,50.0
2023,WP Saha,17,371,287,47,8,129.27
2023,Shubman Gill,17,890,564,85,33,157.8
2023,B Sai Sudharsan,8,362,256,33,12,141.41
2023,HH Pandya,15,346,253,26,15,136.76
2023,V Shankar,10,301,188,27,15,160.11
2023,R Tewatia,10,87,57,3,7,152.63
2023,Rashid Khan,9,130,60,8,13,216.67
2023,P Simran Singh,14,358,238,38,19,150.42
2023,S Dhawan,11,373,261,49,12,142.91
2023,PBB Rajapaksa,4,71,62,6,2,114.52
2023,JM Sharma,14,309,198,22,21,156.06
2023,Sikandar Raza,7,139,98,10,6,141.84
2023,SM Curran,13,276,203,20,13,135.96
2023,M Shahrukh Khan,12,156,94,13,9,165.96
2023,Mandeep Singh,3,14,16,0,1,87.5
2023,Rahmanullah Gurbaz,11,227,170,17,15,133.53
2023,AS Roy,4,23,19,3,0,121.05
2023,VR Iyer,14,404,277,32,21,145.85
2023,N Rana,14,413,293,39,20,140.96
2023,RK Singh,14,474,317,31,29,149.53
2023,AD Russell,14,227,156,13,18,145.51
2023,SN Thakur,9,113,70,13,4,161.43
2023,SP Narine,10,21,25,2,1,84.0
2023,KL Rahul,9,274,242,28,4,113.22
2023,KR Mayers,13,379,263,38,22,144.11
2023,DJ Hooda,12,84,90,3,2,93.33
2023,KH Pandya,14,188,165,15,6,113.94
2023,MP Stoinis,15,408,272,28,27,150.0
2023,N Pooran,15,358,207,26,26,172.95
2023,A Badoni,12,238,172,13,12,138.37
2023,K Gowtham,7,61,37,2,5,164.86
2023,PP Shaw,8,106,85,16,1,124.71
2023,DA Warner,14,516,392,69,10,131.63
2023,MR Marsh,9,128,97,11,7,131.96
2023,SN Khan,4,53,62,4,1,85.48
2023,RR Rossouw,9,209,141,17,11,148.23
2023,R Powell,3,7,9,1,0,77.78
2023,Aman Hakim Khan,9,110,101,7,6,108.91
2023,AR Patel,13,283,203,21,15,139.41
2023,Kuldeep Yadav,10,31,48,2,0,64.58
2023,C Sakariya,2,4,6,1,0,66.67
2023,Mukesh Kumar,3,7,9,0,0,77.78
2023,YBK Jaiswal,14,625,382,83,26,163.61
2023,JC Buttler,14,392,282,42,14,139.01
2023,SV Samson,14,362,236,25,24,153.39
2023,D Padikkal,11,261,200,31,6,130.5
2023,R Parag,7,78,66,4,5,118.18
2023,SO Hetmyer,13,299,197,12,23,151.78
2023,R Ashwin,9,67,51,5,3,131.37
2023,Abhishek Sharma,11,226,157,28,6,143.95
2023,RA Tripathi,13,273,213,29,10,128.17
2023,HC Brook,11,190,154,23,4,123.38
2023,MA Agarwal,10,270,210,29,6,128.57
2023,Washington Sundar,5,60,60,6,0,100.0
2023,GD Phillips,5,39,22,2,4,177.27
2023,Abdul Samad,8,169,128,10,11,132.03
2023,AU Rashid,2,22,16,2,1,137.5
2023,B Kumar,5,42,47,4,0,89.36
2023,Umran Malik,1,19,8,1,2,237.5
2023,RG Sharma,16,332,250,35,17,132.8
2023,Ishan Kishan,15,454,318,54,18,142.77
2023,C Green,16,452,282,40,22,160.28
2023,SA Yadav,16,605,334,65,28,181.14
2023,Tilak Varma,11,343,209,26,23,164.11
2023,N Wadhera,10,241,166,23,12,145.18
2023,TH David,15,231,146,12,15,158.22
2023,HR Shokeen,3,23,17,4,0,135.29
2023,Arshad Khan,3,18,15,0,1,120.0
2023,V Kohli,14,639,457,65,16,139.82
2023,F du Plessis,14,730,475,60,36,153.68
2023,KD Karthik,13,140,104,13,5,134.62
2023,GJ Maxwell,14,400,218,29,31,183.49
2023,MA Wood,2,11,5,1,1,220.0
2023,Abishek Porel,4,33,31,1,2,106.45
2023,A Nortje,7,37,29,6,0,127.59
2023,DA Miller,13,259,178,18,13,145.51
2023,Dhruv Jurel,11,152,88,11,9,172.73
2023,JO Holder,3,12,11,0,1,109.09
2023,UT Yadav,5,19,18,1,0,105.56
2023,MG Bracewell,4,58,47,6,1,123.4
2023,HV Patel,2,6,6,0,1,100.0
2023,Shahbaz Ahmed,6,42,39,3,1,107.69
2023,Anuj Rawat,7,91,71,6,4,128.17
2023,DJ Willey,3,35,32,4,0,109.38
2023,KV Sharma,2,3,5,0,0,60.0
2023,Akash Deep,1,17,8,2,1,212.5
2023,Anmolpreet Singh,4,105,82,15,2,128.05
2023,AK Markram,13,248,197,18,8,125.89
2023,R Shepherd,1,0,1,0,0,0.0
2023,MK Pandey,9,160,146,15,3,109.59
2023,Lalit Yadav,6,66,59,8,0,111.86
2023,T Stubbs,2,25,31,2,0,80.65
2023,PP Chawla,4,25,22,1,1,113.64
2023,AM Rahane,11,326,189,24,16,172.49
2023,A Manohar,6,114,83,6,7,137.35
2023,N Jagadeesan,6,89,81,14,1,109.88
2023,MW Short,6,117,92,15,4,127.17
2023,Harpreet Brar,8,52,41,5,2,126.83
2023,RD Chahar,2,0,9,0,0,0.0
2023,NT Ellis,2,1,7,0,0,14.29
2023,Mohit Rathee,1,1,2,0,0,50.0
2023,JD Unadkat,1,9,7,1,0,128.57
2023,Ravi Bishnoi,7,20,27,1,0,74.07
2023,Avesh Khan,1,0,1,0,0,0.0
2023,YV Dhull,3,16,23,1,0,69.57
2023,Mustafizur Rahman,1,1,1,0,0,100.0
2023,A Zampa,3,10,16,0,0,62.5
2023,R Dhawan,2,20,12,1,1,166.67
2023,H Klaasen,11,448,253,32,25,177.08
2023,MK Lomror,10,135,97,9,8,139.18
2023,Yudhvir Singh,2,1,2,0,0,50.0
2023,Atharva Taide,7,186,129,20,6,144.19
2023,Harpreet Singh,3,76,59,8,3,128.81
2023,K Rabada,2,0,2,0,0,0.0
2023,TA Boult,4,16,14,1,1,114.29
2023,SS Prabhudessai,4,35,29,1,2,120.69
2023,WD Parnell,1,2,5,0,0,40.0
2023,PWH de Silva,5,33,28,3,0,117.86
2023,M Jansen,6,39,43,4,0,90.7
2023,M Markande,3,21,13,2,1,161.54
2023,LS Livingstone,9,279,171,20,19,163.16
2023,JJ Roy,8,285,188,36,12,151.6
2023,Liton Das,1,4,4,1,0,100.0
2023,CV Varun,2,1,9,0,0,11.11
2023,PD Salt,9,218,133,24,10,163.91
2023,JC Archer,2,4,4,0,0,100.0
2023,Vijaykumar Vyshak,2,13,9,0,1,144.44
2023,Mohammed Siraj,2,1,2,0,0,50.0
2023,Abdul Basith,1,1,1,0,0,100.0
2023,D Wiese,3,21,11,0,3,190.91
2023,RV Patel,4,49,43,3,1,113.95
2023,I Sharma,1,1,1,0,0,100.0
2023,Arjun Tendulkar,1,13,9,0,1,144.44
2023,JP Behrendorff,2,6,9,0,0,66.67
2023,RP Meredith,1,0,2,0,0,0.0
2023,Arshdeep Singh,1,2,2,0,0,100.0
2023,AJ Hosein,1,16,10,1,1,160.0
2023,PK Garg,2,22,23,1,0,95.65
2023,JR Hazlewood,1,1,2,0,0,50.0
2023,A Mishra,1,19,30,2,0,63.33
2023,Naveen-ul-Haq,3,16,21,2,0,76.19
2023,M Vohra,1,10,11,1,0,90.91
2023,KS Sharma,2,12,21,0,0,57.14
2023,Harshit Rana,1,0,1,0,0,0.0
2023,VG Arora,2,3,2,0,0,150.0
2023,Sandeep Sharma,2,2,6,0,0,33.33
2023,Q de Kock,4,143,102,10,8,140.2
2023,Swapnil Singh,1,2,4,0,0,50.0
2023,KM Jadhav,1,12,10,1,0,120.0
2023,DL Chahar,1,1,2,0,0,50.0
2023,TU Deshpande,1,0,1,0,0,0.0
2023,Vishnu Vinod,3,37,31,2,2,119.35
2023,Noor Ahmad,3,8,9,1,0,88.89
2023,AS Joseph,1,7,12,1,0,58.33
2023,PN Mankad,4,93,72,12,2,129.17
2023,P Dubey,1,16,20,2,0,80.0
2023,JE Root,1,10,15,1,0,66.67
2023,KM Asif,1,0,2,0,0,0.0
2023,MD Shanaka,3,26,26,2,1,100.0
2023,Mohammed Shami,2,5,6,1,0,83.33
2023,MM Sharma,1,0,1,0,0,0.0
2023,Sanvir Singh,2,11,9,1,1,122.22
2023,Fazalhaq Farooqi,1,1,5,0,0,20.0
2023,Vivrant Sharma,1,69,47,9,2,146.81
2023,DG Nalkande,1,0,1,0,0,0.0
2023,CJ Jordan,2,6,12,0,0,50.0
2023,Mohsin Khan,1,0,7,0,0,0.0
2023,K Kartikeya,1,6,7,1,0,85.71
2024,V Kohli,15,741,479,62,38,154.7
2024,F du Plessis,15,438,271,47,21,161.62
2024,RM Patidar,13,395,223,21,33,177.13
2024,GJ Maxwell,9,52,43,6,2,120.93
2024,C Green,12,255,178,22,10,143.26
2024,Anuj Rawat,5,98,77,10,3,127.27
2024,KD Karthik,13,326,174,27,22,187.36
2024,RD Gaikwad,14,583,413,58,18,141.16
2024,R Ravindra,10,222,138,22,12,160.87
2024,AM Rahane,12,242,196,24,7,123.47
2024,DJ Mitchell,13,318,223,27,10,142.6
2024,S Dube,14,396,244,28,28,162.3
2024,RA Jadeja,11,267,187,22,8,142.78
2024,DA Warner,8,168,125,17,10,134.4
2024,MR Marsh,4,61,38,9,3,160.53
2024,SD Hope,9,183,122,12,12,150.0
2024,RR Pant,13,446,287,36,25,155.4
2024,RK Bhui,2,3,9,0,0,33.33
2024,T Stubbs,13,378,198,24,26,190.91
2024,AR Patel,12,235,179,19,10,131.28
2024,Sumit Kumar,3,18,24,2,1,75.0
2024,Abishek Porel,12,327,205,36,13,159.51
2024,Kuldeep Yadav,5,47,41,6,1,114.63
2024,S Dhawan,5,152,121,18,4,125.62
2024,JM Bairstow,11,298,195,33,14,152.82
2024,P Simran Singh,14,334,213,34,20,156.81
2024,SM Curran,12,270,219,24,6,123.29
2024,JM Sharma,12,187,142,9,12,131.69
2024,LS Livingstone,7,111,78,8,7,142.31
2024,Shashank Singh,14,354,215,28,21,164.65
2024,Harpreet Brar,7,75,54,8,2,138.89
2024,PD Salt,12,435,239,50,24,182.01
2024,SP Narine,14,488,270,50,33,180.74
2024,VR Iyer,13,370,233,35,19,158.8
2024,SS Iyer,14,351,239,34,14,146.86
2024,N Rana,2,42,34,5,1,123.53
2024,Ramandeep Singh,9,125,62,5,12,201.61
2024,RK Singh,11,168,113,13,8,148.67
2024,AD Russell,9,222,120,20,16,185.0
2024,MA Starc,5,9,11,1,0,81.82
2024,MA Agarwal,4,64,57,8,1,112.28
2024,Abhishek Sharma,16,484,237,36,42,204.22
2024,RA Tripathi,6,165,115,18,6,143.48
2024,AK Markram,11,220,177,18,4,124.29
2024,H Klaasen,15,479,280,19,38,171.07
2024,Abdul Samad,12,182,108,15,11,168.52
2024,Shahbaz Ahmed,12,215,166,7,13,129.52
2024,M Jansen,2,18,13,1,1,138.46
2024,PJ Cummins,10,136,95,9,8,143.16
2024,YBK Jaiswal,15,435,279,54,16,155.91
2024,JC Buttler,11,359,255,36,12,140.78
2024,SV Samson,15,531,346,48,24,153.47
2024,R Parag,14,573,384,40,33,149.22
2024,SO Hetmyer,9,113,69,9,7,163.77
2024,Dhruv Jurel,11,195,141,18,7,138.3
2024,Q de Kock,11,250,186,29,9,134.41
2024,D Padikkal,7,38,53,3,0,71.7
2024,KL Rahul,14,520,382,45,19,136.13
2024,A Badoni,12,235,171,22,5,137.43
2024,DJ Hooda,9,145,105,16,3,138.1
2024,N Pooran,14,499,280,35,36,178.21
2024,MP Stoinis,14,388,263,39,16,147.53
2024,KH Pandya,11,133,105,8,5,126.67
2024,WP Saha,9,136,115,18,3,118.26
2024,Shubman Gill,12,426,289,37,15,147.4
2024,B Sai Sudharsan,12,527,373,48,17,141.29
2024,Azmatullah Omarzai,4,42,33,2,2,127.27
2024,DA Miller,9,210,139,20,8,151.08
2024,V Shankar,7,83,72,7,2,115.28
2024,R Tewatia,9,188,129,24,5,145.74
2024,Rashid Khan,8,102,71,11,3,143.66
2024,Ishan Kishan,14,320,215,35,16,148.84
2024,Naman Dhir,7,140,79,12,10,177.22
2024,RG Sharma,14,417,278,45,23,150.0
2024,D Brevis,3,69,59,3,5,116.95
2024,Tilak Varma,13,416,278,35,19,149.64
2024,TH David,11,241,152,14,15,158.55
2024,G Coetzee,5,14,22,0,1,63.64
2024,HH Pandya,13,216,151,17,11,143.05
2024,PP Chawla,6,15,15,1,1,100.0
2024,JJ Bumrah,4,12,12,1,0,100.0
2024,SZ Mulani,1,1,1,0,0,100.0
2024,MK Lomror,10,125,68,9,9,183.82
2024,Sameer Rizvi,5,51,43,4,2,118.6
2024,UT Yadav,2,12,15,0,1,80.0
2024,SH Johnson,3,6,7,1,0,85.71
2024,TM Head,15,567,296,64,32,191.55
2024,R Shepherd,5,57,21,5,5,271.43
2024,R Ashwin,8,86,74,5,4,116.22
2024,Ravi Bishnoi,3,4,6,0,0,66.67
2024,Mohsin Khan,1,2,1,0,0,200.0
2024,Washington Sundar,1,0,1,0,0,0.0
2024,PP Shaw,8,198,121,30,5,163.64
2024,MS Dhoni,11,161,73,14,13,220.55
2024,Akash Madhwal,1,4,5,0,0,80.0
2024,SB Dubey,3,33,19,3,2,173.68
2024,Mayank Dagar,1,0,1,0,0,0.0
2024,RJW Topley,1,3,6,0,0,50.0
2024,Mohammed Siraj,1,12,8,0,2,150.0
2024,A Raghuvanshi,7,163,105,16,8,155.24
2024,Rasikh Salam,4,28,30,4,0,93.33
2024,A Nortje,2,4,8,0,0,50.0
2024,I Sharma,2,1,7,0,0,14.29
2024,KS Williamson,2,27,27,4,0,100.0
2024,Sikandar Raza,2,43,38,2,2,113.16
2024,Ashutosh Sharma,9,189,113,10,15,167.26
2024,Nithish Kumar Reddy,11,303,212,15,21,142.92
2024,Saurav Chauhan,3,18,15,1,1,120.0
2024,SA Yadav,11,345,206,36,18,167.48
2024,Lalit Yadav,2,10,12,1,0,83.33
2024,Kumar Kushagra,3,3,7,0,0,42.86
2024,JA Richardson,1,2,2,0,0,100.0
2024,BR Sharath,1,2,5,0,0,40.0
2024,DG Nalkande,1,12,11,0,1,109.09
2024,Noor Ahmad,2,5,9,1,0,55.56
2024,AS Roy,1,3,3,0,0,100.0
2024,VG Arora,1,1,1,0,0,100.0
2024,B Kumar,5,23,29,3,0,79.31
2024,JD Unadkat,5,24,26,2,1,92.31
2024,MS Wade,1,4,6,0,0,66.67
2024,A Manohar,2,9,16,1,0,56.25
2024,M Shahrukh Khan,7,127,75,9,9,169.33
2024,WG Jacks,8,230,131,16,18,175.57
2024,Vijaykumar Vyshak,2,1,3,0,0,33.33
2024,Akash Deep,1,2,2,0,0,100.0
2024,Arshad Khan,3,78,50,5,5,156.0
2024,J Fraser-McGurk,9,330,141,32,28,234.04
2024,Atharva Taide,2,61,39,7,2,156.41
2024,Tanush Kotian,1,24,31,3,0,77.42
2024,R Powell,7,103,68,10,6,151.47
2024,KA Maharaj,1,1,2,0,0,50.0
2024,Arshad Khan (2),1,5,4,1,0,125.0
2024,Mohammad Nabi,5,35,31,2,2,112.9
2024,TA Boult,4,14,16,2,0,87.5
2024,MM Sharma,2,2,15,0,0,13.33
2024,RR Rossouw,8,211,116,25,11,181.9
2024,Harpreet Singh,2,27,34,2,0,79.41
2024,HV Patel,4,13,19,1,1,68.42
2024,K Rabada,3,20,14,0,2,142.86
2024,MM Ali,5,128,98,7,8,130.61
2024,Mukesh Kumar,2,3,9,0,0,33.33
2024,SS Prabhudessai,1,24,18,3,0,133.33
2024,KV Sharma,3,31,15,2,3,206.67
2024,LH Ferguson,1,1,1,0,0,100.0
2024,N Wadhera,6,109,84,9,6,129.76
2024,R Sai Kishore,1,13,6,0,2,216.67
2024,Swapnil Singh,5,37,21,3,3,176.19
2024,L Wood,1,9,3,0,1,300.0
2024,Anmolpreet Singh,2,5,6,1,0,83.33
2024,LB Williams,1,1,2,0,0,50.0
2024,AA Kulkarni,2,9,8,2,0,112.5
2024,AJ Turner,2,21,18,0,2,116.67
2024,MK Pandey,1,42,31,2,2,135.48
2024,MJ Suthar,1,1,2,0,0,50.0
2024,MJ Santner,3,14,17,1,0,82.35
2024,SN Thakur,3,21,17,2,1,123.53
2024,TU Deshpande,1,0,1,0,0,0.0
2024,RJ Gleeson,1,2,2,0,0,100.0
2024,RD Chahar,2,21,15,3,1,140.0
2024,Yudhvir Singh,2,21,14,1,2,150.0
2024,Sanvir Singh,3,14,12,1,0,116.67
2024,Gulbadin Naib,1,19,15,1,1,126.67
2024,D Ferreira,2,8,11,0,0,72.73
2024,Avesh Khan,2,10,5,1,0,200.0
2024,Arshdeep Singh,1,4,3,1,0,133.33
2024,A Kamboj,1,2,2,0,0,100.0
2024,Naveen-ul-Haq,1,2,4,0,0,50.0
2024,T Kohler-Cadmore,3,48,54,7,1,88.89
2024,Shivam Singh,1,2,3,0,0,66.67
2024,V Viyaskanth,1,7,5,0,0,140.0
2024,Rahmanullah Gurbaz,2,62,46,7,4,134.78
2025,Q de Kock,8,152,117,9,11,129.91
2025,AM Rahane,12,390,264,36,20,147.73
2025,SP Narine,12,246,144,25,19,170.83
2025,VR Iyer,7,142,102,15,4,139.22
2025,A Raghuvanshi,11,300,215,30,8,139.53
2025,RK Singh,11,206,134,20,10,153.73
2025,AD Russell,10,167,102,16,14,163.73
2025,Ramandeep Singh,7,47,35,1,4,134.29
2025,Harshit Rana,7,57,53,5,3,107.55
2025,SH Johnson,2,2,4,0,0,50.0
2025,PD Salt,13,403,229,48,22,175.98
2025,V Kohli,15,657,454,66,19,144.71
2025,D Padikkal,10,247,164,22,14,150.61
2025,RM Patidar,14,312,217,25,14,143.78
2025,LS Livingstone,8,112,84,4,9,133.33
2025,Abhishek Sharma,13,439,227,46,28,193.39
2025,TM Head,12,374,230,50,15,162.61
2025,Ishan Kishan,13,354,232,33,15,152.59
2025,Nithish Kumar Reddy,11,182,153,16,4,118.95
2025,H Klaasen,13,487,282,42,25,172.7
2025,Aniket Verma,12,236,142,12,20,166.2
2025,A Manohar,5,61,61,2,4,100.0
2025,PJ Cummins,9,97,58,6,7,167.24
2025,YBK Jaiswal,14,559,350,60,28,159.71
2025,SV Samson,9,285,203,27,13,140.39
2025,R Parag,14,397,238,28,27,166.81
2025,N Rana,11,217,134,27,9,161.94
2025,Dhruv Jurel,13,333,213,22,22,156.34
2025,SB Dubey,8,106,66,6,8,160.61
2025,SO Hetmyer,13,245,168,18,11,145.83
2025,JC Archer,7,63,50,3,4,126.0
2025,RG Sharma,15,418,280,41,22,149.29
2025,WG Jacks,11,233,172,22,11,135.47
2025,RD Rickelton,14,388,257,47,17,150.97
2025,SA Yadav,16,717,427,69,38,167.92
2025,Tilak Varma,13,343,248,23,16,138.31
2025,R Minz,2,6,15,0,0,40.0
2025,Naman Dhir,12,252,138,25,13,182.61
2025,MJ Santner,8,40,33,2,3,121.21
2025,DL Chahar,4,37,25,3,2,148.0
2025,TA Boult,2,2,3,0,0,66.67
2025,PVSN Raju,1,1,1,0,0,100.0
2025,R Ravindra,8,191,149,18,4,128.19
2025,RA Tripathi,5,55,57,6,1,96.49
2025,RD Gaikwad,5,122,81,14,4,150.62
2025,S Dube,14,357,270,22,21,132.22
2025,DJ Hooda,5,31,41,2,1,75.61
2025,SM Curran,5,114,84,11,4,135.71
2025,RA Jadeja,14,301,222,25,10,135.59
2025,MS Dhoni,13,196,145,12,12,135.17
2025,AK Markram,13,445,299,38,22,148.83
2025,MR Marsh,13,627,383,56,37,163.71
2025,N Pooran,14,524,267,45,40,196.25
2025,RR Pant,13,269,202,23,16,133.17
2025,DA Miller,10,153,120,13,4,127.5
2025,A Badoni,11,329,222,27,14,148.2
2025,SN Thakur,5,18,12,3,0,150.0
2025,Shahbaz Ahmed,1,9,8,1,0,112.5
2025,Ravi Bishnoi,2,13,16,0,2,81.25
2025,J Fraser-McGurk,6,55,52,7,2,105.77
2025,F du Plessis,9,202,163,18,8,123.93
2025,Abishek Porel,13,301,205,28,12,146.83
2025,Sameer Rizvi,4,121,79,11,7,153.16
2025,AR Patel,11,263,167,23,15,157.49
2025,T Stubbs,13,306,200,25,12,153.0
2025,Ashutosh Sharma,9,204,127,14,13,160.63
2025,V Nigam,8,142,79,16,8,179.75
2025,MA Starc,5,6,10,0,0,60.0
2025,Kuldeep Yadav,5,18,16,2,0,112.5
2025,MM Sharma,2,1,3,0,0,33.33
2025,Priyansh Arya,18,545,299,60,31,182.27
2025,P Simran Singh,18,599,370,63,30,161.89
2025,SS Iyer,17,604,345,43,39,175.07
2025,Azmatullah Omarzai,5,57,41,6,3,139.02
2025,GJ Maxwell,6,48,49,5,1,97.96
2025,MP Stoinis,11,160,86,8,15,186.05
2025,Shashank Singh,14,350,228,23,18,153.51
2025,B Sai Sudharsan,15,759,486,88,21,156.17
2025,Shubman Gill,15,650,417,62,24,155.88
2025,JC Buttler,13,538,330,52,24,163.03
2025,SE Rutherford,11,291,185,22,18,157.3
2025,R Tewatia,11,99,59,6,7,167.8
2025,Arshad Khan,4,23,19,0,3,121.05
2025,M Shahrukh Khan,11,179,100,11,13,179.0
2025,PWH de Silva,5,9,15,0,0,60.0
2025,M Theekshana,4,10,27,0,0,37.04
2025,TU Deshpande,4,7,8,0,0,87.5
2025,MM Ali,2,5,14,0,0,35.71
2025,HV Patel,4,21,26,0,0,80.77
2025,Mohammed Shami,4,10,10,1,0,100.0
2025,Simarjeet Singh,3,3,7,0,0,42.86
2025,Abdul Samad,12,164,93,8,14,176.34
2025,JM Sharma,11,261,148,24,17,176.35
2025,TH David,9,187,101,16,14,185.15
2025,KH Pandya,7,109,86,9,4,126.74
2025,B Kumar,6,14,25,1,0,56.0
2025,R Ashwin,4,33,30,3,1,110.0
2025,Noor Ahmad,6,7,17,0,0,41.18
2025,K Rabada,2,9,8,0,1,112.5
2025,Rashid Khan,8,40,28,2,3,142.86
2025,R Sai Kishore,3,5,10,0,0,50.0
2025,HH Pandya,12,224,137,18,13,163.5
2025,PWA Mulder,1,9,11,1,0,81.82
2025,KL Rahul,13,546,363,53,21,150.41
2025,K Kartikeya,2,3,5,0,0,60.0
2025,V Shankar,5,118,91,8,3,129.67
2025,J Overton,2,15,7,1,1,214.29
2025,MK Pandey,3,92,65,5,5,141.54
2025,Avesh Khan,4,21,12,3,1,175.0
2025,N Wadhera,15,369,253,28,21,145.85
2025,PHKD Mendis,5,92,69,7,2,133.33
2025,Akash Deep,2,6,2,0,1,300.0
2025,DP Conway,6,156,119,17,4,131.09
2025,Suryansh Shedge,3,7,11,0,0,63.64
2025,M Jansen,8,75,63,3,4,119.05
2025,Arshdeep Singh,2,2,6,0,0,33.33
2025,LH Ferguson,1,4,1,1,0,400.0
2025,Washington Sundar,5,133,80,10,7,166.25
2025,JJ Bumrah,1,0,1,0,0,0.0
2025,Sandeep Sharma,1,6,5,0,0,120.0
2025,A Kamboj,5,14,12,2,0,116.67
2025,KK Nair,8,198,115,24,10,172.17
2025,SK Rasheed,5,71,63,9,2,112.7
2025,JP Inglis,11,278,171,26,16,162.57
2025,XC Bartlett,1,11,15,1,0,73.33
2025,VG Arora,2,0,8,0,0,0.0
2025,MS Bhandage,1,1,4,0,0,25.0
2025,Yash Dayal,3,4,8,0,0,50.0
2025,JR Hazlewood,1,0,1,0,0,0.0
2025,D Ferreira,1,1,3,0,0,33.33
2025,V Suryavanshi,7,252,122,18,24,206.56
2025,A Mhatre,7,240,127,31,11,188.98
2025,Rahmanullah Gurbaz,5,74,53,10,3,139.62
2025,Fazalhaq Farooqi,1,2,2,0,0,100.0
2025,D Brevis,6,225,125,13,17,180.0
2025,KK Ahmed,1,1,2,0,0,50.0
2025,C Bosch,2,47,32,3,3,146.88
2025,Prince Yadav,2,5,10,0,0,50.0
2025,DS Rathi,1,1,3,0,0,33.33
2025,PVD Chameera,3,10,14,0,0,71.43
2025,JG Bethell,2,67,39,9,3,171.79
2025,R Powell,1,5,5,1,0,100.0
2025,AS Roy,1,0,1,0,0,0.0
2025,CV Varun,1,1,1,0,0,100.0
2025,Akash Madhwal,1,4,9,0,0,44.44
2025,R Shepherd,3,70,24,5,7,291.67
2025,KS Rathore,1,0,5,0,0,0.0
2025,KV Sharma,1,1,1,0,0,100.0
2025,G Coetzee,2,17,11,2,1,154.55
2025,Urvil Patel,3,68,32,5,6,212.5
2025,MJ Owen,1,0,2,0,0,0.0
2025,KT Maphaka,1,8,2,2,0,400.0
2025,Atharva Taide,1,13,9,3,0,144.44
2025,M Tiwari,1,3,4,0,0,75.0
2025,Mustafizur Rahman,1,0,1,0,0,0.0
2025,MA Agarwal,4,95,64,10,2,148.44
2025,L Ngidi,1,0,2,0,0,0.0
2025,Mohammed Siraj,1,3,4,0,0,75.0
2025,MP Breetzke,1,14,12,1,1,116.67
2025,Musheer Khan,1,0,3,0,0,0.0
2025,Harpreet Brar,2,11,13,0,1,84.62
2025,KA Jamieson,2,0,5,0,0,0.0
2025,JM Bairstow,2,85,46,7,5,184.78
2025,BKG Mendis,1,20,10,1,2,200.0
2025,RA Bawa,1,8,4,0,0,200.0
2025,Sediqullah Atal,1,22,16,0,2,137.5
2026,TM Head,15,410,241,46,23,170.12
2026,Abhishek Sharma,15,563,275,50,43,204.73
2026,Ishan Kishan,15,602,330,60,32,182.42
2026,Nithish Kumar Reddy,13,302,176,19,21,171.59
2026,H Klaasen,15,624,390,48,31,160.0
2026,S Arora,10,121,77,9,9,157.14
2026,Aniket Verma,8,79,54,6,5,146.3
2026,Harsh Dubey,4,13,9,2,0,144.44
2026,HV Patel,3,10,9,2,0,111.11
2026,DA Payne,1,6,5,0,0,120.0
2026,JD Unadkat,1,4,3,0,0,133.33
2026,PD Salt,6,202,120,16,11,168.33
2026,D Padikkal,15,464,275,49,24,168.73
2026,V Kohli,16,675,407,73,25,165.85
2026,RM Patidar,14,501,260,30,42,192.69
2026,JM Sharma,12,116,95,9,6,122.11
2026,TH David,15,305,162,22,23,188.27
2026,AM Rahane,14,335,248,25,18,135.08
2026,FH Allen,11,349,163,33,28,214.11
2026,C Green,14,322,221,22,17,145.7
2026,A Raghuvanshi,12,422,288,40,19,146.53
2026,RK Singh,11,299,199,28,11,150.25
2026,Ramandeep Singh,6,82,68,8,2,120.59
2026,RD Rickelton,12,448,240,31,38,186.67
2026,RG Sharma,9,283,180,21,21,157.22
2026,SA Yadav,13,270,183,28,10,147.54
2026,Tilak Varma,14,359,246,30,17,145.93
2026,HH Pandya,10,206,149,21,7,138.26
2026,Naman Dhir,14,318,216,31,13,147.22
2026,SV Samson,14,477,288,53,24,165.62
2026,RD Gaikwad,14,337,273,29,12,123.44
2026,A Mhatre,6,201,113,20,12,177.88
2026,SN Khan,7,161,95,23,6,169.47
2026,MW Short,3,60,51,6,1,117.65
2026,Kartik Sharma,11,295,216,24,16,136.57
2026,S Dube,12,270,170,24,15,158.82
2026,J Overton,6,136,86,13,6,158.14
2026,Noor Ahmad,4,11,23,0,1,47.83
2026,MJ Henry,2,7,10,1,0,70.0
2026,A Kamboj,4,58,38,3,4,152.63
2026,YBK Jaiswal,16,427,280,52,18,152.5
2026,V Suryavanshi,16,776,327,63,72,237.31
2026,Dhruv Jurel,16,515,333,47,24,154.65
2026,R Parag,14,309,196,24,21,157.65
2026,B Sai Sudharsan,17,722,457,75,30,157.99
2026,Shubman Gill,16,732,449,74,33,163.03
2026,JC Buttler,17,526,345,51,26,152.46
2026,GD Phillips,5,67,54,4,2,124.07
2026,Washington Sundar,16,377,251,40,12,150.2
2026,M Shahrukh Khan,5,43,33,3,2,130.3
2026,R Tewatia,15,190,132,20,8,143.94
2026,Rashid Khan,6,50,41,4,2,121.95
2026,Priyansh Arya,13,364,172,27,32,211.63
2026,C Connolly,13,491,301,43,32,163.12
2026,P Simran Singh,13,510,302,55,23,168.87
2026,SS Iyer,13,498,295,39,30,168.81
2026,N Wadhera,6,65,57,4,4,114.04
2026,Shashank Singh,9,132,70,11,8,188.57
2026,MP Stoinis,9,216,120,23,11,180.0
2026,M Jansen,5,51,45,1,3,113.33
2026,XC Bartlett,3,29,13,2,2,223.08
2026,MR Marsh,13,563,345,51,36,163.19
2026,RR Pant,13,313,227,30,11,137.89
2026,AK Markram,11,231,168,20,11,137.5
2026,A Badoni,10,215,141,23,9,152.48
2026,N Pooran,14,234,184,11,19,127.17
2026,Abdul Samad,7,116,88,10,5,131.82
2026,MD Choudhary,10,170,120,11,12,141.67
2026,Shahbaz Ahmed,2,58,41,4,3,141.46
2026,Mohammed Shami,7,31,22,2,3,140.91
2026,A Nortje,1,0,1,0,0,0.0
2026,Mohsin Khan,2,0,4,0,0,0.0
2026,KL Rahul,14,593,340,56,31,174.41
2026,N Rana,9,225,149,27,10,151.01
2026,P Nissanka,10,278,175,33,12,158.86
2026,Sameer Rizvi,9,252,171,15,17,147.37
2026,AR Patel,11,173,132,16,6,131.06
2026,T Stubbs,13,275,216,18,9,127.31
2026,Shivang Kumar,6,53,46,6,1,115.22
2026,AS Roy,7,52,39,3,2,133.33
2026,SP Narine,4,40,32,2,4,125.0
2026,Kartik Tyagi,3,11,10,1,1,110.0
2026,VG Arora,2,1,3,0,0,33.33
2026,CV Varun,2,5,6,1,0,83.33
2026,PR Veer,5,90,67,10,3,134.33
2026,SE Rutherford,7,123,75,5,12,164.0
2026,MJ Santner,2,26,19,3,0,136.84
2026,C Bosch,4,50,31,5,2,161.29
2026,DA Miller,10,211,137,15,14,154.01
2026,SO Hetmyer,7,78,69,5,3,113.04
2026,D Ferreira,13,317,177,26,23,179.1
2026,RA Jadeja,11,266,197,24,5,135.03
2026,JC Archer,10,64,47,4,4,136.17
2026,Kumar Kushagra,1,18,14,3,0,128.57
2026,K Rabada,4,47,38,5,2,123.68
2026,Ashok Sharma,2,1,4,0,0,25.0
2026,LS Livingstone,2,15,25,0,1,60.0
2026,SN Thakur,3,24,30,2,0,80.0
2026,DL Chahar,4,25,19,3,1,131.58
2026,TA Boult,2,8,4,0,1,200.0
2026,JJ Bumrah,2,7,7,1,0,100.0
2026,V Nigam,2,15,10,2,0,150.0
2026,Kuldeep Yadav,4,9,21,0,0,42.86
2026,R Powell,7,190,141,16,10,134.75
2026,Avesh Khan,3,6,6,1,0,100.0
2026,KH Pandya,9,226,155,20,11,145.81
2026,R Shepherd,7,83,66,6,5,125.76
2026,VR Iyer,6,209,112,21,13,186.61
2026,B Kumar,4,34,26,3,1,130.77
2026,Ashutosh Sharma,8,171,94,15,12,181.91
2026,Auqib Nabi,2,14,4,2,1,350.0
2026,L Ngidi,3,4,7,0,0,57.14
2026,T Natarajan,1,1,2,0,0,50.0
2026,GF Linde,3,31,21,6,0,147.62
2026,LG Pretorius,2,7,8,0,0,87.5
2026,TU Deshpande,2,26,14,0,3,185.71
2026,Ravi Bishnoi,2,0,3,0,0,0.0
2026,N Burger,3,14,9,0,1,155.56
2026,D Brevis,8,151,118,8,10,127.97
2026,DS Rathi,2,2,5,0,0,40.0
2026,Q de Kock,3,132,81,9,9,162.96
2026,TL Seifert,3,19,18,2,1,105.56
2026,KK Nair,2,18,18,3,0,100.0
2026,PP Hinge,2,3,9,0,0,33.33
2026,Brijesh Sharma,2,2,4,0,0,50.0
2026,Himmat Singh,5,92,69,5,5,133.33
2026,DV Malewar,2,2,5,0,0,40.0
2026,Mohammed Siraj,2,5,16,1,0,31.25
2026,SB Dubey,6,81,58,8,3,139.66
2026,MP Yadav,1,5,5,1,0,100.0
2026,AJ Hosein,2,5,3,0,0,166.67
2026,Krish Bhagat,2,10,21,0,0,47.62
2026,Ashwani Kumar,1,1,6,0,0,16.67
2026,JO Holder,7,65,52,3,3,125.0
2026,JG Bethell,7,96,77,12,3,124.68
2026,Urvil Patel,7,129,64,6,14,201.56
2026,Prince Yadav,1,0,1,0,0,0.0
2026,SU Parakh,4,46,33,5,2,139.39
2026,Abishek Porel,4,108,88,15,1,122.73
2026,KA Jamieson,1,12,13,1,1,92.31
2026,PVD Chameera,1,0,3,0,0,0.0
2026,Suryansh Shedge,7,158,90,9,12,175.56
2026,WG Jacks,7,139,76,12,9,182.89
2026,R Minz,2,6,4,1,0,150.0
2026,JR Hazlewood,1,0,1,0,0,0.0
2026,R Smaran,4,19,25,3,0,76.0
2026,PJ Cummins,3,30,19,1,3,157.89
2026,E Malinga,3,7,17,0,0,41.18
2026,Vijaykumar Vyshak,2,2,4,0,0,50.0
2026,Arshdeep Singh,1,1,1,0,0,100.0
2026,N Sindhu,5,63,50,7,2,126.0
2026,Arshad Khan,2,23,11,1,2,209.09
2026,JP Inglis,5,266,143,32,12,186.01
2026,Akshat Raghuwanshi,2,29,25,1,1,116.0
2026,AA Kulkarni,2,17,25,1,0,68.0
2026,MA Starc,1,0,2,0,0,0.0
2026,MD Shanaka,5,63,46,3,4,136.96
2026,RA Bawa,1,16,14,1,0,114.29
2026,Rasikh Salam,1,3,2,0,0,150.0
2026,M Tiwari,1,18,8,2,1,225.0
2026,Azmatullah Omarzai,2,52,27,3,5,192.59
2026,Vishnu Vinod,1,15,8,1,1,187.5
2026,Harpreet Brar,1,5,3,1,0,166.67
2026,Ravi Singh,1,4,2,1,0,200.0
2026,AF Milne,1,2,2,0,0,100.0
2026,MK Pandey,2,70,49,8,2,142.86
2026,T Dahiya,2,12,15,2,0,80.0
2026,Mukesh Choudhary,1,2,2,0,0,100.0
2026,SH Johnson,1,0,1,0,0,0.0
2026,Arjun Tendulkar,1,5,5,0,0,100.0
2026,AM Ghazanfar,1,2,3,0,0,66.67
2026,SR Dubey,1,4,2,1,0,200.0
2026,M Prasidh Krishna,1,6,7,1,0,85.71
2026,SS Mishra,1,1,3,0,0,33.33
2026,Salil Arora,1,35,21,2,2,166.67
2026,Sakib Hussain,1,5,7,1,0,71.43
2008,SC Ganguly,13,349,307,33,15,113.68
2008,BB McCullum,4,188,92,13,15,204.35
2008,RT Ponting,4,39,53,2,1,73.58
2008,DJ Hussey,13,319,259,19,17,123.17
2008,Mohammad Hafeez,8,64,83,7,2,77.11
2008,R Dravid,14,371,298,35,11,124.5
2008,W Jaffer,6,115,104,12,3,110.58
2008,V Kohli,12,165,157,18,4,105.1
2008,JH Kallis,11,199,183,23,4,108.74
2008,CL White,8,114,102,8,4,111.76
2008,MV Boucher,10,225,177,24,6,127.12
2008,B Akhil,7,46,31,4,3,148.39
2008,AA Noffke,1,9,10,1,0,90.0
2008,P Kumar,12,112,98,10,6,114.29
2008,Z Khan,7,34,43,4,0,79.07
2008,SB Joshi,2,6,14,0,0,42.86
2008,PA Patel,13,302,297,42,3,101.68
2008,ML Hayden,4,189,131,24,6,144.27
2008,MEK Hussey,3,168,100,12,11,168.0
2008,MS Dhoni,14,414,310,38,15,133.55
2008,SK Raina,14,421,295,35,18,142.71
2008,JDP Oram,2,18,12,1,1,150.0
2008,S Badrinath,11,192,130,21,8,147.69
2008,K Goel,6,76,78,7,4,97.44
2008,JR Hopes,11,221,148,27,8,149.32
2008,KC Sangakkara,9,320,198,41,8,161.62
2008,Yuvraj Singh,14,299,184,24,19,162.5
2008,SM Katich,2,96,69,11,2,139.13
2008,IK Pathan,10,131,116,9,6,112.93
2008,T Kohli,2,10,15,0,1,66.67
2008,YK Pathan,15,435,243,43,25,179.01
2008,SR Watson,15,472,311,47,19,151.77
2008,M Kaif,14,176,171,14,6,102.92
2008,DS Lehmann,2,18,18,3,0,100.0
2008,RA Jadeja,9,135,103,11,6,131.07
2008,M Rawat,7,34,39,3,1,87.18
2008,D Salunkhe,3,33,24,5,0,137.5
2008,SK Warne,7,70,59,7,2,118.64
2008,SK Trivedi,3,5,12,0,0,41.67
2008,G Gambhir,14,534,379,68,8,140.9
2008,V Sehwag,14,406,220,46,21,184.55
2008,S Dhawan,14,340,295,35,8,115.25
2008,L Ronchi,4,34,32,6,1,106.25
2008,ST Jayasuriya,14,514,309,57,31,166.34
2008,DJ Thornely,4,39,53,2,2,73.58
2008,RV Uthappa,14,320,279,34,9,114.7
2008,PR Shah,4,34,35,4,0,97.14
2008,AM Nayar,10,206,138,16,9,149.28
2008,SM Pollock,8,147,111,12,8,132.43
2008,Harbhajan Singh,3,30,17,1,3,176.47
2008,S Chanderpaul,3,25,31,4,0,80.65
2008,LRPL Taylor,4,149,81,13,10,183.95
2008,AC Gilchrist,14,436,318,51,19,137.11
2008,Y Venugopal Rao,10,288,210,22,15,137.14
2008,VVS Laxman,6,155,132,22,1,117.42
2008,A Symonds,3,161,105,15,9,153.33
2008,RG Sharma,12,404,273,38,19,147.99
2008,SB Styris,8,112,123,9,2,91.06
2008,AS Yadav,6,49,39,5,2,125.64
2008,SB Bangar,6,47,49,1,3,95.92
2008,WPUJC Vaas,4,21,18,0,1,116.67
2008,RP Singh,9,27,24,2,1,112.5
2008,WP Saha,10,159,119,12,7,133.61
2008,LR Shukla,12,163,122,17,5,133.61
2008,DPMD Jayawardene,12,179,131,15,7,136.64
2008,S Sohal,2,4,8,0,0,50.0
2008,B Lee,3,17,13,2,1,130.77
2008,PP Chawla,7,90,59,10,3,152.54
2008,WA Mota,2,26,27,2,0,96.3
2008,Kamran Akmal,6,128,78,13,8,164.1
2008,Shahid Afridi,9,81,46,7,6,176.09
2008,DJ Bravo,7,178,134,19,5,132.84
2008,MA Khote,3,24,22,2,1,109.09
2008,A Nehra,3,3,13,0,0,23.08
2008,GC Smith,11,441,362,54,8,121.82
2008,Pankaj Singh,2,5,8,0,0,62.5
2008,RR Sarwan,4,73,75,6,1,97.33
2008,S Sreesanth,2,0,3,0,0,0.0
2008,VRV Singh,2,4,3,1,0,133.33
2008,SS Tiwary,2,26,20,3,1,130.0
2008,DS Kulkarni,1,2,16,0,0,12.5
2008,R Vinay Kumar,4,25,22,2,1,113.64
2008,AB Agarkar,6,54,46,5,2,117.39
2008,M Kartik,3,30,27,3,0,111.11
2008,I Sharma,5,11,11,1,0,100.0
2008,AM Rahane,2,4,17,1,0,23.53
2008,Shoaib Malik,5,52,47,5,0,110.64
2008,MK Tiwary,7,104,85,16,0,122.35
2008,KD Karthik,8,145,107,13,4,135.51
2008,R Bhatia,3,34,28,2,2,121.43
2008,MF Maharoof,8,125,79,10,7,158.23
2008,VY Mahesh,5,15,27,0,0,55.56
2008,TM Srivastava,2,8,10,0,0,80.0
2008,B Chipli,3,20,28,3,0,71.43
2008,DW Steyn,2,2,5,0,0,40.0
2008,DB Das,6,103,94,9,5,109.57
2008,MK Pandey,2,3,9,0,0,33.33
2008,HH Gibbs,9,167,153,17,8,109.15
2008,DNT Zoysa,2,11,9,1,0,122.22
2008,D Kalyankrishna,1,3,8,0,0,37.5
2008,SE Marsh,11,616,441,59,26,139.68
2008,SA Asnodkar,9,311,233,43,6,133.48
2008,Sohail Tanvir,5,36,29,3,1,124.14
2008,Salman Butt,7,193,161,30,2,119.88
2008,BJ Hodge,3,12,17,2,0,70.59
2008,Umar Gul,4,39,19,1,5,205.26
2008,AB Dinda,2,2,4,0,0,50.0
2008,SP Fleming,10,196,165,27,3,118.79
2008,S Vidyut,8,145,109,21,3,133.03
2008,JA Morkel,10,241,163,18,14,147.85
2008,AB de Villiers,6,95,98,5,1,96.94
2008,LPC Silva,3,40,26,5,1,153.85
2008,DB Ravi Teja,6,109,82,10,5,132.93
2008,Misbah-ul-Haq,8,117,81,10,6,144.44
2008,YV Takawale,4,70,65,7,2,107.69
2008,RR Raje,3,8,9,1,0,88.89
2008,PJ Sangwan,2,2,5,0,0,40.0
2008,Mohammad Asif,2,3,6,0,0,50.0
2008,GD McGrath,2,4,5,1,0,80.0
2008,Joginder Sharma,2,16,11,1,1,145.45
2008,MS Gony,5,35,23,2,3,152.17
2008,M Muralitharan,1,0,3,0,0,0.0
2008,M Ntini,2,11,18,2,0,61.11
2008,DT Patil,2,13,13,1,0,100.0
2008,A Kumble,4,13,17,1,0,76.47
2008,S Anirudha,1,1,7,0,0,14.29
2008,MM Patel,1,0,1,0,0,0.0
2008,CK Kapugedera,3,16,23,0,0,69.57
2008,A Chopra,5,42,52,5,0,80.77
2008,T Taibu,3,31,26,3,0,119.23
2008,J Arunkumar,3,23,23,5,0,100.0
2008,PP Ojha,3,2,4,0,0,50.0
2008,SP Goswami,3,82,85,9,1,96.47
2008,SR Tendulkar,7,188,177,26,2,106.21
2008,U Kaul,1,0,1,0,0,0.0
2008,TM Dilshan,7,104,79,14,3,131.65
2008,A Mishra,3,37,42,3,0,88.1
2008,AD Mascarenhas,1,9,8,0,1,112.5
2008,NK Patel,4,103,81,13,1,127.16
2008,LA Pomersbach,5,152,99,13,9,153.54
2008,Iqbal Abdulla,1,1,2,0,0,50.0
2008,Younis Khan,1,3,7,0,0,42.86
2008,PM Sarvesh Kumar,1,1,2,0,0,50.0
2008,DP Vijaykumar,1,1,1,0,0,100.0
2008,Shoaib Akhtar,1,2,7,0,0,28.57
2008,Abdur Razzak,1,0,2,0,0,0.0
2008,H Das,1,2,5,0,0,40.0
2008,DR Smith,3,45,40,5,1,112.5
2008,SD Chitnis,2,18,10,1,1,180.0
2008,CRD Fernando,1,2,1,0,0,200.0
2008,VS Yeligati,1,2,2,0,0,100.0
2008,L Balaji,1,0,4,0,0,0.0
2008,A Mukund,1,0,1,0,0,0.0
2008,RR Powar,1,28,21,4,1,133.33
2009,ST Jayasuriya,12,221,192,23,7,115.1
2009,SR Tendulkar,13,364,303,39,10,120.13
2009,S Dhawan,4,40,45,3,0,88.89
2009,JP Duminy,12,372,325,26,11,114.46
2009,DJ Bravo,10,218,203,15,8,107.39
2009,AM Nayar,11,193,152,14,7,126.97
2009,Harbhajan Singh,10,84,53,6,5,158.49
2009,Z Khan,3,8,11,0,0,72.73
2009,PA Patel,9,142,126,19,2,112.7
2009,SK Raina,14,434,308,37,21,140.91
2009,ML Hayden,12,572,395,60,22,144.81
2009,A Flintoff,3,62,53,5,2,116.98
2009,MS Dhoni,13,332,261,22,9,127.2
2009,JDP Oram,8,88,93,5,4,94.62
2009,S Badrinath,11,177,164,20,4,107.93
2009,Joginder Sharma,2,20,18,0,1,111.11
2009,T Thushara,2,2,7,0,0,28.57
2009,JD Ryder,5,56,49,9,0,114.29
2009,LRPL Taylor,11,280,208,20,15,134.62
2009,KP Pietersen,6,93,85,8,2,109.41
2009,RV Uthappa,13,175,170,18,3,102.94
2009,R Dravid,12,271,234,28,3,115.81
2009,V Kohli,13,246,219,22,8,112.33
2009,B Akhil,3,17,15,1,1,113.33
2009,P Kumar,8,65,46,1,6,141.3
2009,R Vinay Kumar,7,47,44,4,1,106.82
2009,GC Smith,12,212,216,27,1,98.15
2009,SA Asnodkar,8,98,93,11,4,105.38
2009,NK Patel,2,18,38,1,0,47.37
2009,T Henderson,2,11,16,0,1,68.75
2009,YK Pathan,13,261,187,25,14,139.57
2009,AD Mascarenhas,4,39,39,4,0,100.0
2009,RA Jadeja,13,295,266,21,6,110.9
2009,SK Warne,10,108,116,6,4,93.1
2009,M Rawat,3,16,19,1,0,84.21
2009,MM Patel,5,33,26,5,0,126.92
2009,Kamran Khan,1,3,5,0,0,60.0
2009,RS Bopara,5,138,119,8,7,115.97
2009,K Goel,8,124,133,9,4,93.23
2009,KC Sangakkara,13,332,324,29,5,102.47
2009,Yuvraj Singh,14,340,294,25,16,115.65
2009,DPMD Jayawardene,10,219,165,17,7,132.73
2009,IK Pathan,12,196,158,17,6,124.05
2009,G Gambhir,15,286,278,32,2,102.88
2009,V Sehwag,11,198,138,24,7,143.48
2009,BB McCullum,13,286,240,27,12,119.17
2009,CH Gayle,7,184,148,18,10,124.32
2009,SC Ganguly,11,189,207,13,6,91.3
2009,BJ Hodge,12,365,310,34,9,117.74
2009,A Chopra,1,11,19,2,0,57.89
2009,LR Shukla,6,83,85,5,3,97.65
2009,MC Henriques,3,38,40,2,1,95.0
2009,AB Agarkar,5,66,57,3,3,115.79
2009,M Kartik,2,21,20,0,0,105.0
2009,I Sharma,3,16,13,1,1,123.08
2009,AB Dinda,2,2,3,0,0,66.67
2009,AC Gilchrist,16,495,325,54,29,152.31
2009,HH Gibbs,14,371,331,32,12,112.08
2009,VVS Laxman,5,19,33,1,1,57.58
2009,RG Sharma,16,362,315,22,18,114.92
2009,JA Morkel,10,97,70,8,4,138.57
2009,JH Kallis,15,361,332,37,8,108.73
2009,R Bishnoi,3,19,17,1,2,111.76
2009,DW Steyn,1,0,3,0,0,0.0
2009,A Kumble,6,16,19,2,0,84.21
2009,T Kohli,1,1,4,0,0,25.0
2009,PP Chawla,8,31,36,3,0,86.11
2009,SB Styris,1,14,8,0,1,175.0
2009,Y Venugopal Rao,12,124,114,6,3,108.77
2009,DB Ravi Teja,6,65,70,7,0,92.86
2009,FH Edwards,2,4,5,0,0,80.0
2009,KV Sharma,1,1,3,0,0,33.33
2009,AB de Villiers,13,465,355,39,12,130.99
2009,TM Dilshan,13,418,341,42,13,122.58
2009,KD Karthik,13,288,217,20,9,132.72
2009,MK Tiwary,1,9,13,1,0,69.23
2009,MS Gony,2,13,7,0,2,185.71
2009,M Muralitharan,4,8,8,1,0,100.0
2009,PC Valthaty,2,6,12,1,0,50.0
2009,RJ Quiney,7,103,102,12,3,100.98
2009,AS Raut,7,78,61,5,3,127.87
2009,SB Bangar,1,2,9,0,0,22.22
2009,Yashpal Singh,4,47,66,5,0,71.21
2009,Pankaj Singh,2,1,2,0,0,50.0
2009,DR Smith,8,215,132,12,15,162.88
2009,RP Singh,5,8,17,0,0,47.06
2009,PP Ojha,4,1,7,0,0,14.29
2009,PR Shah,4,53,51,4,2,103.92
2009,MV Boucher,9,150,116,8,6,129.31
2009,M Manhas,6,75,62,7,1,120.97
2009,WA Mota,6,30,48,0,0,62.5
2009,AA Bilakhia,6,67,81,5,0,82.72
2009,SS Tiwary,3,13,12,0,0,108.33
2009,AN Ghosh,2,7,8,1,0,87.5
2009,BAW Mendis,1,0,1,0,0,0.0
2009,DL Vettori,3,34,32,3,0,106.25
2009,A Mishra,5,26,20,2,2,130.0
2009,PJ Sangwan,4,6,10,0,0,60.0
2009,MN van Wyk,5,167,132,19,1,126.52
2009,WP Saha,7,72,41,3,4,175.61
2009,SP Goswami,2,53,60,6,0,88.33
2009,RE van der Merwe,8,122,98,8,8,124.49
2009,MK Pandey,4,168,118,17,4,142.37
2009,RR Powar,3,23,22,2,0,104.55
2009,TL Suman,12,237,190,18,8,124.74
2009,Shoaib Ahmed,3,1,6,0,0,16.67
2009,SK Trivedi,3,9,18,0,0,50.0
2009,GR Napier,1,15,16,1,0,93.75
2009,AM Rahane,7,144,123,12,3,117.07
2009,KP Appanna,1,0,1,0,0,0.0
2009,SM Katich,9,145,117,15,6,123.93
2009,TM Srivastava,1,0,1,0,0,0.0
2009,LA Carseldine,5,81,68,11,0,119.12
2009,NV Ojha,8,168,144,11,11,116.67
2009,SM Harwood,2,9,14,0,0,64.29
2009,M Vijay,4,60,67,4,2,89.55
2009,SB Jakati,2,20,15,3,0,133.33
2009,L Balaji,3,4,10,0,0,40.0
2009,DA Warner,7,163,132,16,5,123.48
2009,R Bhatia,5,8,18,1,0,44.44
2009,S Sohal,8,115,93,9,8,123.66
2009,W Jaffer,2,15,17,2,0,88.24
2009,RJ Harris,5,21,18,0,0,116.67
2009,S Sreesanth,2,5,18,1,0,27.78
2009,RR Raje,2,12,9,0,1,133.33
2009,DS Kulkarni,3,9,17,0,0,52.94
2009,D du Preez,1,10,13,0,0,76.92
2009,L Ronchi,1,0,2,0,0,0.0
2009,A Symonds,8,249,166,15,11,150.0
2009,B Lee,4,28,34,2,1,82.35
2009,WPUJC Vaas,2,30,21,1,1,142.86
2009,M Morkel,1,8,8,1,0,100.0
2009,DJ Hussey,4,98,59,7,6,166.1
2009,AD Mathews,1,16,13,2,0,123.08
2009,LA Pomersbach,4,41,49,3,1,83.67
2009,SD Chitnis,1,6,8,1,0,75.0
2009,J Botha,3,47,40,5,0,117.5
2009,YV Takawale,1,18,22,2,0,81.82
2009,C Nanda,1,0,1,0,0,0.0
2009,SL Malinga,1,0,1,0,0,0.0
2009,MF Maharoof,2,21,21,0,0,100.0
2009,A Nehra,1,1,1,0,0,100.0
2009,Mashrafe Mortaza,1,2,2,0,0,100.0
2009,A Singh,2,1,3,0,0,33.33
2009,GJ Bailey,2,45,39,7,0,115.38
2009,AB McDonald,1,3,4,0,0,75.0
2009,Y Nagar,1,20,20,1,0,100.0
2009,SS Shaikh,1,6,7,1,0,85.71
2009,R Ashwin,1,8,15,1,0,53.33
2009,Mohammad Ashraful,1,2,10,0,0,20.0
2010,MK Tiwary,11,237,186,23,5,127.42
2010,SC Ganguly,14,493,419,58,15,117.66
2010,CA Pujara,6,122,115,14,3,106.09
2010,BJ Hodge,4,99,90,11,1,110.0
2010,OA Shah,5,115,95,7,5,121.05
2010,AD Mathews,10,233,184,18,8,126.63
2010,AC Gilchrist,16,289,185,31,16,156.22
2010,VVS Laxman,6,64,60,7,1,106.67
2010,HH Gibbs,10,267,235,26,9,113.62
2010,A Symonds,16,429,341,35,18,125.81
2010,RG Sharma,16,404,302,36,14,133.77
2010,Anirudh Singh,4,63,66,6,1,95.45
2010,TL Suman,14,307,257,23,12,119.46
2010,WPUJC Vaas,5,30,34,1,1,88.24
2010,Jaskaran Singh,4,8,11,0,0,72.73
2010,ST Jayasuriya,4,33,31,4,1,106.45
2010,SR Tendulkar,15,618,466,86,3,132.62
2010,AP Tare,4,50,36,5,3,138.89
2010,SS Tiwary,15,419,309,29,18,135.6
2010,AT Rayudu,14,356,246,34,13,144.72
2010,R Sathish,10,112,96,11,0,116.67
2010,Harbhajan Singh,7,105,63,12,5,166.67
2010,R McLaren,7,66,69,7,0,95.65
2010,GC Smith,2,44,39,7,0,112.82
2010,NV Ojha,14,377,285,42,15,132.28
2010,AA Jhunjhunwala,10,183,166,16,4,110.24
2010,YK Pathan,14,333,201,22,24,165.67
2010,P Dogra,8,107,106,4,5,100.94
2010,AD Mascarenhas,2,12,10,0,0,120.0
2010,A Uniyal,2,4,7,0,0,57.14
2010,SK Warne,6,10,19,0,0,52.63
2010,RS Bopara,9,248,214,25,3,115.89
2010,MS Bisla,10,218,178,27,6,122.47
2010,KC Sangakkara,12,357,257,47,5,138.91
2010,Yuvraj Singh,14,259,201,21,14,128.86
2010,DPMD Jayawardene,13,445,300,55,12,148.33
2010,IK Pathan,13,276,186,21,10,148.39
2010,M Kaif,3,28,30,2,0,93.33
2010,PP Chawla,6,62,60,7,0,103.33
2010,RR Powar,2,5,8,0,0,62.5
2010,S Sreesanth,3,27,21,5,0,128.57
2010,YA Abdulla,1,0,1,0,0,0.0
2010,G Gambhir,10,277,217,32,2,127.65
2010,V Sehwag,14,356,218,47,14,163.3
2010,TM Dilshan,6,44,53,6,0,83.02
2010,AB de Villiers,7,111,119,7,0,93.28
2010,KD Karthik,14,278,237,26,6,117.3
2010,M Manhas,8,157,149,14,0,105.37
2010,MF Maharoof,4,31,23,2,2,134.78
2010,JH Kallis,16,572,494,67,9,115.79
2010,SP Goswami,1,8,10,2,0,80.0
2010,MK Pandey,13,249,226,27,7,110.18
2010,V Kohli,13,307,212,26,12,144.81
2010,EJG Morgan,4,35,30,2,1,116.67
2010,R Dravid,11,256,199,34,3,128.64
2010,RV Uthappa,14,374,218,21,27,171.56
2010,RE van der Merwe,1,1,2,0,0,50.0
2010,P Kumar,3,4,8,0,0,50.0
2010,M Vijay,15,458,292,36,26,156.85
2010,ML Hayden,16,346,280,37,16,123.57
2010,SK Raina,16,528,367,45,23,143.87
2010,S Badrinath,15,356,303,41,5,117.49
2010,JM Kemp,2,26,24,1,1,108.33
2010,MS Dhoni,11,287,210,26,8,136.67
2010,JA Morkel,11,199,132,10,13,150.76
2010,R Ashwin,6,30,40,2,0,75.0
2010,L Balaji,3,18,20,1,1,90.0
2010,M Muralitharan,1,1,2,0,0,50.0
2010,S Tyagi,1,3,4,0,0,75.0
2010,SA Asnodkar,1,5,4,1,0,125.0
2010,WP Saha,6,67,53,9,1,126.42
2010,LR Shukla,2,36,26,3,2,138.46
2010,RS Gavaskar,1,2,8,0,0,25.0
2010,SE Bond,1,1,2,0,0,50.0
2010,M Kartik,2,22,22,2,0,100.0
2010,I Sharma,2,6,17,0,0,35.29
2010,KA Pollard,14,273,147,23,17,185.71
2010,DJ Bravo,8,61,53,3,4,115.09
2010,A Mishra,7,39,51,1,0,76.47
2010,PJ Sangwan,2,10,14,0,0,71.43
2010,S Ladda,2,0,9,0,0,0.0
2010,DP Nannes,2,4,13,0,0,30.77
2010,MJ Lumb,11,278,192,45,6,144.79
2010,DR Martyn,1,19,24,1,0,79.17
2010,S Narwal,3,14,12,2,0,116.67
2010,M Morkel,2,9,16,1,0,56.25
2010,MM Patel,2,4,5,0,0,80.0
2010,SK Trivedi,4,20,14,3,1,142.86
2010,DA Warner,11,282,191,27,14,147.64
2010,R Bhatia,3,24,17,1,2,141.18
2010,PA Patel,4,72,79,6,2,91.14
2010,RP Singh,5,9,19,0,0,47.37
2010,AB Barath,3,42,42,5,1,100.0
2010,Bipul Sharma,2,9,7,1,0,128.57
2010,FY Fazal,9,164,154,19,1,106.49
2010,AC Voges,7,181,143,15,3,126.57
2010,Z Khan,3,24,13,3,1,184.62
2010,MD Mishra,11,166,144,18,6,115.28
2010,Y Venugopal Rao,4,34,43,3,1,79.07
2010,MC Henriques,1,11,5,2,0,220.0
2010,Y Nagar,1,1,6,0,0,16.67
2010,UT Yadav,1,3,4,0,0,75.0
2010,J Theron,2,2,5,0,0,40.0
2010,MS Gony,1,2,6,0,0,33.33
2010,CH Gayle,9,292,184,30,16,158.7
2010,S Dhawan,10,191,170,23,3,112.35
2010,MV Boucher,2,13,10,0,1,130.0
2010,GJ Bailey,1,18,27,2,0,66.67
2010,SJ Srivastava,2,1,2,0,0,50.0
2010,R Sharma,4,29,26,3,1,111.54
2010,Mandeep Singh,2,4,11,1,0,36.36
2010,DJ Hussey,6,94,86,5,5,109.3
2010,K Goel,2,18,20,1,1,90.0
2010,B Lee,3,11,9,1,0,122.22
2010,KM Jadhav,5,76,56,7,2,135.71
2010,AB McDonald,3,65,52,3,2,125.0
2010,R Vinay Kumar,5,27,32,1,0,84.38
2010,DW Steyn,4,13,17,2,0,76.47
2010,A Kumble,5,6,11,0,0,54.55
2010,SW Tait,2,12,13,0,1,92.31
2010,KB Arun Karthik,1,3,5,0,0,60.0
2010,T Thushara,2,10,11,0,0,90.91
2010,KAJ Roach,1,10,9,1,0,111.11
2010,PD Collingwood,7,203,156,9,13,130.13
2010,AB Agarkar,4,40,29,4,0,137.93
2010,CK Langeveldt,1,0,1,0,0,0.0
2010,SE Marsh,4,147,114,14,6,128.95
2010,VS Malik,1,6,5,1,0,120.0
2010,KP Pietersen,7,236,157,23,8,150.32
2010,CL White,5,48,33,3,3,145.45
2010,SR Watson,5,185,114,18,9,162.28
2010,AS Raut,5,56,48,3,3,116.67
2010,RJ Harris,5,45,39,2,2,115.38
2010,PP Ojha,3,3,8,0,0,37.5
2010,DL Vettori,3,33,27,4,0,122.22
2010,LRPL Taylor,7,88,75,2,6,117.33
2010,A Mithun,1,5,4,1,0,125.0
2010,KP Appanna,2,2,3,0,0,66.67
2010,AP Dole,2,34,22,3,1,154.55
2010,DR Smith,3,22,25,1,1,88.0
2010,AA Bilakhia,1,2,4,0,0,50.0
2010,MEK Hussey,3,37,44,2,0,84.09
2010,AN Ahmed,1,4,7,0,0,57.14
2010,BB McCullum,5,114,110,14,2,103.64
2010,JP Duminy,7,157,131,13,5,119.85
2010,RS Sodhi,1,4,2,1,0,200.0
2010,DE Bollinger,2,18,17,1,1,105.88
2010,AB Dinda,1,0,1,0,0,0.0
2010,BAW Mendis,1,1,1,0,0,100.0
2010,S Sriram,1,27,29,3,0,93.1
2010,A Nehra,2,23,20,2,1,115.0
2010,B Sumanth,4,35,37,3,0,94.59
2010,C Madan,1,15,19,3,0,78.95
2010,Iqbal Abdulla,1,0,1,0,0,0.0
2010,AG Paunikar,1,0,1,0,0,0.0
2010,MR Marsh,2,28,30,1,1,93.33
2010,AM Nayar,3,58,51,4,2,113.73
2010,Pankaj Singh,1,1,2,0,0,50.0
2010,AJ Finch,1,21,21,0,1,100.0
2010,STR Binny,1,8,5,1,0,160.0
2010,S Anirudha,2,30,18,2,2,166.67
2010,Harmeet Singh,1,0,1,0,0,0.0
2010,CRD Fernando,1,2,2,0,0,100.0
2010,SL Malinga,1,1,1,0,0,100.0
2011,S Anirudha,5,83,74,6,3,112.16
2011,M Vijay,16,434,339,34,20,128.02
2011,SK Raina,16,438,325,36,17,134.77
2011,MS Dhoni,13,392,247,25,23,158.7
2011,JA Morkel,12,138,102,8,8,135.29
2011,SB Styris,1,5,2,1,0,250.0
2011,MS Bisla,5,72,89,8,0,80.9
2011,JH Kallis,14,424,378,46,6,112.17
2011,YK Pathan,11,283,201,24,13,140.8
2011,MK Tiwary,13,359,325,26,14,110.46
2011,EJG Morgan,9,137,117,17,3,117.09
2011,G Gambhir,15,378,317,44,3,119.24
2011,LR Shukla,1,14,10,2,0,140.0
2011,Iqbal Abdulla,2,15,12,1,0,125.0
2011,R Bhatia,6,25,22,3,0,113.64
2011,S Dhawan,14,400,310,47,7,129.03
2011,IR Jaggi,2,28,37,3,0,75.68
2011,KC Sangakkara,13,358,293,44,5,122.18
2011,B Chipli,13,207,170,21,4,121.76
2011,JP Duminy,10,205,174,9,8,117.82
2011,DT Christian,13,190,159,9,7,119.5
2011,DB Ravi Teja,9,183,144,17,4,127.08
2011,DW Steyn,5,36,35,3,0,102.86
2011,A Mishra,9,68,49,9,1,138.78
2011,I Sharma,4,4,5,0,0,80.0
2011,AG Paunikar,4,49,57,9,0,85.96
2011,R Dravid,12,343,314,45,2,109.24
2011,J Botha,9,230,198,20,2,116.16
2011,LRPL Taylor,11,181,152,11,7,119.08
2011,BB McCullum,13,357,275,35,16,129.82
2011,VVS Laxman,3,44,42,3,2,104.76
2011,DPMD Jayawardene,13,299,257,35,5,116.34
2011,BJ Hodge,14,285,236,26,9,120.76
2011,RA Jadeja,12,283,228,20,14,124.12
2011,RV Gomez,8,46,50,4,1,92.0
2011,PA Patel,13,202,183,25,2,110.38
2011,MA Agarwal,7,141,120,16,4,117.5
2011,TM Dilshan,10,226,180,33,3,125.56
2011,V Kohli,16,557,460,55,16,121.09
2011,AB de Villiers,13,312,243,21,14,128.4
2011,SS Tiwary,13,187,188,13,5,99.47
2011,AUK Pathan,5,33,16,5,2,206.25
2011,DA Warner,13,324,276,34,11,117.39
2011,V Sehwag,11,424,240,51,18,176.67
2011,UBT Chand,2,2,12,0,0,16.67
2011,AJ Finch,6,47,46,3,3,102.17
2011,NV Ojha,14,160,161,11,11,99.38
2011,Y Venugopal Rao,14,336,280,30,13,120.0
2011,IK Pathan,12,150,138,12,6,108.7
2011,RE van der Merwe,4,14,16,1,0,87.5
2011,M Morkel,5,40,25,3,2,160.0
2011,UT Yadav,2,1,5,0,0,20.0
2011,AB Dinda,1,0,5,0,0,0.0
2011,DJ Jacobs,6,92,88,10,4,104.55
2011,SR Tendulkar,16,553,488,67,5,113.32
2011,AT Rayudu,16,395,350,44,9,112.86
2011,RG Sharma,13,372,297,32,13,125.25
2011,AC Gilchrist,14,383,295,41,18,129.83
2011,SE Marsh,13,504,344,52,20,146.51
2011,PC Valthaty,14,463,338,56,20,136.98
2011,KD Karthik,13,282,220,32,7,128.18
2011,AM Nayar,9,61,67,9,0,91.04
2011,Sunny Singh,5,43,31,6,1,138.71
2011,R McLaren,4,90,96,7,1,93.75
2011,PP Chawla,6,48,55,2,2,87.27
2011,P Kumar,7,27,31,2,1,87.1
2011,NJ Rimmington,1,1,1,0,0,100.0
2011,GC Smith,4,42,51,6,0,82.35
2011,M Manhas,10,114,123,8,4,92.68
2011,JD Ryder,13,292,197,37,11,148.22
2011,RV Uthappa,13,264,209,27,10,126.32
2011,Yuvraj Singh,13,343,261,24,18,131.42
2011,AL Menaria,10,180,152,10,10,118.42
2011,AM Rahane,7,120,98,12,2,122.45
2011,S Badrinath,12,396,313,38,9,126.52
2011,R Vinay Kumar,7,50,47,4,1,106.38
2011,S Sreesanth,3,1,9,0,0,11.11
2011,RP Singh,4,2,4,0,0,50.0
2011,MD Mishra,5,67,60,5,2,111.67
2011,WD Parnell,5,37,39,2,1,94.87
2011,R Sharma,5,24,21,1,2,114.29
2011,S Sohal,10,249,191,25,10,130.37
2011,Z Khan,2,21,24,2,0,87.5
2011,CA Pujara,3,34,31,4,0,109.68
2011,JJ van der Wath,3,18,16,1,1,112.5
2011,R Ninan,1,3,6,0,0,50.0
2011,DL Vettori,4,23,28,1,1,82.14
2011,S Aravind,2,13,8,2,0,162.5
2011,SR Watson,11,330,253,31,17,130.43
2011,MEK Hussey,14,492,414,53,6,118.84
2011,MS Gony,2,0,2,0,0,0.0
2011,MS Wade,3,22,33,0,0,66.67
2011,JR Hopes,8,196,158,22,3,124.05
2011,FY Fazal,2,19,19,3,0,100.0
2011,AS Raut,4,60,58,5,1,103.45
2011,SK Warne,4,10,20,1,0,50.0
2011,A Singh,2,1,4,0,0,25.0
2011,SW Tait,2,10,10,1,0,100.0
2011,SK Trivedi,1,0,2,0,0,0.0
2011,CL White,6,104,109,6,2,95.41
2011,Y Nagar,10,111,100,6,6,111.0
2011,TD Paine,2,10,26,0,0,38.46
2011,M Kartik,2,12,15,1,0,80.0
2011,SB Wagh,2,2,3,0,0,66.67
2011,AC Thomas,2,1,4,0,0,25.0
2011,JEC Franklin,5,107,78,10,2,137.18
2011,A Symonds,9,135,138,9,3,97.83
2011,KM Jadhav,4,18,23,1,0,78.26
2011,RR Powar,3,11,13,0,0,84.62
2011,Shakib Al Hasan,3,29,22,4,0,131.82
2011,B Lee,4,5,9,0,0,55.56
2011,L Balaji,2,4,2,0,0,200.0
2011,SA Asnodkar,1,9,9,1,0,100.0
2011,STR Binny,2,37,31,2,1,119.35
2011,DH Yagnik,4,16,22,1,0,72.73
2011,R Sathish,3,25,34,1,0,73.53
2011,KA Pollard,12,146,133,12,6,109.77
2011,R Ashwin,2,2,6,0,0,33.33
2011,Joginder Sharma,1,0,1,0,0,0.0
2011,S Randiv,1,2,4,0,0,50.0
2011,DE Bollinger,1,0,1,0,0,0.0
2011,BJ Haddin,1,18,11,2,1,163.64
2011,CH Gayle,12,608,332,57,44,183.13
2011,DJ Hussey,8,64,63,3,3,101.59
2011,RJ Harris,7,31,39,3,0,79.49
2011,NLTC Perera,2,23,27,4,0,85.19
2011,M Muralitharan,1,5,8,0,0,62.5
2011,MK Pandey,9,246,227,28,6,108.37
2011,NL McCullum,2,26,22,0,1,118.18
2011,JE Taylor,2,3,3,0,0,100.0
2011,A Mithun,4,27,20,3,1,135.0
2011,J Syed Mohammad,2,15,12,2,0,125.0
2011,MR Marsh,3,50,49,2,3,102.04
2011,SP Goswami,4,29,29,5,0,100.0
2011,RN ten Doeschate,3,107,73,9,5,146.58
2011,TR Birt,5,75,58,9,2,129.31
2011,Harbhajan Singh,8,103,71,9,6,145.07
2011,SL Malinga,2,8,9,0,1,88.89
2011,AG Murtaza,1,2,5,0,0,40.0
2011,M Kaif,4,41,33,5,0,124.24
2011,Harpreet Singh,2,14,20,0,0,70.0
2011,M Klinger,4,73,77,9,0,94.81
2011,B Akhil,1,13,9,0,1,144.44
2011,Bipul Sharma,3,23,18,1,0,127.78
2011,AC Blizzard,6,120,87,21,2,137.93
2011,TL Suman,6,65,51,5,5,127.45
2011,AA Jhunjhunwala,2,10,18,2,0,55.56
2011,MV Boucher,2,6,6,0,0,100.0
2011,I Malhotra,1,7,4,1,0,175.0
2011,L Ablish,1,0,2,0,0,0.0
2011,CA Ingram,3,21,26,2,0,80.77
2011,AB Agarkar,1,7,6,1,0,116.67
2011,S Nadeem,1,0,1,0,0,0.0
2011,P Parameswaran,1,1,1,0,0,100.0
2011,Mandeep Singh,5,47,41,4,1,114.63
2011,SD Chitnis,1,9,9,1,0,100.0
2011,SJ Srivastava,2,4,3,0,0,133.33
2011,CJ Ferguson,4,48,54,6,0,88.89
2011,SC Ganguly,3,50,59,3,2,84.75
2011,DS Kulkarni,1,2,4,0,0,50.0
2011,MM Patel,1,0,1,0,0,0.0
2011,AB McDonald,1,8,7,0,0,114.29
2011,OA Shah,2,26,15,1,2,173.33
2011,LA Pomersbach,4,51,39,4,2,130.77
2011,KB Arun Karthik,2,7,8,1,0,87.5
2011,MJ Lumb,1,0,2,0,0,0.0
2011,S Sriram,1,4,7,0,0,57.14
2011,VR Aaron,1,0,5,0,0,0.0
2011,PR Shah,1,5,5,1,0,100.0
2011,JDP Oram,1,0,3,0,0,0.0
2011,AA Chavan,1,1,3,0,0,33.33
2011,ND Doshi,1,0,13,0,0,0.0
2011,B Kumar,1,1,1,0,0,100.0
2011,CK Langeveldt,1,8,8,0,1,100.0
2011,WP Saha,2,68,63,2,4,107.94
2011,Y Gnaneswara Rao,1,19,17,3,0,111.76
2011,S Rana,1,18,16,2,0,112.5
2011,BA Bhatt,1,0,5,0,0,0.0
2011,DJ Bravo,2,11,6,1,1,183.33
2011,AN Ahmed,1,18,13,1,1,138.46
2012,F du Plessis,12,398,304,29,17,130.92
2012,M Vijay,13,336,267,39,10,125.84
2012,SK Raina,18,441,325,36,19,135.69
2012,DJ Bravo,16,371,264,20,20,140.53
2012,JA Morkel,12,107,68,5,6,157.35
2012,S Badrinath,9,196,181,23,2,108.29
2012,MS Dhoni,17,358,278,26,9,128.78
2012,RA Jadeja,14,191,151,13,9,126.49
2012,R Ashwin,5,18,15,2,0,120.0
2012,SB Jakati,2,7,12,0,0,58.33
2012,DE Bollinger,1,3,5,0,0,60.0
2012,RE Levi,6,83,73,10,4,113.7
2012,SR Tendulkar,13,324,283,39,4,114.49
2012,RG Sharma,16,433,342,39,18,126.61
2012,AT Rayudu,15,333,252,21,14,132.14
2012,JEC Franklin,11,220,223,15,7,98.65
2012,BB McCullum,12,289,283,37,3,102.12
2012,JH Kallis,17,409,384,34,10,106.51
2012,G Gambhir,17,590,411,64,17,143.55
2012,MK Tiwary,15,260,246,21,3,105.69
2012,YK Pathan,16,194,169,10,7,114.79
2012,DB Das,10,126,93,9,6,135.48
2012,LR Shukla,7,75,57,4,5,131.58
2012,R Bhatia,6,35,28,4,0,125.0
2012,B Lee,3,42,20,2,4,210.0
2012,Iqbal Abdulla,2,2,3,0,0,66.67
2012,AJ Finch,2,55,51,8,0,107.84
2012,V Sehwag,16,495,307,57,19,161.24
2012,IK Pathan,12,176,126,14,6,139.68
2012,GJ Maxwell,2,6,11,0,0,54.55
2012,MK Pandey,9,143,112,12,6,127.68
2012,WD Parnell,5,19,27,2,0,70.37
2012,SC Ganguly,15,268,271,30,4,98.89
2012,RV Uthappa,16,405,343,38,10,118.08
2012,CJ Ferguson,4,50,63,3,0,79.37
2012,SPD Smith,14,362,267,24,14,135.58
2012,MN Samuels,8,124,123,7,5,100.81
2012,B Kumar,8,40,40,4,0,100.0
2012,M Kartik,3,26,21,1,1,123.81
2012,KD Karthik,14,238,213,30,2,111.74
2012,SA Yadav,1,0,4,0,0,0.0
2012,KA Pollard,11,220,159,15,14,138.36
2012,Harbhajan Singh,11,108,80,14,3,135.0
2012,SL Malinga,6,55,53,4,3,103.77
2012,PP Ojha,3,4,14,0,0,28.57
2012,MM Patel,2,2,7,0,0,28.57
2012,R Dravid,16,462,412,63,4,112.14
2012,AM Rahane,16,560,433,73,10,129.33
2012,AL Menaria,12,220,202,14,8,108.91
2012,BJ Hodge,12,245,175,18,9,140.0
2012,OA Shah,13,340,256,24,16,132.81
2012,KK Cooper,4,38,20,3,3,190.0
2012,AC Gilchrist,7,172,143,21,4,120.28
2012,PC Valthaty,6,30,51,4,0,58.82
2012,SE Marsh,13,336,280,39,7,120.0
2012,AM Nayar,4,45,49,2,1,91.84
2012,Mandeep Singh,16,432,342,53,7,126.32
2012,DJ Hussey,15,396,305,28,17,129.84
2012,Bipul Sharma,4,72,47,6,3,153.19
2012,PP Chawla,12,106,88,9,4,120.45
2012,JP Faulkner,2,14,13,0,0,107.69
2012,P Kumar,7,35,30,2,1,116.67
2012,Harmeet Singh,2,15,7,3,0,214.29
2012,AB McDonald,3,47,35,6,2,134.29
2012,CA Pujara,3,17,22,1,1,77.27
2012,V Kohli,15,364,326,33,10,111.66
2012,AB de Villiers,13,319,198,26,15,161.11
2012,SS Tiwary,11,191,170,9,8,112.35
2012,MA Agarwal,12,225,158,19,15,142.41
2012,DL Vettori,6,31,26,3,1,119.23
2012,R Vinay Kumar,7,68,62,3,2,109.68
2012,HV Patel,3,15,15,1,0,100.0
2012,NV Ojha,16,255,224,21,13,113.84
2012,Y Venugopal Rao,7,132,126,8,5,104.76
2012,Y Nagar,8,153,133,13,3,115.04
2012,DAJ Bracewell,1,12,9,1,0,133.33
2012,M Morkel,3,3,5,0,0,60.0
2012,DJ Harris,4,111,101,11,5,109.9
2012,S Dhawan,15,569,439,58,18,129.61
2012,PA Patel,12,194,165,19,4,117.58
2012,CL White,13,479,320,41,20,149.69
2012,B Chipli,4,37,35,3,2,105.71
2012,DT Christian,7,145,118,8,6,122.88
2012,MS Gony,1,4,8,0,0,50.0
2012,DB Ravi Teja,2,4,4,1,0,100.0
2012,DW Steyn,5,19,21,0,1,90.48
2012,Ankit Sharma,4,18,13,0,2,138.46
2012,SP Goswami,6,69,67,4,1,102.99
2012,SP Narine,2,9,7,2,0,128.57
2012,JD Ryder,11,256,212,23,8,120.75
2012,R Sharma,4,2,11,0,0,18.18
2012,AD Mascarenhas,3,14,16,1,0,87.5
2012,KC Sangakkara,12,200,184,21,4,108.7
2012,A Mishra,5,16,20,1,0,80.0
2012,TL Suman,2,15,19,1,1,78.95
2012,MS Bisla,7,213,160,16,10,133.12
2012,RN ten Doeschate,3,21,21,1,1,100.0
2012,Shakib Al Hasan,7,91,74,6,3,122.97
2012,CH Gayle,14,733,456,46,59,160.75
2012,Z Khan,4,12,17,1,0,70.59
2012,KP Pietersen,8,305,207,22,20,147.34
2012,DPMD Jayawardene,15,335,298,39,3,112.42
2012,J Botha,7,58,54,4,1,107.41
2012,AA Chavan,2,11,8,2,0,137.5
2012,A Singh,1,0,3,0,0,0.0
2012,SK Trivedi,1,5,6,0,0,83.33
2012,GB Hogg,2,15,16,1,0,93.75
2012,RR Bhatkal,1,0,2,0,0,0.0
2012,AD Mathews,8,127,108,5,4,117.59
2012,M Manhas,7,120,96,10,4,125.0
2012,A Nehra,2,11,12,1,0,91.67
2012,AB Dinda,1,2,5,0,0,40.0
2012,JP Duminy,9,244,190,13,11,128.42
2012,AA Jhunjhunwala,3,24,26,1,1,92.31
2012,LRPL Taylor,12,197,171,12,7,115.2
2012,P Dogra,3,15,24,0,0,62.5
2012,BA Bhatt,1,6,2,0,1,300.0
2012,M Kaif,1,14,16,1,0,87.5
2012,S Aravind,1,14,8,3,0,175.0
2012,M Muralitharan,2,6,9,0,0,66.67
2012,DJ Jacobs,1,0,10,0,0,0.0
2012,CJ McKay,1,8,15,0,0,53.33
2012,RP Singh,5,6,12,0,0,50.0
2012,DH Yagnik,3,25,13,5,0,192.31
2012,TM Dilshan,9,285,261,33,5,109.2
2012,DA Warner,8,256,156,28,14,164.1
2012,N Saini,10,140,141,16,0,99.29
2012,DA Miller,6,98,75,6,4,130.67
2012,Azhar Mahmood,10,186,142,16,8,130.99
2012,P Negi,4,36,29,4,1,124.14
2012,NLTC Perera,2,4,9,0,0,44.44
2012,IR Jaggi,3,15,21,0,0,71.43
2012,STR Binny,6,90,67,9,3,134.33
2012,RJ Peterson,5,32,30,3,1,106.67
2012,AC Thomas,2,19,15,1,1,126.67
2012,AC Blizzard,1,0,3,0,0,0.0
2012,WP Saha,1,6,14,0,0,42.86
2012,KMDN Kulasekara,1,5,3,1,0,166.67
2012,A Ashish Reddy,5,35,29,3,1,120.69
2012,V Pratap Singh,1,0,1,0,0,0.0
2012,MEK Hussey,8,261,236,28,8,110.59
2012,BB Samantray,1,2,2,0,0,100.0
2012,MJ Clarke,6,98,94,12,0,104.26
2012,SR Watson,7,255,168,26,14,151.79
2012,AUK Pathan,2,6,7,0,0,85.71
2012,Gurkeerat Singh,4,86,52,12,2,165.38
2012,RJ Harris,2,18,11,1,1,163.64
2012,DR Smith,6,157,98,18,7,160.2
2012,J Syed Mohammad,1,4,1,1,0,400.0
2012,S Nadeem,1,0,2,0,0,0.0
2012,VR Aaron,2,1,3,0,0,33.33
2012,AP Majumdar,4,87,76,7,2,114.47
2012,SD Chitnis,4,66,62,7,1,106.45
2012,PA Reddy,3,73,59,6,2,123.73
2012,J Theron,1,7,6,1,0,116.67
2012,S Anirudha,2,19,7,1,2,271.43
2012,MD Mishra,1,4,4,1,0,100.0
2012,K Upadhyay,1,11,8,0,1,137.5
2012,HH Gibbs,3,81,88,8,2,92.05
2012,P Awana,1,4,5,0,0,80.0
2012,UBT Chand,2,36,34,2,3,105.88
2012,AD Russell,2,47,26,3,3,180.77
2012,UT Yadav,3,2,7,0,0,28.57
2012,A Chandila,1,0,1,0,0,0.0
2012,CA Lynn,1,6,9,1,0,66.67
2012,Harpreet Singh,1,6,6,0,0,100.0
2012,AG Murtaza,1,3,5,0,0,60.0
2012,P Parameswaran,1,0,1,0,0,0.0
2012,DS Kulkarni,1,10,5,2,0,200.0
2012,Sunny Gupta,1,0,1,0,0,0.0
2013,UBT Chand,9,158,158,17,4,100.0
2013,DPMD Jayawardene,15,331,313,39,6,105.75
2013,DA Warner,16,410,324,41,14,126.54
2013,MC Juneja,7,125,128,11,1,97.66
2013,NV Ojha,2,9,10,1,0,90.0
2013,J Botha,6,43,52,5,1,82.69
2013,IK Pathan,13,153,156,10,4,98.08
2013,AD Russell,2,11,14,0,0,78.57
2013,S Nadeem,6,14,27,1,0,51.85
2013,A Nehra,4,1,8,0,0,12.5
2013,MS Bisla,14,255,236,36,6,108.05
2013,G Gambhir,15,406,343,51,5,118.37
2013,JH Kallis,15,311,322,35,3,96.58
2013,MK Tiwary,9,146,140,12,1,104.29
2013,EJG Morgan,13,307,240,28,13,127.92
2013,YK Pathan,16,332,240,30,15,138.33
2013,CH Gayle,16,720,459,57,52,156.86
2013,TM Dilshan,5,76,93,12,0,81.72
2013,V Kohli,16,639,459,65,22,139.22
2013,MA Agarwal,5,67,62,6,3,108.06
2013,DT Christian,2,6,15,0,0,40.0
2013,KK Nair,2,9,12,0,0,75.0
2013,KB Arun Karthik,5,41,38,3,1,107.89
2013,RT Ponting,5,52,75,3,1,69.33
2013,SR Tendulkar,14,287,231,39,5,124.24
2013,KD Karthik,19,510,411,54,14,124.09
2013,RG Sharma,19,538,409,35,28,131.54
2013,AT Rayudu,15,265,231,22,4,114.72
2013,Harbhajan Singh,13,116,79,12,5,146.84
2013,KA Pollard,18,420,281,27,29,149.47
2013,PA Reddy,7,91,101,9,0,90.1
2013,PA Patel,13,294,255,37,4,115.29
2013,KC Sangakkara,9,120,136,13,0,88.24
2013,CL White,13,226,196,18,9,115.31
2013,NLTC Perera,14,235,165,12,14,142.42
2013,GH Vihari,17,241,278,17,1,86.69
2013,A Ashish Reddy,10,125,89,8,5,140.45
2013,DB Ravi Teja,2,14,17,0,0,82.35
2013,RV Uthappa,16,434,371,42,12,116.98
2013,MK Pandey,7,136,137,11,3,99.27
2013,MN Samuels,2,8,18,1,0,44.44
2013,Yuvraj Singh,13,238,190,14,15,125.26
2013,LRPL Taylor,5,63,76,2,1,82.89
2013,AM Nayar,9,66,73,5,0,90.41
2013,MR Marsh,8,140,106,6,10,132.08
2013,AD Mathews,10,172,139,5,10,123.74
2013,B Kumar,9,52,71,3,1,73.24
2013,R Sharma,6,11,17,1,0,64.71
2013,AB Dinda,5,9,11,1,0,81.82
2013,MDKJ Perera,2,14,13,3,0,107.69
2013,AM Rahane,18,488,458,42,11,106.55
2013,R Dravid,17,471,425,64,5,110.82
2013,STR Binny,16,293,199,25,12,147.24
2013,BJ Hodge,14,293,218,27,9,134.4
2013,AL Menaria,1,1,2,0,0,50.0
2013,KK Cooper,5,39,22,4,2,177.27
2013,R Shukla,1,1,2,0,0,50.0
2013,DR Smith,13,418,341,40,19,122.58
2013,MEK Hussey,17,733,566,81,17,129.51
2013,M Vijay,15,312,286,27,8,109.09
2013,SK Raina,17,548,365,50,18,150.14
2013,DJ Bravo,12,121,106,11,3,114.15
2013,S Badrinath,7,124,121,11,0,102.48
2013,MS Dhoni,16,461,283,32,25,162.9
2013,RA Jadeja,14,201,135,17,6,148.89
2013,R Ashwin,5,35,49,4,0,71.43
2013,B Laughlin,2,4,9,0,0,44.44
2013,AS Rajpoot,1,2,6,0,0,33.33
2013,TL Suman,5,52,58,8,0,89.66
2013,AC Gilchrist,13,294,229,41,6,128.38
2013,Mandeep Singh,14,260,223,36,0,116.59
2013,M Vohra,10,161,117,22,2,137.61
2013,DJ Hussey,11,235,209,20,6,112.44
2013,MC Henriques,9,165,125,20,3,132.0
2013,R Vinay Kumar,5,70,44,6,3,159.09
2013,M Kartik,2,2,3,0,0,66.67
2013,JD Unadkat,2,2,2,0,0,100.0
2013,DW Steyn,8,53,36,5,2,147.22
2013,SR Watson,16,543,380,59,22,142.89
2013,DH Yagnik,9,125,96,17,2,130.21
2013,S Sreesanth,2,1,4,0,0,25.0
2013,LR Shukla,2,3,12,0,0,25.0
2013,R Bhatia,10,99,80,8,3,123.75
2013,B Lee,2,21,12,1,2,175.0
2013,Mohammed Shami,1,5,10,0,0,50.0
2013,SP Narine,6,21,19,0,2,110.53
2013,BMAJ Mendis,3,23,27,0,0,85.19
2013,KM Jadhav,10,152,124,8,5,122.58
2013,M Morkel,6,57,29,6,3,196.55
2013,UT Yadav,7,38,38,3,1,100.0
2013,Gurkeerat Singh,9,108,95,10,3,113.68
2013,Azhar Mahmood,10,196,154,22,5,127.27
2013,R Sathish,8,109,77,9,5,141.56
2013,PP Chawla,10,64,57,5,3,112.28
2013,RJ Harris,2,2,5,0,0,40.0
2013,P Kumar,7,47,39,3,3,120.51
2013,P Awana,4,1,9,0,0,11.11
2013,R McLaren,2,3,6,0,0,50.0
2013,PJ Sangwan,1,4,2,1,0,200.0
2013,AB de Villiers,14,373,223,34,17,167.26
2013,JP Faulkner,9,57,57,5,2,100.0
2013,AJ Finch,14,456,336,54,16,135.71
2013,V Sehwag,13,295,233,41,6,126.61
2013,A Mishra,6,89,96,9,0,92.71
2013,R Rampaul,6,38,37,3,1,102.7
2013,CH Morris,6,14,16,0,0,87.5
2013,KV Sharma,7,85,86,6,2,98.84
2013,SV Samson,10,206,178,19,5,115.73
2013,SPD Smith,7,159,132,15,4,120.45
2013,S Anirudha,1,0,2,0,0,0.0
2013,JA Morkel,3,46,37,2,3,124.32
2013,DA Miller,12,418,254,28,24,164.57
2013,MS Gony,4,45,25,4,3,180.0
2013,DB Das,6,75,74,5,5,101.35
2013,SMSM Senanayake,4,10,17,0,0,58.82
2013,BJ Rohrer,8,193,141,21,5,136.88
2013,KL Rahul,2,20,16,4,0,125.0
2013,AB McDonald,1,0,2,0,0,0.0
2013,J Syed Mohammad,2,10,13,1,0,76.92
2013,Q de Kock,3,6,15,1,0,40.0
2013,BB Samantray,7,123,111,13,2,110.81
2013,R Dhawan,4,21,21,3,0,100.0
2013,MG Johnson,6,39,36,2,2,108.33
2013,SL Malinga,6,9,18,1,0,50.0
2013,PP Ojha,3,2,4,0,0,50.0
2013,AB Agarkar,2,12,16,0,0,75.0
2013,PC Valthaty,1,6,17,0,0,35.29
2013,AD Mascarenhas,1,5,5,0,0,100.0
2013,L Balaji,2,9,10,1,0,90.0
2013,A Chandila,1,4,6,0,0,66.67
2013,SW Tait,1,1,3,0,0,33.33
2013,SK Trivedi,2,3,7,0,0,42.86
2013,SS Tiwary,6,109,106,4,4,102.83
2013,LJ Wright,5,106,60,16,3,176.67
2013,M Manhas,2,13,17,1,0,76.47
2013,AG Murtaza,1,5,4,1,0,125.0
2013,IC Pandey,1,0,2,0,0,0.0
2013,SE Marsh,8,300,249,39,4,120.48
2013,CM Gautam,3,44,34,4,1,129.41
2013,S Dhawan,10,311,253,37,5,122.92
2013,X Thalaivan Sargunam,1,10,17,0,0,58.82
2013,DJG Sammy,9,174,132,11,10,131.82
2013,WP Saha,3,70,56,6,4,125.0
2013,BB McCullum,1,6,7,1,0,85.71
2013,A Mukund,1,19,21,1,0,90.48
2013,OA Shah,2,25,23,2,0,108.7
2013,KW Richardson,2,34,36,2,1,94.44
2013,S Narwal,1,23,15,4,0,153.33
2013,LA Pomersbach,3,58,59,5,1,98.31
2013,BAW Mendis,1,2,4,0,0,50.0
2013,CA Pujara,4,92,99,14,0,92.93
2013,MM Sharma,2,0,5,0,0,0.0
2013,Iqbal Abdulla,2,8,14,0,0,57.14
2013,RN ten Doeschate,4,85,63,9,2,134.92
2013,UA Birla,1,7,14,1,0,50.0
2013,M Rawat,1,5,11,0,0,45.45
2013,WD Parnell,1,5,7,0,0,71.43
2013,Parvez Rasool,2,5,9,0,0,55.56
2013,K Upadhyay,1,1,1,0,0,100.0
2013,GJ Maxwell,3,36,27,1,4,133.33
2013,Harmeet Singh,1,3,4,0,0,75.0
2013,Sandeep Sharma,1,0,1,0,0,0.0
2013,A Mithun,1,2,2,0,0,100.0
2013,RE van der Merwe,2,22,25,2,0,88.0
2013,S Kaul,1,7,9,0,0,77.78
2013,AP Tare,5,123,84,14,5,146.43
2013,Sachin Baby,1,3,7,0,0,42.86
2013,PV Tambe,1,3,6,0,0,50.0
2013,NM Coulter-Nile,1,9,6,0,1,150.0
2013,RV Gomez,1,4,1,1,0,400.0
2013,B Chipli,1,16,18,1,1,88.89
2013,P Dogra,1,5,8,0,0,62.5
2014,G Gambhir,16,335,293,36,4,114.33
2014,JH Kallis,7,151,129,13,4,117.05
2014,MK Pandey,16,409,343,35,11,119.24
2014,RV Uthappa,16,660,479,74,18,137.79
2014,YK Pathan,12,268,165,15,20,162.42
2014,Shakib Al Hasan,11,229,154,22,7,148.7
2014,SA Yadav,10,164,118,16,5,138.98
2014,MEK Hussey,9,209,182,17,7,114.84
2014,AP Tare,11,126,98,16,3,128.57
2014,AT Rayudu,14,361,287,31,8,125.78
2014,RG Sharma,15,390,302,31,16,129.14
2014,KA Pollard,15,273,203,15,15,134.48
2014,CJ Anderson,11,265,181,21,15,146.41
2014,Harbhajan Singh,7,28,25,2,2,112.0
2014,CM Gautam,9,121,111,13,5,109.01
2014,MA Agarwal,8,115,91,12,3,126.37
2014,M Vijay,11,207,192,20,5,107.81
2014,KD Karthik,14,325,258,28,11,125.97
2014,MK Tiwary,8,152,118,14,4,128.81
2014,JP Duminy,14,410,305,22,20,134.43
2014,LRPL Taylor,4,59,59,6,0,100.0
2014,PA Patel,12,205,185,30,1,110.81
2014,NJ Maddinson,2,16,14,3,0,114.29
2014,V Kohli,14,359,294,23,16,122.11
2014,Yuvraj Singh,14,376,278,22,28,135.25
2014,DR Smith,16,566,416,50,34,136.06
2014,BB McCullum,14,405,333,32,19,121.62
2014,SK Raina,16,523,359,51,19,145.68
2014,MS Dhoni,15,371,250,22,20,148.4
2014,DJ Bravo,1,8,3,0,1,266.67
2014,CA Pujara,6,125,124,17,0,100.81
2014,V Sehwag,17,455,315,56,18,144.44
2014,GJ Maxwell,16,552,294,48,36,187.76
2014,AR Patel,7,62,60,6,1,103.33
2014,DA Miller,16,446,299,34,21,149.16
2014,GJ Bailey,16,257,190,19,10,135.26
2014,AJ Finch,13,309,263,31,9,117.49
2014,DA Warner,14,528,375,39,24,140.8
2014,S Dhawan,14,377,319,49,7,118.18
2014,KL Rahul,8,166,164,12,3,101.22
2014,DJG Sammy,9,108,91,4,8,118.68
2014,Y Venugopal Rao,5,71,63,8,0,112.7
2014,KV Sharma,8,42,29,1,3,144.83
2014,AM Nayar,4,43,47,5,1,91.49
2014,SV Samson,13,339,273,25,17,124.18
2014,AM Rahane,12,339,291,38,3,116.49
2014,SR Watson,13,246,199,20,14,123.62
2014,STR Binny,11,123,121,4,5,101.65
2014,BJ Hodge,4,101,72,4,6,140.28
2014,R Bhatia,7,67,53,4,3,126.42
2014,JP Faulkner,12,181,94,8,16,192.55
2014,Z Khan,3,8,7,0,1,114.29
2014,SL Malinga,1,2,4,0,0,50.0
2014,PP Ojha,3,4,8,0,0,50.0
2014,JJ Bumrah,2,1,3,0,0,33.33
2014,AB de Villiers,13,395,249,26,24,158.63
2014,JDS Neesham,3,42,46,3,1,91.3
2014,SPD Smith,7,152,113,13,4,134.51
2014,WP Saha,13,362,249,33,18,145.38
2014,F du Plessis,12,303,235,26,7,128.94
2014,RA Jadeja,10,146,110,9,5,132.73
2014,M Manhas,5,35,23,3,1,152.17
2014,R Ashwin,5,45,45,4,0,100.0
2014,S Nadeem,3,7,19,0,0,36.84
2014,Mohammed Shami,4,3,7,0,0,42.86
2014,JD Unadkat,2,1,6,0,0,16.67
2014,MG Johnson,8,56,50,4,3,112.0
2014,IK Pathan,6,55,54,5,0,101.85
2014,DW Steyn,3,22,26,1,0,84.62
2014,A Mishra,2,4,7,0,0,57.14
2014,B Kumar,2,1,4,0,0,25.0
2014,TG Southee,1,4,4,1,0,100.0
2014,DS Kulkarni,2,35,25,1,2,140.0
2014,PV Tambe,2,5,9,0,0,55.56
2014,CA Lynn,2,58,49,5,3,118.37
2014,R Vinay Kumar,2,4,6,0,0,66.67
2014,YV Takawale,5,104,91,17,1,114.29
2014,JA Morkel,5,45,41,1,3,109.76
2014,Q de Kock,7,153,130,19,4,117.69
2014,KP Pietersen,11,294,233,34,7,126.18
2014,S Rana,7,73,65,7,1,112.31
2014,MA Starc,8,85,84,9,0,101.19
2014,R Rampaul,1,13,13,0,1,100.0
2014,AB Dinda,3,4,12,0,0,33.33
2014,KK Nair,11,330,232,38,9,142.24
2014,R Dhawan,6,82,75,8,1,109.33
2014,L Balaji,2,1,3,0,0,33.33
2014,Sandeep Sharma,1,2,5,0,0,40.0
2014,PP Chawla,5,31,19,4,1,163.16
2014,SP Narine,4,10,14,0,0,71.43
2014,UT Yadav,1,2,4,0,0,50.0
2014,M Morkel,1,4,3,0,0,133.33
2014,KM Jadhav,10,149,101,13,7,147.52
2014,CH Gayle,9,196,184,18,12,106.52
2014,VR Aaron,3,35,34,2,1,102.94
2014,MS Bisla,1,3,9,0,0,33.33
2014,NV Ojha,10,232,161,14,17,144.1
2014,BR Dunk,3,40,35,7,0,114.29
2014,AD Russell,2,2,8,0,0,25.0
2014,RR Rossouw,3,39,41,2,2,95.12
2014,HV Patel,3,13,7,1,1,185.71
2014,RN ten Doeschate,6,52,33,3,4,157.58
2014,LR Shukla,3,31,38,2,1,81.58
2014,Mandeep Singh,3,24,26,2,0,92.31
2014,MC Henriques,2,9,14,1,0,64.29
2014,KW Richardson,1,1,2,0,0,50.0
2014,Shivam Sharma,2,5,3,1,0,166.67
2014,YS Chahal,1,1,1,0,0,100.0
2014,R Shukla,3,18,21,2,0,85.71
2014,LMP Simmons,8,394,291,43,14,135.4
2014,VH Zol,2,29,26,3,1,111.54
2014,Ankit Sharma,2,34,30,4,1,113.33
2014,DH Yagnik,1,4,6,0,0,66.67
2014,M Vohra,8,324,233,27,16,139.06
2014,KK Cooper,3,39,26,2,3,150.0
2014,BCJ Cutting,1,8,6,0,1,133.33
2014,Imran Tahir,2,8,10,2,0,80.0
2014,S Kaul,1,2,2,0,0,100.0
2014,DJ Hussey,4,116,94,8,6,123.4
2014,AN Ahmed,1,4,1,1,0,400.0
2014,UBT Chand,1,2,9,0,0,22.22
2014,WD Parnell,1,2,2,0,0,100.0
2014,SE Marsh,2,70,52,7,3,134.62
2014,BE Hendricks,1,0,1,0,0,0.0
2014,S Gopal,1,11,10,1,0,110.0
2014,M de Lange,1,1,2,0,0,50.0
2014,R Tewatia,1,16,13,0,1,123.08
2014,VS Malik,1,1,2,0,0,50.0
2014,S Anirudha,1,3,5,0,0,60.0
2014,JO Holder,1,16,12,2,1,133.33
2014,Karanveer Singh,1,1,1,0,0,100.0
2014,P Kumar,1,1,2,0,0,50.0
2014,MM Sharma,1,1,3,0,0,33.33
2015,RG Sharma,16,482,333,41,21,144.74
2015,AJ Finch,3,23,33,4,0,69.7
2015,AP Tare,2,14,17,1,0,82.35
2015,AT Rayudu,14,281,193,18,16,145.6
2015,CJ Anderson,4,114,97,11,6,117.53
2015,RV Uthappa,13,364,277,42,7,131.41
2015,G Gambhir,13,327,278,41,4,117.63
2015,MK Pandey,12,225,184,22,7,122.28
2015,SA Yadav,13,157,113,12,8,138.94
2015,YK Pathan,12,312,231,29,12,135.06
2015,DR Smith,16,399,335,52,16,119.1
2015,BB McCullum,14,436,280,51,23,155.71
2015,SK Raina,17,374,305,31,16,122.62
2015,F du Plessis,15,380,304,37,5,125.0
2015,RA Jadeja,11,132,126,7,3,104.76
2015,MS Dhoni,17,372,305,27,17,121.97
2015,DJ Bravo,13,195,148,22,5,131.76
2015,R Ashwin,6,52,32,6,1,162.5
2015,MM Sharma,5,28,18,1,2,155.56
2015,MA Agarwal,10,213,177,23,7,120.34
2015,CM Gautam,1,4,5,0,0,80.0
2015,JA Morkel,3,86,65,9,2,132.31
2015,SS Iyer,14,439,342,41,21,128.36
2015,KM Jadhav,12,189,140,16,7,135.0
2015,Yuvraj Singh,13,248,210,23,10,118.1
2015,JP Duminy,13,414,315,27,20,131.43
2015,NM Coulter-Nile,5,20,18,2,1,111.11
2015,A Mishra,4,8,12,0,0,66.67
2015,Imran Tahir,2,5,6,0,0,83.33
2015,AM Rahane,13,540,413,53,13,130.75
2015,SV Samson,11,204,163,16,8,125.15
2015,SPD Smith,12,298,223,34,3,133.63
2015,KK Nair,12,181,145,18,5,124.83
2015,STR Binny,8,74,66,7,1,112.12
2015,JP Faulkner,11,144,110,12,5,130.91
2015,DJ Hooda,9,151,95,6,11,158.95
2015,CH Morris,7,76,46,3,5,165.22
2015,V Sehwag,8,99,84,12,3,117.86
2015,WP Saha,13,249,197,16,10,126.4
2015,M Vijay,11,251,228,27,8,110.09
2015,GJ Maxwell,11,146,113,13,8,129.2
2015,AR Patel,12,206,174,13,8,118.39
2015,DA Miller,13,357,267,21,21,133.71
2015,GJ Bailey,12,259,190,22,7,136.32
2015,MG Johnson,8,31,36,1,1,86.11
2015,Anureet Singh,6,18,31,0,1,58.06
2015,Karanveer Singh,3,11,16,1,0,68.75
2015,DA Warner,14,562,359,65,21,156.55
2015,S Dhawan,14,353,286,45,6,123.43
2015,KL Rahul,8,142,126,8,5,112.7
2015,NV Ojha,11,137,121,12,4,113.22
2015,RS Bopara,8,145,120,6,6,120.83
2015,KS Williamson,2,31,27,1,1,114.81
2015,KV Sharma,9,104,85,3,6,122.35
2015,Parvez Rasool,1,2,2,0,0,100.0
2015,AD Russell,11,326,169,35,19,192.9
2015,Shakib Al Hasan,3,36,27,5,0,133.33
2015,CH Gayle,14,491,333,39,38,147.45
2015,V Kohli,16,505,386,35,23,130.83
2015,KD Karthik,11,141,117,15,4,120.51
2015,Mandeep Singh,8,157,100,17,6,157.0
2015,AB de Villiers,14,513,293,60,22,175.09
2015,DJG Sammy,2,13,18,0,0,72.22
2015,SA Abbott,2,15,13,1,1,115.38
2015,HV Patel,6,19,12,0,2,158.33
2015,AN Ahmed,3,10,5,2,0,200.0
2015,AD Mathews,10,144,104,12,6,138.46
2015,TG Southee,2,13,9,1,0,144.44
2015,R Dhawan,4,36,33,2,2,109.09
2015,KA Pollard,14,419,256,28,28,163.67
2015,J Suchith,5,48,32,4,2,150.0
2015,Harbhajan Singh,9,117,73,9,9,160.27
2015,VR Aaron,1,6,3,0,1,200.0
2015,YS Chahal,1,1,1,0,0,100.0
2015,PA Patel,14,339,246,47,5,137.8
2015,UBT Chand,5,102,83,13,2,122.89
2015,S Gopal,1,1,1,0,0,100.0
2015,P Negi,9,116,73,10,5,158.9
2015,A Nehra,4,1,7,0,0,14.29
2015,RG More,1,2,2,0,0,100.0
2015,EJG Morgan,9,187,151,11,11,123.84
2015,A Ashish Reddy,5,73,46,3,5,158.7
2015,LMP Simmons,13,540,441,56,21,122.45
2015,R Vinay Kumar,2,0,2,0,0,0.0
2015,P Kumar,4,17,25,1,0,68.0
2015,NLTC Perera,2,12,15,0,1,80.0
2015,Gurkeerat Singh,5,35,39,3,1,89.74
2015,RN ten Doeschate,5,61,45,4,3,135.56
2015,PP Chawla,7,54,47,5,2,114.89
2015,SR Watson,9,347,258,37,14,134.5
2015,HH Pandya,8,112,62,9,8,180.65
2015,MS Bisla,2,37,30,6,1,123.33
2015,RR Rossouw,2,14,10,1,1,140.0
2015,D Wiese,7,122,86,12,4,141.86
2015,Iqbal Abdulla,2,20,18,4,0,111.11
2015,MK Tiwary,2,57,56,8,1,101.79
2015,SE Marsh,4,93,63,10,3,147.62
2015,MC Henriques,9,287,211,19,13,136.02
2015,SN Khan,7,111,71,12,2,156.34
2015,MA Starc,3,11,14,1,0,78.57
2015,MJ McClenaghan,3,13,6,0,2,216.67
2015,SL Malinga,1,6,10,1,0,60.0
2015,DS Kulkarni,2,4,11,0,0,36.36
2015,PV Tambe,2,3,5,0,0,60.0
2015,GH Vihari,4,39,35,6,0,111.43
2015,DW Steyn,3,20,13,3,0,153.85
2015,B Kumar,3,17,10,2,1,170.0
2015,Sandeep Sharma,3,9,14,1,0,64.29
2015,S Nadeem,1,2,7,0,0,28.57
2015,DJ Muthuswami,1,1,3,0,0,33.33
2015,M Vohra,7,82,81,4,5,101.23
2015,J Botha,3,31,15,5,1,206.67
2015,SS Tiwary,6,109,78,9,5,139.74
2015,PJ Cummins,1,0,2,0,0,0.0
2015,UT Yadav,3,29,14,5,1,207.14
2015,GB Hogg,2,7,6,0,0,116.67
2015,SN Thakur,1,7,6,1,0,116.67
2015,J Theron,1,1,1,0,0,100.0
2015,NJ Maddinson,1,4,7,1,0,57.14
2015,Bipul Sharma,1,1,2,0,0,50.0
2015,SP Narine,1,0,1,0,0,0.0
2015,Q de Kock,3,122,77,18,4,158.44
2015,R Bhatia,1,0,1,0,0,0.0
2015,Ankit Sharma,2,7,6,1,0,116.67
2015,BE Hendricks,1,1,2,0,0,50.0
2015,MEK Hussey,4,77,70,5,3,110.0
2015,Azhar Mahmood,1,6,7,1,0,85.71
2015,M Morkel,1,4,3,0,0,133.33
2015,S Aravind,1,0,1,0,0,0.0
2016,LMP Simmons,1,8,8,0,1,100.0
2016,RG Sharma,14,489,368,49,17,132.88
2016,HH Pandya,9,44,63,4,0,69.84
2016,JC Buttler,14,255,184,23,11,138.59
2016,AT Rayudu,12,334,278,28,12,120.14
2016,KA Pollard,12,207,144,11,16,143.75
2016,S Gopal,1,2,16,0,0,12.5
2016,Harbhajan Singh,7,92,84,11,2,109.52
2016,R Vinay Kumar,2,13,12,0,1,108.33
2016,MJ McClenaghan,4,34,23,2,3,147.83
2016,AM Rahane,14,480,379,54,9,126.65
2016,F du Plessis,6,206,162,17,9,127.16
2016,KP Pietersen,4,73,61,4,3,119.67
2016,MA Agarwal,3,27,25,3,1,108.0
2016,Q de Kock,13,445,327,52,13,136.09
2016,SS Iyer,6,30,43,2,1,69.77
2016,KK Nair,12,357,297,40,6,120.2
2016,SV Samson,14,291,259,20,8,112.36
2016,P Negi,6,57,59,2,3,96.61
2016,CR Brathwaite,6,83,38,6,8,218.42
2016,CH Morris,7,195,109,15,12,178.9
2016,NM Coulter-Nile,2,9,14,1,0,64.29
2016,A Mishra,2,4,14,0,0,28.57
2016,Z Khan,2,6,13,1,0,46.15
2016,RV Uthappa,15,394,289,45,8,136.33
2016,G Gambhir,15,501,411,54,6,121.9
2016,MK Pandey,11,248,183,17,9,135.52
2016,M Vijay,14,453,364,50,10,124.45
2016,M Vohra,7,161,131,19,3,122.9
2016,DA Miller,13,161,131,11,4,122.9
2016,GJ Maxwell,10,179,124,14,8,144.35
2016,WP Saha,12,270,212,29,1,127.36
2016,MP Stoinis,5,146,108,13,4,135.19
2016,AR Patel,10,111,77,4,8,144.16
2016,AJ Finch,12,393,299,45,11,131.44
2016,BB McCullum,16,354,262,38,16,135.11
2016,SK Raina,15,399,312,39,10,127.88
2016,KD Karthik,15,335,266,38,3,125.94
2016,RA Jadeja,15,191,177,14,4,107.91
2016,Ishan Kishan,5,42,41,5,0,102.44
2016,DJ Bravo,12,99,82,11,1,120.73
2016,CH Gayle,10,227,150,17,21,151.33
2016,V Kohli,16,973,640,84,38,152.03
2016,AB de Villiers,16,687,407,57,37,168.8
2016,SR Watson,15,179,134,14,12,133.58
2016,KM Jadhav,3,42,32,2,2,131.25
2016,SN Khan,4,66,31,7,4,212.9
2016,DA Warner,17,848,560,88,31,151.43
2016,S Dhawan,17,501,429,51,8,116.78
2016,MC Henriques,15,182,158,15,6,115.19
2016,NV Ojha,13,136,138,7,5,98.55
2016,DJ Hooda,15,144,121,9,5,119.01
2016,EJG Morgan,6,123,105,8,4,117.14
2016,A Ashish Reddy,3,47,29,2,4,162.07
2016,KV Sharma,3,36,30,3,1,120.0
2016,AD Russell,8,188,114,10,15,164.91
2016,YK Pathan,13,361,248,33,13,145.56
2016,C Munro,3,30,30,3,0,100.0
2016,SA Yadav,11,182,143,18,5,127.27
2016,PA Patel,10,177,152,23,4,116.45
2016,SPD Smith,7,270,176,27,8,153.41
2016,MS Dhoni,12,284,210,18,14,135.24
2016,MR Marsh,1,7,11,0,0,63.64
2016,R Bhatia,5,34,20,1,2,170.0
2016,SE Marsh,6,159,134,13,4,118.66
2016,MG Johnson,2,5,14,0,0,35.71
2016,MM Sharma,5,32,26,3,1,123.08
2016,P Sahu,2,19,13,1,1,146.15
2016,Sandeep Sharma,4,8,9,0,0,88.89
2016,B Kumar,8,43,27,6,1,159.26
2016,KH Pandya,8,237,124,22,13,191.13
2016,TG Southee,4,30,19,1,2,157.89
2016,AD Nath,3,20,27,1,0,74.07
2016,JP Faulkner,5,77,59,7,0,130.51
2016,P Kumar,6,24,26,3,0,92.31
2016,DS Kulkarni,5,27,16,3,0,168.75
2016,NLTC Perera,10,150,93,7,11,161.29
2016,IK Pathan,3,11,13,0,0,84.62
2016,R Ashwin,6,41,38,3,1,107.89
2016,D Wiese,1,5,4,0,0,125.0
2016,JP Duminy,8,191,156,13,3,122.44
2016,MJ Guptill,3,57,55,3,3,103.64
2016,KJ Abbott,3,13,8,0,1,162.5
2016,Shakib Al Hasan,7,114,106,7,5,107.55
2016,KL Rahul,12,397,271,37,16,146.49
2016,TM Head,3,54,40,3,2,135.0
2016,STR Binny,5,63,39,5,4,161.54
2016,KW Richardson,1,1,1,0,0,100.0
2016,DW Steyn,1,1,2,0,0,50.0
2016,Ankit Sharma,1,3,3,0,0,100.0
2016,M Ashwin,1,0,1,0,0,0.0
2016,NS Naik,2,23,31,1,0,74.19
2016,R Dhawan,2,14,6,0,1,233.33
2016,AP Tare,2,8,15,1,0,53.33
2016,DR Smith,12,324,221,35,16,146.61
2016,JA Morkel,1,16,9,0,2,177.78
2016,R Sathish,3,24,24,1,1,100.0
2016,PP Chawla,3,27,26,4,0,103.85
2016,UT Yadav,2,9,5,0,1,180.0
2016,Bipul Sharma,4,51,25,1,5,204.0
2016,RR Pant,10,198,152,19,6,130.26
2016,CA Lynn,2,25,22,0,1,113.64
2016,SS Tiwary,7,170,141,17,4,120.57
2016,SW Billings,4,88,64,4,4,137.5
2016,Mohammed Shami,2,2,4,0,0,50.0
2016,JO Holder,4,22,19,2,1,115.79
2016,SP Narine,3,7,13,0,0,53.85
2016,KS Williamson,6,124,122,14,0,101.64
2016,Sachin Baby,6,119,79,9,5,150.63
2016,Parvez Rasool,1,10,9,1,0,111.11
2016,Gurkeerat Singh,6,113,86,11,3,131.4
2016,KC Cariappa,2,13,11,0,1,118.18
2016,PSP Handscomb,1,6,12,0,0,50.0
2016,Swapnil Singh,1,0,1,0,0,0.0
2016,J Yadav,2,6,10,0,0,60.0
2016,UT Khawaja,6,127,100,14,3,127.0
2016,Yuvraj Singh,10,236,179,22,13,131.84
2016,GJ Bailey,5,84,98,9,2,85.71
2016,HM Amla,6,157,119,20,4,131.93
2016,JJ Bumrah,2,8,11,1,0,72.73
2016,F Behardien,3,14,13,2,0,107.69
2016,BB Sran,3,4,4,0,0,100.0
2016,A Zampa,1,0,1,0,0,0.0
2016,N Rana,3,104,75,7,8,138.67
2016,A Nehra,1,1,1,0,0,100.0
2016,UBT Chand,1,0,4,0,0,0.0
2016,PV Tambe,1,7,19,1,0,36.84
2016,S Kaushik,1,0,1,0,0,0.0
2016,BCJ Cutting,4,65,34,4,6,191.18
2016,S Nadeem,1,1,5,0,0,20.0
2016,Imran Tahir,1,5,7,1,0,71.43
2016,M Morkel,1,1,1,0,0,100.0
2016,ER Dwivedi,2,24,14,2,2,171.43
2016,SB Jakati,1,1,2,0,0,50.0
2016,Iqbal Abdulla,2,37,27,4,1,137.04
2016,CJ Jordan,1,3,4,0,0,75.0
